Grade,Subject,Topic,Description,Resource 1,Resource 2,Resource 3
Grade 1,Science,"External human body parts (head, eyes, nose, mouth, ears, neck, shoulders, arms, hands, fingers, legs, feet, toes)",,,,
Grade 1,Science,"Function and care of the eyes (sense of sight: color, shape, size, distance)",,,,
Grade 1,Science,"Function and care of the ears (sense of hearing: loud, soft, pitch)",,,,
Grade 1,Science,Function and care of the nose (sense of smell: pleasant and unpleasant odors),,,,
Grade 1,Science,"Function and care of the tongue (sense of taste: sweet, sour, salty, bitter, umami)",,,,
Grade 1,Science,"Function and care of the skin (sense of touch: hot, cold, rough, smooth, hard, soft)",,,,
Grade 1,Science,"Personal hygiene practices (handwashing, brushing teeth, bathing, grooming)",,,,
Grade 1,Science,"Healthy habits for body maintenance (proper nutrition, sleep, exercise, hydration)",,,,
Grade 1,Science,Common domestic and wild animals in the local environment,,,,
Grade 1,Science,"External body parts of animals (legs, wings, fins, tails, beaks, claws, fur, feathers, scales)",,,,
Grade 1,Science,"Animal locomotion (walking, flying, swimming, hopping, slithering, crawling)",,,,
Grade 1,Science,"Animal habitats (land, water, air, underground)",,,,
Grade 1,Science,Animal sounds and communication,,,,
Grade 1,Science,"Basic survival needs of animals (food, water, air, shelter)",,,,
Grade 1,Science,"Animal diets (plant-eaters, meat-eaters, both)",,,,
Grade 1,Science,Animal offspring and parent-baby matching,,,,
Grade 1,Science,Animal growth and developmental changes,,,,
Grade 1,Science,"Proper handling, feeding, and care for pets and farm animals",,,,
Grade 1,Science,"Identifying common local plants (trees, shrubs, flowering plants, grasses)",,,,
Grade 1,Science,"Basic plant parts: roots, stem/trunk, leaves, flowers, fruits, seeds",,,,
Grade 1,Science,Functions of basic plant parts,,,,
Grade 1,Science,"Plant diversity (comparing leaf shapes, bark textures, plant sizes, colors)",,,,
Grade 1,Science,"Basic survival needs of plants (sunlight, soil, water, air)",,,,
Grade 1,Science,Seed germination and early growth stages,,,,
Grade 1,Science,Daily plant care and watering,,,,
Grade 1,Science,Importance of plants to humans and animals,,,,
Grade 1,Science,"Distinguishing characteristics of living things (growth, movement, feeding, respiration, reproduction)",,,,
Grade 1,Science,"Characteristics of non-living things (natural vs. man-made, lack of biological processes)",,,,
Grade 1,Science,Sorting and classifying objects as living or non-living,,,,
Grade 1,Science,"Identifying physical properties of matter (color, shape, size, texture, weight, flexibility)",,,,
Grade 1,Science,"Characteristics of solids (definite shape, rigid, can be held)",,,,
Grade 1,Science,"Characteristics of liquids (flows, takes container shape, cannot be held)",,,,
Grade 1,Science,"Characteristics of gases (fills spaces, invisible/visible air, bubbles, steam)",,,,
Grade 1,Science,"Types of materials (wood, plastic, metal, glass, fabric, paper, rubber)",,,,
Grade 1,Science,"Material properties (waterproof, absorbent, transparent, opaque, brittle, flexible)",,,,
Grade 1,Science,Matching everyday objects to their constituent materials,,,,
Grade 1,Science,Sorting matter by single and multiple physical attributes,,,,
Grade 1,Science,Concepts of force: pushing (moving away) vs. pulling (moving closer),,,,
Grade 1,Science,"Effects of force on objects (starting, stopping, speeding up, slowing down, changing direction)",,,,
Grade 1,Science,"Patterns of motion (rolling, sliding, bouncing, spinning, swinging)",,,,
Grade 1,Science,Speed comparison (fast vs. slow movement),,,,
Grade 1,Science,Impact of surfaces and ramps on motion (rough vs. smooth friction),,,,
Grade 1,Science,Basic magnet behavior (magnetic vs. non-magnetic materials),,,,
Grade 1,Science,"Natural light sources (Sun, stars, fire) vs. artificial light sources (bulbs, flashlights, screens)",,,,
Grade 1,Science,Relationship between sunlight and day/night cycles,,,,
Grade 1,Science,Shadow formation and opaque objects,,,,
Grade 1,Science,Factors affecting shadow size and position,,,,
Grade 1,Science,"Natural and artificial sound sources (voices, nature, instruments, machines)",,,,
Grade 1,Science,Sound volume (loud vs. soft) and pitch (high vs. low),,,,
Grade 1,Science,Ear safety around loud noises,,,,
Grade 1,Science,"Temperature perception (hot, warm, cool, cold)",,,,
Grade 1,Science,"Common heat sources (Sun, fire, friction)",,,,
Grade 1,Science,"Identifying daily weather types (sunny, rainy, cloudy, windy, stormy)",,,,
Grade 1,Science,Recording weather using daily symbols or simple charts,,,,
Grade 1,Science,Appropriate clothing and gear for various weather conditions,,,,
Grade 1,Science,"Basic weather safety (thunderstorms, heavy rain, extreme heat)",,,,
Grade 1,Science,"Objects in the day sky (Sun, clouds, rainbows)",,,,
Grade 1,Science,"Objects in the night sky (Moon, stars)",,,,
Grade 1,Science,"Observable phases of the Moon (crescent, half, full)",,,,
Grade 1,Science,"Earth materials: rocks, sand, soil, and bodies of water",,,,
Grade 1,Science,"Sorting rocks by size, color, and texture (pebbles, stones, boulders)",,,,
Grade 1,Science,Soil uses in nature and gardening,,,,
Grade 1,Science,"Sources of fresh and salt water (rain, rivers, lakes, oceans, groundwater)",,,,
Grade 1,Science,Daily uses and conservation of clean water,,,,
Grade 1,Science,Proper waste disposal and basic sorting (biodegradable vs. non-biodegradable),,,,
Grade 1,Science,"Introduction to Reduce, Reuse, and Recycle (3 Rs)",,,,
Grade 1,Science,"Protecting plants, animals, and local environments",,,,
Grade 1,Science,"Using basic scientific tools (hand lens/magnifying glass, balance scale, ruler, dropper)",,,,
Grade 1,Science,Making sensory observations and asking scientific questions,,,,
Grade 1,Science,"Comparing, sorting, and sequencing data",,,,
Grade 1,Science,"Recording scientific findings using simple drawings, tallies, and pictographs",,,,
Grade 1,Science,Basic classroom and outdoor science activity safety,,,,
Grade 1,Math,Rote counting from 1 to 100,,,,
Grade 1,Math,Skip counting by 2s up to 100,,,,
Grade 1,Math,Skip counting by 5s up to 100,,,,
Grade 1,Math,Skip counting by 10s up to 100,,,,
Grade 1,Math,One-to-one correspondence counting with concrete objects,,,,
Grade 1,Math,Reading and writing numbers 0 to 100 in symbols (digits),,,,
Grade 1,Math,Reading and writing number words from zero to twenty (and up to one hundred),,,,
Grade 1,Math,Subitizing small sets of objects (instant recognition up to 10),,,,
Grade 1,Math,Concept of zero as a quantity and placeholder,,,,
Grade 1,Math,"Number relationships: more than, less than, fewer, as many as, equal to",,,,
Grade 1,Math,"Comparing two numbers up to 100 using symbols (>, <, =)",,,,
Grade 1,Math,Ordering numbers up to 100 from least to greatest and greatest to least,,,,
Grade 1,Math,"Identifying the number that comes before, after, and between a given number",,,,
Grade 1,Math,Ordinal numbers from 1st to 10th (first through tenth),,,,
Grade 1,Math,Place value of two-digit numbers (identifying tens and ones),,,,
Grade 1,Math,Composing and decomposing two-digit numbers into tens and ones,,,,
Grade 1,Math,"Expanded form of two-digit numbers (e.g., 45 = 40 + 5)",,,,
Grade 1,Math,Recognizing and representing even and odd numbers up to 20,,,,
Grade 1,Math,Concept of addition as combining sets and putting together,,,,
Grade 1,Math,"Addition symbols and terms (plus sign +, equals sign =, addends, sum)",,,,
Grade 1,Math,Adding single-digit numbers with sums up to 10,,,,
Grade 1,Math,Adding single-digit numbers with sums up to 20,,,,
Grade 1,Math,"Addition strategies (counting on, number lines, using fingers, drawing pictures, ten frames)",,,,
Grade 1,Math,Number bonds / part-part-whole relationships for numbers up to 20,,,,
Grade 1,Math,Making 10 addition strategy,,,,
Grade 1,Math,"Doubles and near-doubles addition facts (e.g., 6+6, 6+7)",,,,
Grade 1,Math,Commutative property of addition (order property: 3 + 4 = 4 + 3),,,,
Grade 1,Math,Identity property of addition (adding zero: 7 + 0 = 7),,,,
Grade 1,Math,"Adding three single-digit numbers (e.g., 2 + 3 + 4)",,,,
Grade 1,Math,"Adding a two-digit number and a one-digit number without regrouping (e.g., 24 + 3)",,,,
Grade 1,Math,"Adding multiples of 10 up to 90 (e.g., 30 + 40)",,,,
Grade 1,Math,"Adding two-digit numbers without regrouping (e.g., 23 + 14)",,,,
Grade 1,Math,"Concept of subtraction as taking away, separating, and finding differences",,,,
Grade 1,Math,"Subtraction symbols and terms (minus sign -, equals sign =, minuend, subtrahend, difference)",,,,
Grade 1,Math,Subtracting single-digit numbers within 10,,,,
Grade 1,Math,Subtracting single-digit numbers from numbers up to 20,,,,
Grade 1,Math,"Subtraction strategies (counting back, counting up, cross-out drawings, number lines)",,,,
Grade 1,Math,Subtracting zero from a number (identity property of subtraction),,,,
Grade 1,Math,"Subtracting a number from itself (e.g., 8 - 8 = 0)",,,,
Grade 1,Math,Relationship between addition and subtraction (inverse operations / fact families),,,,
Grade 1,Math,"Subtracting a one-digit number from a two-digit number without regrouping (e.g., 28 - 5)",,,,
Grade 1,Math,"Subtracting multiples of 10 up to 90 (e.g., 70 - 30)",,,,
Grade 1,Math,"Subtracting two-digit numbers without regrouping (e.g., 47 - 25)",,,,
Grade 1,Math,Solving one-step addition word problems involving real-life situations,,,,
Grade 1,Math,Solving one-step subtraction word problems involving real-life situations,,,,
Grade 1,Math,"Identifying missing addends in basic equations (e.g., 4 + ___ = 9)",,,,
Grade 1,Math,"Identifying 2D shapes (circle, square, triangle, rectangle, oval, diamond/rhombus)",,,,
Grade 1,Math,"Attributes of 2D shapes (number of sides, corners/vertices, straight vs. curved lines)",,,,
Grade 1,Math,"Sorting and classifying 2D shapes by size, color, and geometric properties",,,,
Grade 1,Math,Composing and decomposing 2D shapes using tangrams or pattern blocks,,,,
Grade 1,Math,"Identifying basic 3D shapes (sphere, cube, cylinder, cone, rectangular prism)",,,,
Grade 1,Math,"Attributes of 3D shapes (flat faces, curved surfaces, edges, corners)",,,,
Grade 1,Math,Distinguishing between 2D (flat) and 3D (solid) shapes,,,,
Grade 1,Math,"Spatial sense and positional words (above, below, beside, in front of, behind, between, inside, outside, left, right)",,,,
Grade 1,Math,"Symmetry basics (folding shapes in half, lines of symmetry in simple objects)",,,,
Grade 1,Math,"Repeating patterns using colors, shapes, sounds, and objects (AB, AAB, ABB, ABC)",,,,
Grade 1,Math,Identifying the core rule of a repeating pattern,,,,
Grade 1,Math,Extending and completing repeating patterns,,,,
Grade 1,Math,Creating original repeating patterns,,,,
Grade 1,Math,Growing/increasing patterns with numbers and shapes,,,,
Grade 1,Math,"Non-standard units of length measurement (paperclips, handspans, blocks, popsicle sticks)",,,,
Grade 1,Math,"Comparing lengths directly (longer, shorter, taller, same length)",,,,
Grade 1,Math,Ordering three or more objects by length or height,,,,
Grade 1,Math,Measuring length using a standard ruler (introductory centimeters or inches),,,,
Grade 1,Math,"Non-standard units of mass/weight measurement (balance scales using marbles, blocks)",,,,
Grade 1,Math,"Comparing weights directly (heavier, lighter, same weight)",,,,
Grade 1,Math,"Comparing liquid capacities (holds more, holds less, empty, half-full, full)",,,,
Grade 1,Math,"Telling time to the hour on an analog clock (e.g., 3:00)",,,,
Grade 1,Math,"Telling time to the half-hour on an analog clock (e.g., 3:30)",,,,
Grade 1,Math,Reading digital clock formats to the hour and half-hour,,,,
Grade 1,Math,Distinguishing between day and night routines (a.m. and p.m. conceptual awareness),,,,
Grade 1,Math,Days of the week in chronological sequence,,,,
Grade 1,Math,Months of the year in chronological sequence,,,,
Grade 1,Math,"Reading a simple monthly calendar (days, dates, weeks)",,,,
Grade 1,Math,Comparing elapsed time (longer time vs. shorter time duration),,,,
Grade 1,Math,"Identifying local coins and paper bills by appearance, color, and value",,,,
Grade 1,Math,Comparing the value of different coins and bills,,,,
Grade 1,Math,Counting collections of small-denomination coins,,,,
Grade 1,Math,"Solving simple money-related word problems (buying items, total cost)",,,,
Grade 1,Math,Equal sharing and equal grouping concepts (foundation for multiplication and division),,,,
Grade 1,Math,Fractions: concept of equal parts vs. unequal parts,,,,
Grade 1,Math,Fractions: identifying and showing one-half (1/2) of a whole shape and a set,,,,
Grade 1,Math,Fractions: identifying and showing one-fourth / one-quarter (1/4) of a whole shape and a set,,,,
Grade 1,Math,Collecting and sorting real-world objects into categories,,,,
Grade 1,Math,Recording data using tally marks,,,,
Grade 1,Math,Reading and interpreting simple pictographs with a 1:1 scale,,,,
Grade 1,Math,Constructing simple pictographs using concrete objects and pictures,,,,
Grade 1,Math,Reading and interpreting simple vertical and horizontal bar graphs (1:1 scale),,,,
Grade 1,Math,"Answering basic questions from charts and tables (most, least, how many in all)",,,,
Grade 1,English,"Recognizing and naming uppercase and lowercase letters of the alphabet (A-Z, a-z)",,,,
Grade 1,English,Alphabetical order (arranging letters and simple words from A to Z),,,,
Grade 1,English,Letter-sound correspondence for all 26 letters (phonics),,,,
Grade 1,English,"Distinguishing between vowels (A, E, I, O, U) and consonants",,,,
Grade 1,English,Phonemic awareness: identifying beginning sounds in spoken words,,,,
Grade 1,English,Phonemic awareness: identifying ending sounds in spoken words,,,,
Grade 1,English,Phonemic awareness: identifying middle/medial short vowel sounds in spoken words,,,,
Grade 1,English,"Blending individual sounds to read CVC words (Consonant-Vowel-Consonant: e.g., cat, bed, pig, hot, sun)",,,,
Grade 1,English,Segmenting spoken CVC words into individual phonemes,,,,
Grade 1,English,"Reading word families / rhyming rimes (e.g., -at, -an, -en, -in, -og, -ug)",,,,
Grade 1,English,Recognizing and generating simple rhyming words,,,,
Grade 1,English,"Identifying common consonant digraphs (sh, ch, th, wh, ck)",,,,
Grade 1,English,"Identifying initial and final consonant blends (bl, cl, fl, gl, pl, sl, br, cr, dr, fr, gr, pr, tr, sm, sn, sp, st, sw, -nd, -nt, -st, -mp)",,,,
Grade 1,English,"Introduction to long vowel sounds with silent/magic e (CVCe: e.g., cape, bite, rope, tube)",,,,
Grade 1,English,"High-frequency sight words recognition (Dolch / Fry first grade lists: e.g., the, and, you, said, where, come)",,,,
Grade 1,English,Distinguishing between real words and nonsense words,,,,
Grade 1,English,"Environmental print recognition (signs, labels, logos, common symbols)",,,,
Grade 1,English,"Concepts of print: tracking left-to-right, top-to-bottom, and page-by-page orientation",,,,
Grade 1,English,"Parts of a book: front cover, back cover, title, author, illustrator, table of contents",,,,
Grade 1,English,"Distinguishing between letters, words, and full sentences",,,,
Grade 1,English,Appropriate spacing between words in handwritten sentences,,,,
Grade 1,English,"Common nouns: naming people, places, things, and animals",,,,
Grade 1,English,"Proper nouns: recognizing specific names of people, places, days, and months requiring capitalization",,,,
Grade 1,English,Singular and plural nouns using regular endings (-s and -es),,,,
Grade 1,English,"Irregular plural nouns basics (e.g., child/children, foot/feet, tooth/teeth, mouse/mice)",,,,
Grade 1,English,"Countable vs. non-countable nouns basics (e.g., apples vs. water)",,,,
Grade 1,English,"Gender-specific nouns basics (boy/girl, king/queen, rooster/hen)",,,,
Grade 1,English,"Personal subject pronouns (I, you, he, she, it, we, they)",,,,
Grade 1,English,"Possessive pronouns and adjectives basics (my/mine, your/yours, his, her/hers, their/theirs)",,,,
Grade 1,English,"Demonstrative pronouns (this, that, these, those)",,,,
Grade 1,English,"Action verbs / dynamic words (run, jump, eat, sleep, write, read)",,,,
Grade 1,English,"Simple present tense of verbs (subject-verb agreement: singular subject adds -s/-es, plural does not)",,,,
Grade 1,English,"Introduction to past tense with -ed ending (walked, jumped, played)",,,,
Grade 1,English,"Introduction to present continuous tense with -ing ending (walking, jumping, playing)",,,,
Grade 1,English,"Common linking verbs (is, am, are, was, were)",,,,
Grade 1,English,"Descriptive words / adjectives: color, shape, size, texture, number, feelings",,,,
Grade 1,English,Using sensory adjectives to describe real objects,,,,
Grade 1,English,"Comparative adjectives basics (-er ending: bigger, smaller, faster)",,,,
Grade 1,English,"Opposites / Antonyms (hot/cold, big/small, up/down, fast/slow)",,,,
Grade 1,English,"Synonyms basics (happy/glad, big/large, shut/close)",,,,
Grade 1,English,"Spatial prepositions / position words (in, on, under, over, behind, in front of, beside, next to, between)",,,,
Grade 1,English,"Conjunctions basics: joining words and simple phrases using 'and', 'but', and 'or'",,,,
Grade 1,English,Distinguishing a phrase from a complete sentence,,,,
Grade 1,English,Types of simple sentences: telling sentences / statements (declarative),,,,
Grade 1,English,Types of simple sentences: asking sentences / questions (interrogative),,,,
Grade 1,English,Types of simple sentences: strong feeling / exciting sentences (exclamatory),,,,
Grade 1,English,Types of simple sentences: command / request sentences (imperative),,,,
Grade 1,English,"Capitalization rules: first letter of a sentence, pronoun 'I', proper nouns",,,,
Grade 1,English,"Punctuation marks: period / full stop (.), question mark (?), exclamation point (!)",,,,
Grade 1,English,"Listening comprehension: following 1-step, 2-step, and 3-step oral directions",,,,
Grade 1,English,"Listening comprehension: identifying characters, setting, and main events in a story read aloud",,,,
Grade 1,English,"Story structure elements: beginning, middle, and ending",,,,
Grade 1,English,"Sequencing events in a story using time-order transition words (first, next, then, last / finally)",,,,
Grade 1,English,Identifying the main idea / topic of a simple text or picture,,,,
Grade 1,English,"Making simple predictions based on book titles, cover illustrations, and context clues",,,,
Grade 1,English,Distinguishing between realism and fantasy / fiction vs. non-fiction (make-believe vs. real),,,,
Grade 1,English,Making basic inferences from illustrations and short texts,,,,
Grade 1,English,Cause and effect basics in simple stories (Why did something happen? What happened?),,,,
Grade 1,English,"Comparing and contrasting two characters, settings, or events using simple visual aids",,,,
Grade 1,English,"Vocabulary building through context clues, picture clues, and root words",,,,
Grade 1,English,"Compound words basics (e.g., sun + flower = sunflower, rain + bow = rainbow)",,,,
Grade 1,English,"Basic contractions (e.g., can't, don't, I'm, it's)",,,,
Grade 1,English,"Oral language: polite expressions and greetings (Good morning, Thank you, Please, Excuse me, You're welcome)",,,,
Grade 1,English,"Oral language: self-introduction (name, age, family, hobbies, address)",,,,
Grade 1,English,"Oral language: asking simple questions using 5 Ws and 1 H (Who, What, Where, When, Why, How)",,,,
Grade 1,English,"Oral language: sharing personal experiences, show-and-tell, and expressing opinions",,,,
Grade 1,English,"Reciting simple nursery rhymes, poems, chants, and short tongue twisters with expression",,,,
Grade 1,English,Sentence building: unscrambling words to form meaningful sentences,,,,
Grade 1,English,Guided writing: writing complete simple sentences with correct capitalization and ending punctuation,,,,
Grade 1,English,Guided writing: writing a 2-3 sentence descriptive or narrative paragraph with a prompt,,,,
Grade 1,English,Writing personal responses to stories read or heard (drawing and captioning),,,,
Grade 1,Filipino,Pagkilala sa Alpabetong Filipino (28 titik: Aa hanggang Zz),,,,
Grade 1,Filipino,"Pagkilala sa mga patinig (A, E, I, O, U)",,,,
Grade 1,Filipino,"Pagkilala sa mga katinig (B, K, D, G, H, L, M, N, NG, P, R, S, T, W, Y)",,,,
Grade 1,Filipino,"Pagkilala sa mga hiram na titik (C, F, J, Ñ, Q, V, X, Z)",,,,
Grade 1,Filipino,Wastong tunog ng bawat titik sa Alpabetong Filipino (ponolohiya),,,,
Grade 1,Filipino,Wastong pagsulat ng malaki at maliit na titik (stroke at tamang linya sa kuwaderno),,,,
Grade 1,Filipino,"Pagsasama-sama ng tunog ng katinig at patinig upang makabuo ng pantig (KP: hal. ba, be, bi, bo, bu)",,,,
Grade 1,Filipino,"Pagbasa ng mga payak na pantig (P, KP, PK, KPK)",,,,
Grade 1,Filipino,Pagbilang ng pantig sa isang salita sa pamamagitan ng pagpalakpak,,,,
Grade 1,Filipino,Pagbubuo ng salita mula sa mga pinagsamang pantig (hal. ma + sa + ya = masaya),,,,
Grade 1,Filipino,"Pagbasa at pagsulat ng mga batayang salita (sight words sa Filipino: ang, mga, si, sina, ay, ng, sa, at, may, mayroon)",,,,
Grade 1,Filipino,Pagkilala sa mga salitang magkakatugma / tugmang salita sa tula at awitin,,,,
Grade 1,Filipino,"Pagkilala sa mga magkasalungat na salita / kasalungat (hal. malaki-maliit, mataas-mababaw)",,,,
Grade 1,Filipino,"Pagkilala sa mga magkasingkahulugan na salita / kasingkahulugan (hal. masaya-maligaya, maganda-marikit)",,,,
Grade 1,Filipino,Pagkilala at paggamit ng mga magagalang na pananalita sa pagbati (Magandang umaga/hapon/gabi po),,,,
Grade 1,Filipino,"Paggamit ng magagalang na pananalita sa paghingi ng paumanhin, pahintulot, at tulong (Salamat po, Walang anuman, Pasensya na po, Pakiusap)",,,,
Grade 1,Filipino,"Wastong pagpapakilala sa sarili (pangalan, edad, kaarawan, tirahan, magulang)",,,,
Grade 1,Filipino,"Pagtukoy at paggamit ng Pangngalan (tao, hayop, bagay, pook o lugar, pangyayari)",,,,
Grade 1,Filipino,"Pagkakaiba ng Pangngalang Pantangi (tiyak na ngalan, nagsisimula sa malaking titik) at Pangngalang Pambalana (karaniwang ngalan, maliit na titik)",,,,
Grade 1,Filipino,"Kailanan ng Pangngalan: Isahan (gumagamit ng ang/si), Dalawahan, at Maramihan (gumagamit ng mga/sina)",,,,
Grade 1,Filipino,"Kasarian ng Pangngalan: Panlalaki, Pambabae, Di-tiyak, at Walang Kasarian",,,,
Grade 1,Filipino,"Panghalip Panao: Ako, Ikaw, Siya (isahan)",,,,
Grade 1,Filipino,"Panghalip Panao: Kami, Tayo, Kayo, Sila (maramihan)",,,,
Grade 1,Filipino,"Panghalip Pamatlig: Ito, Iyan, Iyon (panturo sa kinalalagyan ng bagay)",,,,
Grade 1,Filipino,"Pang-uri / Salitang Naglalarawan: paglalarawan ng katangian, kulay, hugis, laki, bilang, at dami",,,,
Grade 1,Filipino,"Paggamit ng pandama sa paglalarawan ng bagay sa paligid (lasa, amoy, tunog, hipo)",,,,
Grade 1,Filipino,"Pandiwa / Salitang Kilos: pagtukoy sa mga payak na kilos o gawa sa araw-araw (takbo, laro, kain, tulog, aral)",,,,
Grade 1,Filipino,Pandiwa sa Aspektong Naganap / Pangnagdaan (kilos na tapos na),,,,
Grade 1,Filipino,Pandiwa sa Aspektong Nagaganap / Pangkasalukuyan (kilos na ginagawa pa),,,,
Grade 1,Filipino,Pandiwa sa Aspektong Magaganap / Panghinaharap (kilos na gagawin pa lamang),,,,
Grade 1,Filipino,"Pang-ukol: paggamit ng 'sa', 'para sa', 'para kay', 'ayon sa', 'ayon kay'",,,,
Grade 1,Filipino,Pagkilala sa pagkakaiba ng Parirala (lipon ng salita na walang buong diwa) at Pangungusap (may buong diwa),,,,
Grade 1,Filipino,Bahagi ng Pangungusap: Simuno (pinag-uusapan) at Panaguri (nagsasabi tungkol sa simuno),,,,
Grade 1,Filipino,Ayos ng Pangungusap: Karaniwan (panaguri muna bago simuno) at Di-karaniwan (may salitang 'ay'),,,,
Grade 1,Filipino,"Uri ng Pangungusap ayon sa gamit: Pasalaysay o Paturol (nagsasalaysay, nagtatapos sa tuldok)",,,,
Grade 1,Filipino,"Uri ng Pangungusap ayon sa gamit: Patanong (nagtatanong, nagtatapos sa tandang pananong)",,,,
Grade 1,Filipino,Uri ng Pangungusap ayon sa gamit: Pautos o Pakiusap (nag-uutos o nakikiusap),,,,
Grade 1,Filipino,"Uri ng Pangungusap ayon sa gamit: Padamdam (nagpapahayag ng matinding damdamin, nagtatapos sa tandang padamdam)",,,,
Grade 1,Filipino,"Wastong gamit ng bantas: tuldok (.), tandang pananong (?), tandang padamdam (!), at kuwit (,) sa talaan",,,,
Grade 1,Filipino,Pagsunod sa 1 hanggang 3 hakbang na panutong napakinggan o nabasa,,,,
Grade 1,Filipino,"Pakikinig nang may pag-unawa sa mga kuwentong pambata, pabula, alamat, at tula",,,,
Grade 1,Filipino,"Pagtukoy sa mga tauhan, tagpuan, at mahahalagang pangyayari sa kuwentong napakinggan",,,,
Grade 1,Filipino,"Pagsusunod-sunod ng mga pangyayari sa kuwento gamit ang mga larawan o salita (una, sumunod, panghuli)",,,,
Grade 1,Filipino,"Pagtukoy sa Damdamin ng Tauhan batay sa tono, kilos, at pananalita",,,,
Grade 1,Filipino,Pagtukoy sa Sanhi at Bunga ng mga simpleng pangyayari sa kuwento o larawan,,,,
Grade 1,Filipino,Paghinuha / Paghula sa susunod na mangyayari sa kuwento o larawan,,,,
Grade 1,Filipino,Pagtukoy sa Pangunahing Paksa o Kaisipan ng maikling kuwento o talata,,,,
Grade 1,Filipino,Pagtukoy kung ang pahayag ay Katotohanan o Gawa-gawa / Kathang-isip (pantasya vs. totoo),,,,
Grade 1,Filipino,"Pagtukoy sa mga bahagi ng aklat (pabalat, pamagat, may-akda, tagaguhit, talaan ng nilalaman)",,,,
Grade 1,Filipino,Pagbuo ng mga payak na pangungusap mula sa mga pinaghalong salita,,,,
Grade 1,Filipino,"Pagsulat ng 2 hanggang 3 payak na pangungusap tungkol sa sarili, pamilya, o paboritong bagay",,,,
Grade 1,Filipino,Pagbaybay nang wasto ng mga salitang may 3 hanggang 5 titik sa Filipino,,,,
Grade 1,Filipino,Pagpapalawak ng talasalitaan gamit ang mga pahiwatig na larawan at konteksto,,,,
Grade 1,Social Studies,"Ako at ang Aking Sarili (Personal Identity: pangalan, edad, kaarawan, tirahan, kasarian)",,,,
Grade 1,Social Studies,Mga Pisikal na Katangian at Kakayahan ng Sarili,,,,
Grade 1,Social Studies,"Mga Pansariling Hilig, Interes, at Paboritong Bagay (pagkain, laro, kulay, gawain)",,,,
Grade 1,Social Studies,"Pangangalaga sa Sariling Katawan, Kalusugan, at Kaligtasan",,,,
Grade 1,Social Studies,"Mga Pangunahing Pangangailangan ng Tao (pagkain, kasuotan, tirahan, malinis na tubig, hangin)",,,,
Grade 1,Social Studies,"Pagtukoy sa mga Emosyon at Damdamin (masaya, malungkot, galit, takot, gulat)",,,,
Grade 1,Social Studies,Ang Kwento ng Aking Buhay (Personal Timeline mula pagkasilang hanggang sa kasalukuyan),,,,
Grade 1,Social Studies,"Mga Pagbabago sa Sarili mula Sanggol Hanggang sa Kasalukuyang Edad (pisikal, kakayahan, gawi)",,,,
Grade 1,Social Studies,Pangarap o Nais Maging Paglaki (ambisyon at mga pangarap sa hinaharap),,,,
Grade 1,Social Studies,Kahulugan ng Pamilya at ang Kahalagahan Nito,,,,
Grade 1,Social Studies,"Mga Kasapi ng Pamilya (ama/tatay, ina/nanay, kuya, ate, bunso)",,,,
Grade 1,Social Studies,"Pinalawak na Pamilya (lolo, lola, tito/tiyo, tita/tiya, mga pinsan)",,,,
Grade 1,Social Studies,"Iba't Ibang Anyo at Kayarian ng Pamilya (two-parent, single-parent, extended, blended, adoptive)",,,,
Grade 1,Social Studies,Tungkulin at Pananagutan ng Bawat Kasapi ng Pamilya,,,,
Grade 1,Social Studies,"Mga Tuntunin, Alituntunin, at Kasunduan sa Loob ng Tahanan",,,,
Grade 1,Social Studies,Kahalagahan ng Pagtutulungan at Pagkakaisa sa Loob ng Pamilya,,,,
Grade 1,Social Studies,Ang Kwento o Kasaysayan ng Aking Pamilya at mga Mahahalagang Tradisyon,,,,
Grade 1,Social Studies,"Mga Pagdiriwang na Pampamilya (kaarawan, anibersaryo, kapaskuhan, bagong taon, pista)",,,,
Grade 1,Social Studies,"Ang Aking Paaralan (pangalan ng paaralan, lokasyon, bisyon at misyon sa payak na paraan)",,,,
Grade 1,Social Studies,"Mga Bahagi at Pasilidad sa Paaralan (silid-aralan, kantina, palaruan, silid-aklatan, klinika, tanggapan)",,,,
Grade 1,Social Studies,"Mga Taong Bumubuo sa Paaralan (punong-guro, guro, mag-aaral, nars, guwardiya, dyanitor)",,,,
Grade 1,Social Studies,Tungkulin ng Bawat Kawani at Mag-aaral sa Paaralan,,,,
Grade 1,Social Studies,Mga Tuntunin at Patakaran sa Loob ng Paaralan at Silid-aralan,,,,
Grade 1,Social Studies,"Wastong Pag-uugali, Disiplina, at Pakikipagkaibigan sa Paaralan",,,,
Grade 1,Social Studies,Kahalagahan ng Edukasyon at Pagpasok sa Paaralan Araw-araw,,,,
Grade 1,Social Studies,Pangangalaga sa mga Gamit sa Paaralan at Pasilidad,,,,
Grade 1,Social Studies,Konsepto ng Komunidad (Kahulugan at Kahalagahan ng Kinabibilangang Pamayanan),,,,
Grade 1,Social Studies,"Mga Payak na Direksyon at Lokasyon (kanan, kaliwa, itaas, ibaba, harap, likod, hilaga, timog, silangan, kanluran)",,,,
Grade 1,Social Studies,"Pagguhit at Pagbasa ng Payak na Mapa ng Tahanan, Silid-Aralan, at Paaralan",,,,
Grade 1,Social Studies,"Mga Sagisag at Simbolo sa Payak na Mapa (bahay, simbahan, paaralan, ospital, parke)",,,,
Grade 1,Social Studies,"Mga Mahahalagang Lugar at Estruktura sa Komunidad (tahanan, palengke, barangay hall, health center, palaruan)",,,,
Grade 1,Social Studies,"Mga Katulong sa Pamayanan / Community Helpers (doktor, nars, pulis, bumbero, magsasaka, mangingisda, guro, basurero)",,,,
Grade 1,Social Studies,Tungkulin at Serbisyo ng mga Katulong sa Pamayanan,,,,
Grade 1,Social Studies,"Mga Batayang Tuntunin at Batas sa Pamayanan (tamang tawiran, tamang tapunan ng basura)",,,,
Grade 1,Social Studies,"Wastong Pag-iingat sa Sarili at Pagiging Ligtas sa Pamayanan (stranger danger, emergency hotlines)",,,,
Grade 1,Social Studies,"Pangangalaga sa Kapaligiran ng Sariling Komunidad (kalinisan, pagtatanim, pagtitipid ng enerhiya at tubig)",,,,
Grade 1,Social Studies,"Pagiging Mabuting Kasapi ng Pamilya, Paaralan, at Pamayanan (mabuting mamamayan)",,,,
Grade 1,Social Studies,"Pambansang Sagisag ng Pilipinas (Watawat ng Pilipinas, Lupang Hinirang, Panatang Makabayan)",,,,
Grade 1,Social Studies,Wastong Paggalang sa Watawat at Pambansang Awit ng Pilipinas,,,,
Grade 1,Social Studies,"Iba pang Pambansang Simbolo (Pambansang ibon, bulaklak, puno, hayop, kasuotan sa payak na pagkilala)",,,,
Grade 2,Science,"Major body organs and their basic functions (brain, heart, lungs, stomach, bones, muscles)",,,,
Grade 2,Science,How bones and muscles work together to produce movement,,,,
Grade 2,Science,"Digestive system basics (mouth, food pipe, stomach, basic path of food)",,,,
Grade 2,Science,"Respiratory system basics (breathing in oxygen, breathing out carbon dioxide)",,,,
Grade 2,Science,Circulatory system basics (heart pumping blood throughout the body),,,,
Grade 2,Science,Practices for keeping internal and external organs healthy,,,,
Grade 2,Science,"Common childhood illnesses, symptoms, and basic prevention",,,,
Grade 2,Science,"Importance of balanced diet and the basic food groups (Go, Grow, Glow foods)",,,,
Grade 2,Science,"Animal body coverings (fur, feathers, scales, shells, skin) and their protective roles",,,,
Grade 2,Science,"Animal adaptations for breathing (lungs, gills, skin, spiracles)",,,,
Grade 2,Science,"Animal body parts used for food gathering and eating (beaks, teeth, proboscis, tongues)",,,,
Grade 2,Science,"Animal body parts used for movement and defense (claws, horns, stingers, camouflaging colors)",,,,
Grade 2,Science,"Classifying animals by habitat (terrestrial, aquatic, arboreal, amphibious)",,,,
Grade 2,Science,"Classifying animals by food source (herbivores, carnivores, omnivores)",,,,
Grade 2,Science,Classifying animals by reproduction (egg-laying/oviparous vs. live-bearing/viviparous),,,,
Grade 2,Science,"Life cycle of a butterfly (egg, caterpillar/larva, chrysalis/pupa, adult)",,,,
Grade 2,Science,"Life cycle of a frog (egg, tadpole, froglet, adult frog)",,,,
Grade 2,Science,"Life cycle of a chicken (egg, chick, adult)",,,,
Grade 2,Science,"Life cycle of a mammal/dog (newborn puppy, young dog, adult)",,,,
Grade 2,Science,"Beneficial animals (food sources, helpers in farming, pest controllers, companions)",,,,
Grade 2,Science,"Harmful or dangerous animals (disease vectors, poisonous/venomous creatures)",,,,
Grade 2,Science,"Detailed functions of plant parts (taproots vs. fibrous roots, woody vs. soft stems)",,,,
Grade 2,Science,Leaf structures and their role in making food (photosynthesis conceptually introduced),,,,
Grade 2,Science,"Flower parts (petals, sepals, pollen) and role in attracting insects",,,,
Grade 2,Science,"Fruit and seed dispersal mechanisms (wind, water, animals, self-explosion)",,,,
Grade 2,Science,"Life cycle of a flowering plant (seed, germination, seedling, mature plant, flower, fruit)",,,,
Grade 2,Science,Comparing monocot and dicot seeds / plants (exploratory observation),,,,
Grade 2,Science,"Plant habitats (terrestrial, aquatic, aerial/epiphytic plants like orchids)",,,,
Grade 2,Science,"Special plant adaptations (thorns, waxy leaves, thick water-storing stems)",,,,
Grade 2,Science,"Medicinal, edible, and decorative uses of plants",,,,
Grade 2,Science,"Harmful, poisonous, or irritating plants (poison ivy, stinging nettles)",,,,
Grade 2,Science,"Interdependence of plants and animals (food chains, oxygen-carbon dioxide exchange)",,,,
Grade 2,Science,"Observing and measuring matter (mass, volume, length, temperature using basic tools)",,,,
Grade 2,Science,"Definite vs. indefinite shapes and volumes across solids, liquids, and gases",,,,
Grade 2,Science,How liquids take the shape of different containers while keeping volume,,,,
Grade 2,Science,"Gas properties (occupies space, has weight, exerts pressure like in balloons)",,,,
Grade 2,Science,Changes in states of matter due to temperature changes: Melting (solid to liquid),,,,
Grade 2,Science,Changes in states of matter due to temperature changes: Freezing / Solidification (liquid to solid),,,,
Grade 2,Science,Changes in states of matter due to temperature changes: Evaporation (liquid to gas),,,,
Grade 2,Science,Changes in states of matter due to temperature changes: Condensation (gas to liquid),,,,
Grade 2,Science,"Physical changes in matter (cutting, tearing, bending, folding, crushing, stretching)",,,,
Grade 2,Science,"Chemical changes / irreversible changes introduced simply (burning paper, rusting, cooking food)",,,,
Grade 2,Science,"Safe handling and storage of household chemicals and materials (flammable, toxic, corrosive labels)",,,,
Grade 2,Science,"Forces in nature: Contact forces (push, pull, friction, muscular force)",,,,
Grade 2,Science,"Forces in nature: Non-contact forces (gravity, magnetism)",,,,
Grade 2,Science,Effects of gravity (objects falling toward Earth),,,,
Grade 2,Science,"Magnetic poles (North and South poles, attraction vs. repulsion rules)",,,,
Grade 2,Science,"Uses of magnets in daily life (compasses, fridge seals, magnetic latches)",,,,
Grade 2,Science,Friction as a force that resists motion (helpful friction vs. unwanted friction),,,,
Grade 2,Science,"How lubricants reduce friction (oil, water, grease)",,,,
Grade 2,Science,Light: Natural vs. artificial light sources,,,,
Grade 2,Science,"Transparent, translucent, and opaque materials",,,,
Grade 2,Science,"Reflection of light on smooth and shiny surfaces (mirrors, still water)",,,,
Grade 2,Science,Sound production through vibrations,,,,
Grade 2,Science,"How sound travels through solids, liquids, and gases",,,,
Grade 2,Science,Pitch (frequency / fast vs. slow vibrations) and Volume (amplitude / strong vs. weak vibrations),,,,
Grade 2,Science,Heat sources and heat transfer basics (hot objects warming cooler objects),,,,
Grade 2,Science,"Effects of heat on matter (expansion, phase change, temperature rise)",,,,
Grade 2,Science,Electricity basics: Safety rules and appliances powered by mains electricity vs. batteries,,,,
Grade 2,Science,"Air around us: Composition (wind, air pressure basics, atmosphere)",,,,
Grade 2,Science,"Water cycle stages: Evaporation, condensation, precipitation, collection",,,,
Grade 2,Science,"Types of clouds (cumulus, stratus, cirrus, cumulonimbus) and their weather associations",,,,
Grade 2,Science,"Weather instruments: Thermometer (temperature), Wind vane (direction), Rain gauge (rainfall)",,,,
Grade 2,Science,"Severe weather events: Typhoons, storms, floods, droughts, heatwaves",,,,
Grade 2,Science,"Safety precautions during severe weather and disaster preparedness (go-bags, evacuation)",,,,
Grade 2,Science,The Sun as the main source of heat and light for Earth,,,,
Grade 2,Science,Dangers of direct sun exposure to skin and eyes; sun protection,,,,
Grade 2,Science,Earth rotation causing day and night cycles,,,,
Grade 2,Science,"Landforms (mountains, hills, valleys, plains, volcanoes, plateaus)",,,,
Grade 2,Science,"Bodies of water (oceans, seas, rivers, lakes, waterfalls, springs, ponds)",,,,
Grade 2,Science,"Soil composition: Sand, silt, clay, and humus / organic matter",,,,
Grade 2,Science,"Soil erosion causes (running water, strong winds) and prevention (planting trees)",,,,
Grade 2,Science,"Natural resources (renewable: water, wind, sunlight vs. non-renewable: minerals, fossil fuels)",,,,
Grade 2,Science,"Conserving soil, water, and air quality",,,,
Grade 2,Science,"Pollution types: Air, water, and land pollution causes and effects",,,,
Grade 2,Science,"Proper waste management (segregation, composting organic waste, recycling)",,,,
Grade 2,Science,"Using scientific measuring instruments accurately (thermometers, measuring cups, balances)",,,,
Grade 2,Science,Formulating hypotheses / making smart guesses before testing,,,,
Grade 2,Science,"Conducting simple, fair science experiments and recording step-by-step findings",,,,
Grade 2,Math,Counting whole numbers from 1 to 1000,,,,
Grade 2,Math,"Skip counting by 2s, 5s, and 10s up to 1000",,,,
Grade 2,Math,Skip counting by 50s and 100s up to 1000,,,,
Grade 2,Math,Reading and writing numbers up to 1000 in digits / symbols,,,,
Grade 2,Math,Reading and writing numbers up to 1000 in words,,,,
Grade 2,Math,"Place value of 3-digit numbers (hundreds, tens, ones)",,,,
Grade 2,Math,Value vs. place value of digits in a 3-digit number,,,,
Grade 2,Math,"Composing and decomposing 3-digit numbers using base-ten blocks (flats, rods, units)",,,,
Grade 2,Math,"Expanded form of 3-digit numbers (e.g., 348 = 300 + 40 + 8)",,,,
Grade 2,Math,"Comparing 3-digit numbers using relation symbols (>, <, =)",,,,
Grade 2,Math,Ordering 3-digit numbers in ascending and descending order,,,,
Grade 2,Math,"Identifying the number that comes before, after, and between given 3-digit numbers",,,,
Grade 2,Math,Ordinal numbers from 11th to 20th (eleventh through twentieth) and beyond,,,,
Grade 2,Math,Identifying and writing even and odd numbers up to 100,,,,
Grade 2,Math,Rounding whole numbers to the nearest ten and hundred,,,,
Grade 2,Math,Mental addition of 1-digit and 2-digit numbers,,,,
Grade 2,Math,Mental addition of 2-digit numbers and multiples of 10 or 100,,,,
Grade 2,Math,Adding 2-digit to 3-digit numbers without regrouping (sums up to 1000),,,,
Grade 2,Math,Adding 2-digit to 3-digit numbers with regrouping (carrying) in ones or tens,,,,
Grade 2,Math,Adding three to four 2-digit numbers,,,,
Grade 2,Math,Properties of addition: Commutative (Order) Property,,,,
Grade 2,Math,Properties of addition: Associative (Grouping) Property,,,,
Grade 2,Math,Properties of addition: Identity (Zero) Property,,,,
Grade 2,Math,Estimating sums of 2-digit and 3-digit numbers,,,,
Grade 2,Math,Solving 1-step addition word problems involving 3-digit numbers,,,,
Grade 2,Math,Solving 2-step word problems involving addition,,,,
Grade 2,Math,Mental subtraction of 1-digit from 2-digit numbers,,,,
Grade 2,Math,Mental subtraction of multiples of 10 and 100 from 3-digit numbers,,,,
Grade 2,Math,Subtracting 2-digit to 3-digit numbers without regrouping,,,,
Grade 2,Math,Subtracting 2-digit to 3-digit numbers with regrouping (borrowing) across tens or hundreds,,,,
Grade 2,Math,"Subtracting across zeros (e.g., 500 - 236)",,,,
Grade 2,Math,Estimating differences of 2-digit and 3-digit numbers,,,,
Grade 2,Math,Relationship between addition and subtraction (checking answers using inverse operations),,,,
Grade 2,Math,Solving 1-step subtraction word problems involving 3-digit numbers,,,,
Grade 2,Math,Solving 2-step word problems involving combined addition and subtraction,,,,
Grade 2,Math,"Concept of multiplication as repeated addition (e.g., 3 + 3 + 3 + 3 = 4 x 3)",,,,
Grade 2,Math,Concept of multiplication as equal groups and arrays (rows and columns),,,,
Grade 2,Math,Concept of multiplication as jumps on a number line,,,,
Grade 2,Math,"Multiplication terms and symbols (multiplication sign x, factors, product)",,,,
Grade 2,Math,"Multiplication tables and basic facts: 2, 3, 4, 5, and 10",,,,
Grade 2,Math,"Multiplication properties: Identity Property of 1 (e.g., 6 x 1 = 6)",,,,
Grade 2,Math,"Multiplication properties: Zero Property of Multiplication (e.g., 8 x 0 = 0)",,,,
Grade 2,Math,"Multiplication properties: Commutative Property of Multiplication (e.g., 4 x 5 = 5 x 4)",,,,
Grade 2,Math,"Multiplying 1-digit numbers by multiples of 10 (e.g., 3 x 20)",,,,
Grade 2,Math,"Multiplying a 2-digit number by a 1-digit number without regrouping (e.g., 23 x 3)",,,,
Grade 2,Math,Solving 1-step multiplication word problems,,,,
Grade 2,Math,Concept of division as equal sharing / partitioning,,,,
Grade 2,Math,Concept of division as repeated subtraction,,,,
Grade 2,Math,Concept of division as forming equal groups,,,,
Grade 2,Math,"Division terms and symbols (division sign ÷, dividend, divisor, quotient)",,,,
Grade 2,Math,Relationship between multiplication and division (fact families / inverse operations),,,,
Grade 2,Math,"Dividing numbers using basic facts of 2, 3, 4, 5, and 10",,,,
Grade 2,Math,Dividing numbers with remainders (conceptual introduction),,,,
Grade 2,Math,Division involving 0 and 1 (rules of zero and one in division),,,,
Grade 2,Math,Solving 1-step division word problems,,,,
Grade 2,Math,"Unit fractions: identifying and writing 1/2, 1/3, 1/4, 1/5, 1/6, 1/8 of a whole",,,,
Grade 2,Math,Unit fractions of a set / collection of objects,,,,
Grade 2,Math,Comparing unit fractions using visuals (understanding smaller denominators mean larger parts),,,,
Grade 2,Math,"Fractions equal to one whole (e.g., 2/2, 3/3, 4/4)",,,,
Grade 2,Math,"Non-unit fractions: identifying numerators and denominators (e.g., 2/3, 3/4)",,,,
Grade 2,Math,"Identifying 2D geometric shapes (square, rectangle, triangle, circle, half-circle, quarter-circle, pentagon, hexagon)",,,,
Grade 2,Math,Counting sides and vertices/corners of 2D shapes,,,,
Grade 2,Math,"Drawing straight, curved, vertical, horizontal, and slanted lines",,,,
Grade 2,Math,Identifying parallel and intersecting lines (informal recognition),,,,
Grade 2,Math,"Identifying 3D solid shapes (cube, rectangular prism, sphere, cylinder, cone, pyramid)",,,,
Grade 2,Math,"Counting faces, edges, and vertices of 3D solid figures",,,,
Grade 2,Math,Identifying 2D shapes as flat surfaces/faces of 3D objects,,,,
Grade 2,Math,Line of symmetry in 2D shapes and figures,,,,
Grade 2,Math,Completing symmetrical drawings across a vertical or horizontal line of symmetry,,,,
Grade 2,Math,"Tessellations: tiling planes using triangles, squares, and hexagons without gaps or overlaps",,,,
Grade 2,Math,"Complex repeating patterns involving shapes, numbers, letters, and colors",,,,
Grade 2,Math,Determining the missing term in a repeating or growing pattern,,,,
Grade 2,Math,"Number patterns and rules (e.g., +3 rule, -5 rule, doubling patterns)",,,,
Grade 2,Math,Measuring length using standard metric units: meter (m) and centimeter (cm),,,,
Grade 2,Math,Estimating lengths in centimeters and meters,,,,
Grade 2,Math,Selecting appropriate units of length (cm vs. m) for different objects,,,,
Grade 2,Math,Measuring mass/weight using standard metric units: gram (g) and kilogram (kg),,,,
Grade 2,Math,Estimating and comparing weights in grams and kilograms,,,,
Grade 2,Math,Measuring liquid volume/capacity using standard units: liter (L) and milliliter (mL),,,,
Grade 2,Math,Comparing capacities using liters and milliliters,,,,
Grade 2,Math,"Telling and writing time to the nearest 5 minutes on an analog clock (e.g., 4:25, 8:50)",,,,
Grade 2,Math,Telling time using 'minutes past / after' and 'minutes to / before' the hour,,,,
Grade 2,Math,Reading and converting between 12-hour analog time and digital displays,,,,
Grade 2,Math,Understanding a.m. and p.m. in daily schedules,,,,
Grade 2,Math,Calculating elapsed time in whole hours and half-hours,,,,
Grade 2,Math,"Calendar skills: calculating days between dates, weeks in a month, months in a year",,,,
Grade 2,Math,Identifying and naming coins and paper bills up to 1000,,,,
Grade 2,Math,Using the currency symbol (₱ or $) and decimal point in money amounts,,,,
Grade 2,Math,Counting mixed collections of bills and coins,,,,
Grade 2,Math,Comparing values of money sets,,,,
Grade 2,Math,"Making change from given amounts (e.g., buying items and receiving change)",,,,
Grade 2,Math,Solving real-life word problems involving money transactions,,,,
Grade 2,Math,Collecting and organizing data into tally charts and frequency tables,,,,
Grade 2,Math,"Reading, creating, and interpreting horizontal and vertical pictographs with scales greater than 1 (e.g., 1 icon = 2, 5, or 10 items)",,,,
Grade 2,Math,"Reading, constructing, and interpreting simple bar graphs with scale labels",,,,
Grade 2,Math,"Finding total, greatest, least, and difference from bar graphs and charts",,,,
Grade 2,Math,"Concept of probability and likelihood (certain, likely, unlikely, impossible)",,,,
Grade 2,English,Alphabetical order to the first and second letter of words,,,,
Grade 2,English,"Review of short vowel sounds in CVC patterns (a, e, i, o, u)",,,,
Grade 2,English,"Long vowel sounds with silent e (a_e, e_e, i_e, o_e, u_e)",,,,
Grade 2,English,"Long vowel teams and vowel digraphs (ai, ay, ee, ea, igh, oa, ow, ue, ew, ui)",,,,
Grade 2,English,"Diphthongs and glide sounds (oi, oy, ou, ow, au, aw)",,,,
Grade 2,English,"R-controlled vowels (ar, er, ir, or, ur)",,,,
Grade 2,English,"Consonant digraphs (ch, sh, th, wh, ph, ck, kn, wr, gn)",,,,
Grade 2,English,"Initial and final consonant blends (bl, cl, fl, gl, pl, sl, br, cr, dr, fr, gr, pr, tr, sc, sk, sm, sn, sp, st, sw, -mp, -nd, -nt, -nk, -st, -sk)",,,,
Grade 2,English,"Three-letter consonant blends / trigraphs (scr, spl, spr, str, squ, thr, shr)",,,,
Grade 2,English,Hard and soft sounds of the letters C (cat vs. city) and G (gum vs. gem),,,,
Grade 2,English,"Silent letters in words (kn, wr, mb, gn)",,,,
Grade 2,English,"Syllabication rules: dividing words into syllables (closed, open, VCe, vowel team, r-controlled, consonant-le)",,,,
Grade 2,English,Counting syllables in two- to three-syllable words,,,,
Grade 2,English,Grade 2 high-frequency sight words (Dolch and Fry lists),,,,
Grade 2,English,"Base words, prefixes (un-, re-, dis-, pre-), and suffixes (-ful, -less, -er, -est, -ly, -ed, -ing)",,,,
Grade 2,English,"Inflectional endings and spelling changes (dropping final e, doubling consonants, changing y to i)",,,,
Grade 2,English,"Compound words identification, formation, and meaning",,,,
Grade 2,English,"Contractions with apostrophes (don't, can't, wouldn't, haven't, it's, I've, they're)",,,,
Grade 2,English,Recognizing and using synonyms (words with similar meanings),,,,
Grade 2,English,Recognizing and using antonyms (words with opposite meanings),,,,
Grade 2,English,"Homophones / sound-alike words (see/sea, right/write, to/two/too, hear/here, flour/flower)",,,,
Grade 2,English,Multiple-meaning words / homographs and identifying meaning through context,,,,
Grade 2,English,Context clues to determine unfamiliar word meanings,,,,
Grade 2,English,Using a beginner’s picture dictionary or simple dictionary to find words and guide words,,,,
Grade 2,English,Classifying and categorizing words into groups,,,,
Grade 2,English,Nouns: common nouns vs. proper nouns (review and advanced capitalization),,,,
Grade 2,English,Concrete vs. abstract nouns basics (things you can see/touch vs. feelings/ideas),,,,
Grade 2,English,"Singular and regular plural nouns (-s, -es, -ies)",,,,
Grade 2,English,"Irregular plural nouns (man/men, woman/women, child/children, foot/feet, mouse/mice, tooth/teeth, fish/fish, sheep/sheep)",,,,
Grade 2,English,"Collective nouns (flock of birds, swarm of bees, pack of wolves, herd of cows, team of players)",,,,
Grade 2,English,Possessive nouns using apostrophes (singular: boy's hat; plural: girls' books),,,,
Grade 2,English,"Countable and uncountable / mass nouns with quantity counters (a glass of milk, a loaf of bread)",,,,
Grade 2,English,"Personal pronouns: subject pronouns (I, you, he, she, it, we, they)",,,,
Grade 2,English,"Personal pronouns: object pronouns (me, you, him, her, it, us, them)",,,,
Grade 2,English,"Possessive pronouns and possessive adjectives (my/mine, your/yours, his, her/hers, its, our/ours, their/theirs)",,,,
Grade 2,English,"Reflexive pronouns (myself, yourself, himself, herself, itself, ourselves, yourselves, themselves)",,,,
Grade 2,English,"Demonstrative pronouns (this, that, these, those)",,,,
Grade 2,English,Action verbs: identifying physical and mental actions,,,,
Grade 2,English,"Linking verbs and state-of-being verbs (is, am, are, was, were)",,,,
Grade 2,English,"Helping / auxiliary verbs (has, have, had, do, does, did, can, will)",,,,
Grade 2,English,Subject-verb agreement (singular subjects take singular verbs; plural subjects take plural verbs),,,,
Grade 2,English,Simple present tense of regular and irregular verbs,,,,
Grade 2,English,"Simple past tense of regular verbs (-ed, -d) and irregular verbs (went, ate, ran, saw, came, spoke, took)",,,,
Grade 2,English,Simple future tense of verbs using 'will' and 'going to',,,,
Grade 2,English,Present continuous / progressive tense (is/are/am + verb-ing),,,,
Grade 2,English,Past continuous / progressive tense (was/were + verb-ing),,,,
Grade 2,English,"Adjectives: descriptive adjectives (color, size, shape, appearance, condition, emotion)",,,,
Grade 2,English,"Adjectives of number and quantity (one, ten, many, few, several, all)",,,,
Grade 2,English,"Comparative and superlative adjectives (-er, -est, more, most)",,,,
Grade 2,English,"Demonstrative adjectives (this, that, these, those modifying nouns)",,,,
Grade 2,English,"Proper adjectives (e.g., Filipino food, Japanese tea)",,,,
Grade 2,English,"Adverbs of manner (how an action is done: slowly, quickly, loudly, quietly)",,,,
Grade 2,English,"Adverbs of place (where an action happens: outside, inside, here, there, everywhere)",,,,
Grade 2,English,"Adverbs of time (when an action happens: today, yesterday, tomorrow, soon, now)",,,,
Grade 2,English,"Prepositions and prepositional phrases (in, on, under, over, above, below, behind, in front of, between, among, through)",,,,
Grade 2,English,"Coordinating conjunctions (and, but, or, so, because)",,,,
Grade 2,English,"Distinguishing between a phrase, an incomplete sentence / fragment, and a complete sentence",,,,
Grade 2,English,Parts of a simple sentence: complete subject and complete predicate,,,,
Grade 2,English,Four types of sentences: Declarative (statements / telling sentences),,,,
Grade 2,English,Four types of sentences: Interrogative (questions / asking sentences),,,,
Grade 2,English,Four types of sentences: Imperative (commands / requests),,,,
Grade 2,English,Four types of sentences: Exclamatory (strong feeling / expressing surprise or excitement),,,,
Grade 2,English,"Forming compound sentences using coordinating conjunctions (and, but, or, so)",,,,
Grade 2,English,"Capitalization rules: first word of a sentence, pronoun 'I', names of people, places, days, months, holidays, and titles of books",,,,
Grade 2,English,"Punctuation marks: period (.), question mark (?), exclamation point (!), comma (,) in series, dates, addresses, and direct address",,,,
Grade 2,English,Punctuation marks: apostrophe (') in contractions and possessive nouns,,,,
Grade 2,English,"Punctuation marks: quotation marks ("" "") in direct dialogue",,,,
Grade 2,English,Listening comprehension: recalling explicit details and summarizing key points,,,,
Grade 2,English,Listening comprehension: following multi-step spoken instructions,,,,
Grade 2,English,"Identifying story elements: main and secondary characters, setting (time and place), plot (problem and solution)",,,,
Grade 2,English,"Sequencing 4-6 story events using transition words (first, next, then, after that, finally)",,,,
Grade 2,English,"Identifying the central message, moral, or lesson of a fable, folktale, or story",,,,
Grade 2,English,Determining the main idea and supporting details in informational / non-fiction texts,,,,
Grade 2,English,Making logical predictions about story outcomes based on evidence,,,,
Grade 2,English,Drawing conclusions and making simple inferences using text clues and prior knowledge,,,,
Grade 2,English,Distinguishing between fact and opinion in simple passages,,,,
Grade 2,English,Distinguishing between real and fantasy / fiction vs. non-fiction texts,,,,
Grade 2,English,"Identifying cause and effect relationships using clue words (because, so, therefore)",,,,
Grade 2,English,"Comparing and contrasting two stories, characters, or topics using Venn diagrams",,,,
Grade 2,English,"Recognizing text features in non-fiction books (headings, captions, diagrams, glossary, index)",,,,
Grade 2,English,"Oral language: formal and informal greetings, polite expressions, telephone etiquette",,,,
Grade 2,English,Oral language: giving a 2-minute oral presentation / show-and-tell about a personal topic,,,,
Grade 2,English,Oral language: asking clarifying questions and participating in structured group discussions,,,,
Grade 2,English,"Oral language: choral reading, readers' theater, reciting poetry with appropriate tone, volume, and pacing",,,,
Grade 2,English,"Writing mechanics: legible handwriting, proper letter formation, margin alignment, and word spacing",,,,
Grade 2,English,Writing mechanics: sentence combining and sentence expanding with adjectives and adverbs,,,,
Grade 2,English,"Paragraph writing: topic sentence, 2-3 supporting detail sentences, and concluding sentence",,,,
Grade 2,English,"Descriptive writing: describing a person, place, animal, or favorite object using sensory details",,,,
Grade 2,English,Narrative writing: writing a personal narrative or recount about a real-life event,,,,
Grade 2,English,Informational / Expository writing: writing a step-by-step how-to guide / procedural text,,,,
Grade 2,English,Opinion writing: stating an opinion on a familiar topic and providing reasons to support it,,,,
Grade 2,English,"Writing friendly letters: heading, greeting/salutation, body, closing, and signature",,,,
Grade 2,English,"Writing thank-you notes, greeting cards, and invitations",,,,
Grade 2,English,"Proofreading and editing: checking for capitalization, punctuation, spelling, and grammar errors",,,,
Grade 2,Filipino,Pagbabalik-aral sa Alpabetong Filipino (28 titik) at wastong tunog ng bawat titik,,,,
Grade 2,Filipino,Pagsasaayos ng mga salita nang paalpabeto batay sa una at ikalawang titik,,,,
Grade 2,Filipino,"Pagbasa at pagsulat ng mga pantig na may iba't ibang kayarian (P, KP, PK, KPK, KKP, KPKK)",,,,
Grade 2,Filipino,Pagpapantig ng mga mahahabang salita (dalawa hanggang apat na pantig),,,,
Grade 2,Filipino,"Pagkilala at pagbasa ng mga salitang may kambal-katinig o klaster (plano, braso, kwaderno, trak, klinika)",,,,
Grade 2,Filipino,"Pagkilala at pagbasa ng mga salitang may diptonggo (aw, ay, ey, iw, iy, oy, uy)",,,,
Grade 2,Filipino,Pagkilala sa mga salitang hiram at baybay ng mga ito sa Filipino,,,,
Grade 2,Filipino,Wastong paggamit ng malalaki at maliliit na titik sa pagsulat ng mga salita at pangungusap,,,,
Grade 2,Filipino,"Pagkilala at pagbuo ng mga salitang magkakatugma sa tula, tugma, at awitin",,,,
Grade 2,Filipino,Pagkilala sa mga salitang magkasingkahulugan (kasingkahulugan),,,,
Grade 2,Filipino,Pagkilala sa mga salitang magkasalungat (kasalungat),,,,
Grade 2,Filipino,Pagkilala sa mga salitang iisa ang baybay ngunit magkaiba ang bigkas at kahulugan (homonyms / mga salitang may iba't ibang diin),,,,
Grade 2,Filipino,"Pagbuo ng mga bagong salita gamit ang panlapi (unlapi, gitlapi, hulapi - payak na pagpapakilala)",,,,
Grade 2,Filipino,"Pagbubuo at pagkilala sa tambalang salita (hal. bahaghari, silid-akalan, punong-guro)",,,,
Grade 2,Filipino,Paggamit ng mga pahiwatig sa konteksto (context clues) upang malaman ang kahulugan ng di-pamilyar na salita,,,,
Grade 2,Filipino,Paggamit ng payak na diksyunaryo pambata para sa paghahanap ng kahulugan ng salita,,,,
Grade 2,Filipino,"Wastong paggamit ng magagalang na pananalita sa angkop na sitwasyon (pagbati, pagpapakilala, paghingi ng paumanhin, paghingi ng tulong, pagtanggap ng panauhin)",,,,
Grade 2,Filipino,"Pangngalan: Pagkilala sa ngalan ng tao, hayop, bagay, pook o lugar, at pangyayari",,,,
Grade 2,Filipino,"Uri ng Pangngalan: Pangngalang Pantangi (tiyak na ngalan, nagsisimula sa malaking titik)",,,,
Grade 2,Filipino,"Uri ng Pangngalan: Pangngalang Pambalana (karaniwang ngalan, maliit na titik)",,,,
Grade 2,Filipino,"Kailanan ng Pangngalan: Isahan, Dalawahan, at Maramihan (paggamit ng mga panandang ang/ang mga, si/sina, magkapatid, magkakaibigan)",,,,
Grade 2,Filipino,"Kasarian ng Pangngalan: Panlalaki, Pambabae, Di-tiyak (kasarian na maaaring lalaki o babae), at Walang Kasarian (mga bagay o pook)",,,,
Grade 2,Filipino,Pangngalang Tahas (kongkreto/nahahawakan) at Basal (di-kongkreto/di-nahahawakan tulad ng damdamin at kaisipan),,,,
Grade 2,Filipino,"Panghalip Panao: Panauhan ng panghalip (Una: ako, kami, tayo; Ikalawa: ikaw, ka, kayo; Ikatlo: siya, sila)",,,,
Grade 2,Filipino,Kailanan ng Panghalip Panao (Isahan at Maramihan),,,,
Grade 2,Filipino,Panghalip Pamatlig: Pagtukoy sa kinalalagyan ng bagay (Ito/Dito - hawak o malapit sa nagsasalita; Iyan/Diyan - malapit sa kausap; Iyon/Doon - malayo sa pareho),,,,
Grade 2,Filipino,"Panghalip Pananong: Sino, Ano, Saan, Kailan, Bakit, Paano, Ilan",,,,
Grade 2,Filipino,Pandiwa / Salitang Kilos: Pagtukoy sa mga kilos sa pang-araw-araw na pamumuhay,,,,
Grade 2,Filipino,Aspekto ng Pandiwa: Aspektong Naganap o Perpektibo (kilos na natapos na),,,,
Grade 2,Filipino,Aspekto ng Pandiwa: Aspektong Nagaganap o Imperpektibo (kilos na kasalukuyang ginagawa),,,,
Grade 2,Filipino,Aspekto ng Pandiwa: Aspektong Magaganap o Kontemplatibo (kilos na gagawin pa lamang),,,,
Grade 2,Filipino,"Pang-uri / Salitang Naglalarawan: Paglalarawan ng katangian, hugis, kulay, laki, amoy, lasa, at anyo",,,,
Grade 2,Filipino,"Pang-uring Pamilang: Patakaran (bilang: isa, dalawa) at Panunod (pagkakasunod-sunod: una, ikalawa)",,,,
Grade 2,Filipino,"Kaantasan ng Pang-uri: Lantay (payak na paglalarawan), Pahambing (naghahambing ng dalawa), at Pasukdol (nangingibabaw sa lahat)",,,,
Grade 2,Filipino,"Pang-abay: Pagkilala sa mga salitang naglalarawan sa pandiwa, pang-uri, o kapwa pang-abay",,,,
Grade 2,Filipino,"Pang-abay na Pamaraan (paano ginawa ang kilos: mabilis, maingat)",,,,
Grade 2,Filipino,"Pang-abay na Pamanahon (kailan ginawa ang kilos: kahapon, kanina, bukas)",,,,
Grade 2,Filipino,"Pang-abay na Panlunan (saan ginawa ang kilos: sa parke, sa kusina)",,,,
Grade 2,Filipino,"Pang-ugnay: Paggamit ng pangatnig (at, ngunit, dahil, sapagkat, kaya, kung)",,,,
Grade 2,Filipino,"Pang-ukol: Paggamit ng ukol sa, tungkol sa, para sa, ayon sa, laban sa",,,,
Grade 2,Filipino,"Pagkakaiba ng Parirala, Sugnay, at Pangungusap",,,,
Grade 2,Filipino,Bahagi ng Pangungusap: Simuno o Paksa (ang pinag-uusapan) at Panaguri (ang nagsasabi tungkol sa paksa),,,,
Grade 2,Filipino,Ayos ng Pangungusap: Karaniwang Ayos (panaguri muna bago simuno),,,,
Grade 2,Filipino,"Ayos ng Pangungusap: Di-Karaniwang Ayos (simuno muna bago panaguri, ginagamitan ng 'ay')",,,,
Grade 2,Filipino,"Uri ng Pangungusap ayon sa gamit: Pasalaysay o Paturol (naglalahad ng katotohanan o impormasyon, nagtatapos sa .)",,,,
Grade 2,Filipino,"Uri ng Pangungusap ayon sa gamit: Patanong (nagtatanong o humihingi ng impormasyon, nagtatapos sa ?)",,,,
Grade 2,Filipino,"Uri ng Pangungusap ayon sa gamit: Pautos (nag-uutos na gawin ang isang bagay, nagtatapos sa .)",,,,
Grade 2,Filipino,"Uri ng Pangungusap ayon sa gamit: Pakiusap (nakikiusap nang magalang gamit ang 'paki-' o 'maaari ba', nagtatapos sa . o ?)",,,,
Grade 2,Filipino,"Uri ng Pangungusap ayon sa gamit: Padamdam (nagpapahayag ng matinding emosyon tulad ng tuwa, galit, o takot, nagtatapos sa !)",,,,
Grade 2,Filipino,"Wastong gamit ng mga Bantas: Tuldok (.), Tandang Pananong (?), Tandang Padamdam (!), Kuwit (,), at Kudlit (')",,,,
Grade 2,Filipino,Pakikinig nang may pag-unawa: Pagsunod sa 2 hanggang 4 na hakbang ng panuto,,,,
Grade 2,Filipino,"Pakikinig at pagbasa ng mga kwentong-bayan, pabula, parabula, alamat, maikling kwento, at tula",,,,
Grade 2,Filipino,"Pagtukoy sa mahahalagang elemento ng kwento: Tauhan, Tagpuan, Banghay (Simula, Kasukdulan, Katapusan)",,,,
Grade 2,Filipino,"Pagsusunod-sunod ng mga pangyayari sa kwento (4 hanggang 6 na pangyayari gamit ang una, sumunod, pagkatapos, sa huli)",,,,
Grade 2,Filipino,"Pagtukoy sa Damdamin, Katangian, at Motibasyon ng mga Tauhan sa kwento",,,,
Grade 2,Filipino,Pagtukoy sa Sanhi at Bunga ng mga pangyayari sa binasang teksto,,,,
Grade 2,Filipino,Paghinuha sa damdamin ng tauhan at susunod na mga pangyayari batay sa pahiwatig,,,,
Grade 2,Filipino,Pagtukoy sa Pangunahing Ideya / Paksa at mga pansuportang detalye sa talata,,,,
Grade 2,Filipino,"Pagtukoy sa layunin ng may-akda (magpaliwanag, magbigay-aliw, magturo ng aral)",,,,
Grade 2,Filipino,Pagtukoy sa pagkakaiba ng Katotohanan (Fact) at Opinyon (Opinion),,,,
Grade 2,Filipino,Pag-uugnay ng sariling karanasan sa binasang kwento o napakinggang teksto,,,,
Grade 2,Filipino,Pagbibigay ng sariling wakas o alternatibong katapusan sa isang kwento,,,,
Grade 2,Filipino,"Bahagi ng Aklat: Pabalat, Pahina ng Pamagat, Pahina ng Karapatang-Sipi, Talaan ng Nilalaman, Katawan ng Aklat, Talahuluganan / Glosari, Indeks",,,,
Grade 2,Filipino,"Pagsulat: Wastong hawak ng lapis, ayos ng katawan, at pagsulat nang may tamang layo at espasyo sa pagitan ng mga salita",,,,
Grade 2,Filipino,Pagsulat sa paraang Kabit-kabit (Cursive Writing) para sa malalaki at maliliit na titik,,,,
Grade 2,Filipino,"Pagsulat ng payak na talata na binubuo ng 3 hanggang 5 pangungusap (may pasok o indent, wastong bantas, at malaking titik)",,,,
Grade 2,Filipino,"Pagsulat ng liham-pangkaibigan (Pamuhatan, Bating Panimula, Katawan ng Liham, Bating Pangwakas, Lagda)",,,,
Grade 2,Filipino,Pagsulat ng maikling talaarawan / diary entry tungkol sa pansariling karanasan,,,,
Grade 2,Filipino,Pagsipi at pagbaybay nang wasto ng mga salitang natutuhan sa aralin,,,,
Grade 2,Filipino,Pagpapahayag nang pasalita: Pagkukuwento muli (retelling) ng napakinggang kwento gamit ang sariling pananalita,,,,
Grade 2,Filipino,"Pagpapahayag nang pasalita: Paglahok sa talakayan ng klase, sabayang pagbigkas, at dula-dulaan",,,,
Grade 2,Social Studies,"Konsepto ng Komunidad: Kahulugan, katangian, at kahalagahan ng isang pamayanan",,,,
Grade 2,Social Studies,"Mga Bumubuo sa Komunidad: Pamilya, paaralan, simbahan/pook-sambahan, pamahalaan/barangay hall, ospital/health center, at pamilihan/palengke",,,,
Grade 2,Social Studies,Tungkulin at gampanin ng bawat institusyon o bahagi ng komunidad,,,,
Grade 2,Social Studies,"Lokasyon ng Sariling Komunidad: Pagkilala sa pangalan ng barangay, bayan/lungsod, at lalawigan",,,,
Grade 2,Social Studies,"Paggamit ng mga Pangunahing Direksyon (Hilaga, Timog, Silangan, Kanluran) sa pagtukoy ng kinalalagyan",,,,
Grade 2,Social Studies,"Paggamit ng Pangalawang Direksyon (Hilagang-Silangan, Hilagang-Kanluran, Timog-Silangan, Timog-Kanluran)",,,,
Grade 2,Social Studies,Pagbasa at pagguhit ng payak na mapa ng sariling komunidad gamit ang mga pananda at simbolo,,,,
Grade 2,Social Studies,Paggawa ng simpleng mapa ng ruta mula tahanan patungong paaralan,,,,
Grade 2,Social Studies,"Mga Anyong Lupa sa Komunidad: Bundok, burol, bulkan, kapatagan, lambak, talampas, pulo",,,,
Grade 2,Social Studies,"Mga Anyong Tubig sa Komunidad: Karagatan, dagat, ilog, lawa, look, talon, bukal, sapa",,,,
Grade 2,Social Studies,Klima at Panahon sa Komunidad: Tag-ulan at Tag-araw sa Pilipinas,,,,
Grade 2,Social Studies,"Epekto ng lokasyon, anyong lupa, at anyong tubig sa uri ng pamumuhay at hanapbuhay ng mga tao",,,,
Grade 2,Social Studies,"Mga Likas na Yaman ng Komunidad: Yamang Lupa, Yamang Tubig, Yamang Gubat, at Yamang Mineral",,,,
Grade 2,Social Studies,"Wastong paggamit, pangangalaga, at pagtitipid sa mga likas na yaman ng sariling komunidad",,,,
Grade 2,Social Studies,Pinagmulan at Kasaysayan ng Komunidad: Pinagmulan ng pangalan at mga makasaysayang kwento,,,,
Grade 2,Social Studies,Ang Timeline o Pagkakasunod-sunod ng mga Mahahalagang Pangyayari sa Komunidad,,,,
Grade 2,Social Studies,"Mga Pagbabago sa Komunidad noon at ngayon (estruktura, transportasyon, pananamit, populasyon, kapaligiran)",,,,
Grade 2,Social Studies,Mga Bagay na Nanatili o Hindi Nagbago sa Komunidad,,,,
Grade 2,Social Studies,"Mga Makasaysayang Sagisag, Bantayog, Monumento, at Mahahalagang Gusali sa Komunidad",,,,
Grade 2,Social Studies,Mga Natatanging Bayani at Kilalang Personalidad mula sa sariling komunidad o rehiyon,,,,
Grade 2,Social Studies,"Kultura at Tradisyon sa Komunidad: Mga pagdiriwang na pansibiko (Araw ng Kagitingan, Araw ng Kalayaan, Buwan ng Wika)",,,,
Grade 2,Social Studies,"Kultura at Tradisyon sa Komunidad: Mga pagdiriwang na panrelihiyon (Pasko, Mahal na Araw, Eid al-Fitr, pista ng patron)",,,,
Grade 2,Social Studies,"Mga Kaugalian, Paniniwala, at Pamahiin sa Komunidad",,,,
Grade 2,Social Studies,"Sining, Musika, Katutubong Sayaw, Laro ng Lahi, at Pagkaing Tradisyonal sa Komunidad",,,,
Grade 2,Social Studies,"Paggalang sa pagkakaiba-iba ng kultura, wika/diyalekto, at paniniwala ng mga tao sa komunidad",,,,
Grade 2,Social Studies,"Kabuhayan at Ekonomiya sa Komunidad: Mga pangunahing hanapbuhay (magsasaka, mangingisda, guro, negosyante, karpintero)",,,,
Grade 2,Social Studies,Pagkakaiba ng Produkto (mga nahahawakang bagay) at Serbisyo (paglilingkod o kasanayan),,,,
Grade 2,Social Studies,Pagtutugon ng komunidad sa mga pangunahing pangangailangan ng mamamayan,,,,
Grade 2,Social Studies,"Konsepto ng Palitan, Pamilihan, at Pera sa ekonomiya ng komunidad",,,,
Grade 2,Social Studies,Pamahalaan sa Komunidad: Ang Pamahalaang Barangay at ang Sangguniang Barangay,,,,
Grade 2,Social Studies,"Mga Pinuno ng Komunidad: Punong Barangay (Barangay Captain), mga Kagawad, at SK Chairman",,,,
Grade 2,Social Studies,"Gampanin, tungkulin, at serbisyo ng mga pinuno ng barangay sa mga mamamayan",,,,
Grade 2,Social Studies,"Katangian ng isang mabuti, tapat, at responsableng pinuno",,,,
Grade 2,Social Studies,"Mga Batas, Kautusan (Ordinansa), at Alituntunin sa Komunidad (trapiko, curfew, kalinisan)",,,,
Grade 2,Social Studies,Kahalagahan ng pagsunod sa mga alituntunin at batas ng barangay,,,,
Grade 2,Social Studies,"Karapatan ng Bawat Kasapi ng Komunidad (karapatang mabuhay, mag-aral, magkaroon ng ligtas na tahanan, maglibang)",,,,
Grade 2,Social Studies,"Tungkulin ng Bawat Kasapi ng Komunidad (paggalang sa kapwa, pagiging masunurin, pagtulong sa kapwa)",,,,
Grade 2,Social Studies,Pangangalaga sa Kapaligiran ng Komunidad: Tamang pagtatapon at paghihiwalay ng basura (Waste Segregation),,,,
Grade 2,Social Studies,"Pagtatanim ng puno, paglilinis ng mga kanal at daan (Clean and Green programs)",,,,
Grade 2,Social Studies,"Paghahanda sa Kalamidad at Sakuna: Lindol, baha, bagyo, sunog, pagputok ng bulkan",,,,
Grade 2,Social Studies,"Mga Hakbang Pangkaligtasan bago, habang, at pagkatapos ng kalamidad (Duck, Cover, and Hold; paglikas)",,,,
Grade 2,Social Studies,Ang Emergency Go-Bag at mga gamit na dapat ilagay dito,,,,
Grade 2,Social Studies,"Mga Ahensya at Hotline sa Komunidad para sa Saklolo at Kaligtasan (PNP, BFP, MDRRMO, Red Cross, Health Center)",,,,
Grade 2,Social Studies,Pagtutulungan sa Komunidad: Konsepto ng Bayanihan at Damayan sa panahon ng kagipitan,,,,
Grade 2,Social Studies,Pagtupad sa tungkulin bilang isang batang mamamayan para sa ikabubuti ng sariling pamayanan,,,,
Grade 3,Science,"Classification of matter: Solids, liquids, and gases",,,,
Grade 3,Science,"Physical properties of solids (shape, mass, volume, color, texture, hardness, flexibility)",,,,
Grade 3,Science,"Physical properties of liquids (ability to flow, viscosity, surface tension, taking container shape)",,,,
Grade 3,Science,"Physical properties of gases (invisibility, compressibility, expansion, mass, volume)",,,,
Grade 3,Science,"Measuring properties of matter using standard lab equipment (graduated cylinder, triple beam balance, ruler, thermometer)",,,,
Grade 3,Science,Phase changes of matter: Melting (solid to liquid),,,,
Grade 3,Science,Phase changes of matter: Freezing / Solidification (liquid to solid),,,,
Grade 3,Science,Phase changes of matter: Evaporation (liquid to gas),,,,
Grade 3,Science,Phase changes of matter: Condensation (gas to liquid),,,,
Grade 3,Science,Phase changes of matter: Sublimation (solid to gas) and Deposition (gas to solid),,,,
Grade 3,Science,Effect of temperature increase and decrease on particle movement,,,,
Grade 3,Science,"Physical changes in matter (cutting, tearing, crumpling, bending, stretching)",,,,
Grade 3,Science,"Chemical changes in matter (rusting, burning, rotting, cooking, color change, gas release)",,,,
Grade 3,Science,"Safe handling, storage, and disposal of hazardous household materials (toxic, flammable, corrosive, reactive)",,,,
Grade 3,Science,Reading hazard warning symbols and safety labels on chemicals,,,,
Grade 3,Science,"Human sense organs structure, function, and care: The Eye (cornea, pupil, iris, lens, retina, optic nerve)",,,,
Grade 3,Science,"Common eye ailments (myopia, hyperopia, astigmatism, conjunctivitis/sore eyes) and eye care",,,,
Grade 3,Science,"Human sense organs structure, function, and care: The Ear (outer ear, ear canal, eardrum, middle ear bones, cochlea, auditory nerve)",,,,
Grade 3,Science,Common ear problems and proper ear hygiene,,,,
Grade 3,Science,"Human sense organs structure, function, and care: The Nose (nostrils, nasal cavity, olfactory nerve)",,,,
Grade 3,Science,Common nasal ailments and nasal care,,,,
Grade 3,Science,"Human sense organs structure, function, and care: The Tongue (taste buds: sweet, sour, salty, bitter, umami)",,,,
Grade 3,Science,Tongue diseases and oral hygiene practices,,,,
Grade 3,Science,"Human sense organs structure, function, and care: The Skin (epidermis, dermis, sweat glands, nerve endings)",,,,
Grade 3,Science,Common skin conditions and daily skin protection,,,,
Grade 3,Science,Animals: External body parts specialized for getting and eating food,,,,
Grade 3,Science,"Animals: External body parts specialized for locomotion in water, air, and land",,,,
Grade 3,Science,"Animals: External body parts specialized for defense and protection (camouflage, mimicry, armor, quills, venom)",,,,
Grade 3,Science,"Classifying animals by body covering (fur, feathers, scales, exoskeleton, shell)",,,,
Grade 3,Science,"Classifying animals by habitat (terrestrial, aquatic, aerial, arboreal, subterranean)",,,,
Grade 3,Science,Classifying animals by reproduction and birth methods (oviparous/egg-laying vs. viviparous/live-bearing),,,,
Grade 3,Science,"Complete metamorphosis life cycle (egg, larva, pupa, adult: butterfly, mosquito, housefly)",,,,
Grade 3,Science,"Incomplete metamorphosis life cycle (egg, nymph, adult: grasshopper, cockroach, dragonfly)",,,,
Grade 3,Science,Life cycle of amphibians (frog) and reptiles (sea turtle),,,,
Grade 3,Science,"Life cycle of birds (chicken, eagle)",,,,
Grade 3,Science,"Life cycle of mammals (dog, cat, human)",,,,
Grade 3,Science,Economic and ecological importance of animals to humans and the environment,,,,
Grade 3,Science,"Endangered, threatened, and extinct animal species and wildlife conservation",,,,
Grade 3,Science,"Plants: Specialized external structures of roots (taproot vs. fibrous root systems, aerial roots)",,,,
Grade 3,Science,"Plants: Specialized external structures of stems (woody trunks, soft herbaceous stems, runners, tubers)",,,,
Grade 3,Science,"Plants: Leaf morphology (vein patterns: parallel vs. netted/pinnate, simple vs. compound leaves)",,,,
Grade 3,Science,"Plants: Flower anatomy (petals, sepals, stamen/anther/filament, pistil/stigma/style/ovary)",,,,
Grade 3,Science,"Role of flowers and pollinators (bees, butterflies, wind) in plant reproduction",,,,
Grade 3,Science,Fruit structures and seed protection,,,,
Grade 3,Science,"Seed anatomy (seed coat, embryo, cotyledon: monocot vs. dicot seeds)",,,,
Grade 3,Science,Stages of seed germination and necessary environmental conditions,,,,
Grade 3,Science,"Methods of plant propagation (seeds, cuttings, runners, tubers, grafting)",,,,
Grade 3,Science,"Plant adaptations to specific habitats (hydrophytes/water, xerophytes/desert, epiphytes/air, mesophytes)",,,,
Grade 3,Science,Economic and medicinal importance of local plants,,,,
Grade 3,Science,"Harmful, poisonous, and invasive plant species",,,,
Grade 3,Science,"Interactions in ecosystems: Producers, consumers (herbivores, carnivores, omnivores), and decomposers",,,,
Grade 3,Science,Constructing and interpreting simple food chains and food webs,,,,
Grade 3,Science,Predator-prey relationships and competition in habitats,,,,
Grade 3,Science,"Forces: Contact forces (muscular, applied, friction, tension, air resistance)",,,,
Grade 3,Science,"Forces: Non-contact forces (gravitational force, magnetic force, electrostatic force)",,,,
Grade 3,Science,"Effects of force on the size, shape, speed, and direction of moving objects",,,,
Grade 3,Science,"Factors affecting friction (texture of surfaces, mass/weight of the moving object)",,,,
Grade 3,Science,"Ways to increase friction (treads, grooved surfaces) and reduce friction (lubricants, rollers, wheels)",,,,
Grade 3,Science,"Magnets: Magnetic poles (North and South), laws of attraction and repulsion",,,,
Grade 3,Science,Magnetic fields and magnetic vs. non-magnetic materials,,,,
Grade 3,Science,Light: Natural vs. artificial light sources,,,,
Grade 3,Science,Properties of light: Straight-line travel (rectilinear propagation),,,,
Grade 3,Science,"Behavior of light on matter: Transparent, translucent, and opaque objects",,,,
Grade 3,Science,Shadow formation: Changing length and direction of shadows based on light angle,,,,
Grade 3,Science,Reflection of light: Flat/plane mirrors and smooth reflective surfaces,,,,
Grade 3,Science,"Refraction of light: Bending of light passing through different media (water, glass prisms)",,,,
Grade 3,Science,Sound: Vibration as the source of sound,,,,
Grade 3,Science,"Mediums of sound transmission (comparing speed of sound in solids, liquids, and gases)",,,,
Grade 3,Science,Pitch (high vs. low frequency) and Volume / Loudness (amplitude of vibration),,,,
Grade 3,Science,Echoes and sound reflection,,,,
Grade 3,Science,Noise pollution: Effects on hearing health and noise reduction techniques,,,,
Grade 3,Science,"Heat: Sources of thermal energy (Sun, chemical reactions, electrical appliances, friction)",,,,
Grade 3,Science,Conduction: Transfer of heat through direct solid contact,,,,
Grade 3,Science,Convection basics: Transfer of heat through fluids and gases,,,,
Grade 3,Science,Radiation basics: Transfer of heat across space without matter,,,,
Grade 3,Science,"Effects of heat on matter: Thermal expansion, contraction, and temperature changes",,,,
Grade 3,Science,"Heat conductors (metals) vs. Heat insulators (wood, plastic, rubber, foam)",,,,
Grade 3,Science,Electricity: Mains electricity vs. battery power,,,,
Grade 3,Science,Conductors of electricity vs. Electrical insulators,,,,
Grade 3,Science,Basic electrical safety rules and fire prevention at home and school,,,,
Grade 3,Science,"Earth's surface features: Major landforms (mountains, mountain ranges, hills, valleys, plains, plateaus, volcanoes, peninsulas, islands)",,,,
Grade 3,Science,"Earth's surface features: Major bodies of water (oceans, seas, rivers, lakes, waterfalls, gulfs, bays, straits, underground springs)",,,,
Grade 3,Science,"Soil layers: Topsoil, subsoil, and bedrock",,,,
Grade 3,Science,"Types of soil: Clay, sand, silt, and loam (water retention, drainage, and fertility for plant growth)",,,,
Grade 3,Science,"Soil erosion: Causes (running water, wind, deforestation, overgrazing) and effects on farmland",,,,
Grade 3,Science,"Soil conservation methods (terracing, planting cover crops, reforestation, contour farming)",,,,
Grade 3,Science,Water resources: Fresh water vs. Salt water distribution,,,,
Grade 3,Science,"The Water Cycle: Detailed mechanisms of evaporation, transpiration, condensation, precipitation, and groundwater collection",,,,
Grade 3,Science,"Water pollution: Causes (industrial waste, agricultural runoff, household garbage) and water conservation techniques",,,,
Grade 3,Science,"Weather elements: Air temperature, air pressure, humidity, wind speed, wind direction, cloud cover, and precipitation",,,,
Grade 3,Science,"Weather instruments: Thermometer, Barometer, Hygrometer, Anemometer, Wind Vane, Rain Gauge",,,,
Grade 3,Science,"Identifying cloud types (cirrus, cumulus, stratus, cumulonimbus) and predicting weather",,,,
Grade 3,Science,"Public Storm Warning Signals (typhoon signal levels, warnings, and safety precautions)",,,,
Grade 3,Science,"Natural hazards and disaster preparedness: Typhoons, flash floods, landslides, earthquakes, volcanic eruptions, tsunamis",,,,
Grade 3,Science,"Emergency readiness: Emergency grab-bags, family evacuation plans, and first-aid basics",,,,
Grade 3,Science,"The Sun: Composition, distance, and role as the primary energy source for Earth",,,,
Grade 3,Science,"Positive effects of sunlight (photosynthesis, water cycle driver, vitamin D synthesis, solar energy)",,,,
Grade 3,Science,"Negative effects of excessive sunlight (sunburn, heatstroke, eye damage, plant dehydration)",,,,
Grade 3,Science,"Sun protection methods (sunscreen, sunglasses, umbrellas, staying hydrated)",,,,
Grade 3,Science,"Earth's rotation on its axis: 24-hour cycle, cause of day and night, apparent movement of the Sun across the sky",,,,
Grade 3,Science,Earth's revolution around the Sun: 365.25 days and seasonal patterns,,,,
Grade 3,Science,"The Moon: Natural satellite of Earth, light reflection from the Sun",,,,
Grade 3,Science,"Phases of the Moon: New Moon, Waxing Crescent, First Quarter, Waxing Gibbous, Full Moon, Waning Gibbous, Third Quarter, Waning Crescent",,,,
Grade 3,Science,Moon's gravitational pull and the rise and fall of ocean tides,,,,
Grade 3,Science,"Stars: Constellations, patterns, brightness, and distance from Earth",,,,
Grade 3,Science,Scientific inquiry: Formulating testable questions and hypotheses,,,,
Grade 3,Science,"Scientific inquiry: Identifying controlled, independent, and dependent variables in simple fair tests",,,,
Grade 3,Science,Scientific inquiry: Making systematic quantitative and qualitative observations,,,,
Grade 3,Science,"Scientific inquiry: Recording, organizing, and graphing experimental data (tables, bar charts, line graphs)",,,,
Grade 3,Science,Scientific inquiry: Drawing evidence-based conclusions and presenting scientific findings,,,,
Grade 3,Math,"Counting whole numbers up to 10,000",,,,
Grade 3,Math,"Reading and writing numbers up to 10,000 in symbols and words",,,,
Grade 3,Math,"Place value of 4-digit numbers (thousands, hundreds, tens, ones)",,,,
Grade 3,Math,Value vs. place value of digits in a 4-digit number,,,,
Grade 3,Math,Composing and decomposing 4-digit numbers using base-ten units,,,,
Grade 3,Math,"Expanded form of 4-digit numbers (e.g., 4,582 = 4,000 + 500 + 80 + 2)",,,,
Grade 3,Math,"Comparing 4-digit numbers using relation symbols (>, <, =)",,,,
Grade 3,Math,Ordering 4-digit numbers in ascending and descending order,,,,
Grade 3,Math,"Identifying the number that comes before, after, and between given 4-digit numbers",,,,
Grade 3,Math,"Rounding whole numbers to the nearest ten, hundred, and thousand",,,,
Grade 3,Math,Ordinal numbers from 21st to 100th and beyond,,,,
Grade 3,Math,"Identifying and writing even and odd numbers up to 1,000",,,,
Grade 3,Math,Addition of numbers up to 4 digits without regrouping,,,,
Grade 3,Math,Addition of numbers up to 4 digits with regrouping (carrying) across multiple place values,,,,
Grade 3,Math,Mental addition of 2-digit and 3-digit numbers using various strategies,,,,
Grade 3,Math,"Properties of addition (Commutative, Associative, Identity/Zero properties)",,,,
Grade 3,Math,"Estimating sums by rounding numbers to the nearest ten, hundred, or thousand",,,,
Grade 3,Math,Solving 1-step to 2-step word problems involving addition of 4-digit numbers,,,,
Grade 3,Math,Subtraction of numbers up to 4 digits without regrouping,,,,
Grade 3,Math,Subtraction of numbers up to 4 digits with regrouping (borrowing) across multiple place values,,,,
Grade 3,Math,"Subtracting across multiple zeros (e.g., 5,000 - 2,347)",,,,
Grade 3,Math,Mental subtraction strategies for 2-digit and 3-digit numbers,,,,
Grade 3,Math,Estimating differences by rounding numbers,,,,
Grade 3,Math,Checking subtraction answers using addition (inverse operations),,,,
Grade 3,Math,Solving 1-step to 2-step word problems involving subtraction of 4-digit numbers,,,,
Grade 3,Math,Solving multi-step word problems involving both addition and subtraction,,,,
Grade 3,Math,"Concept of multiplication as repeated addition, equal groups, arrays, and scale factors",,,,
Grade 3,Math,"Multiplication terms and symbols (factors, product, multiplication sign x)",,,,
Grade 3,Math,Multiplication tables and basic facts up to 10 x 10 and 12 x 12,,,,
Grade 3,Math,"Properties of multiplication (Commutative, Associative, Identity Property of 1, Zero Property)",,,,
Grade 3,Math,Distributive property of multiplication over addition,,,,
Grade 3,Math,Multiplying 1-digit numbers by multi-digit numbers (up to 3 digits) without regrouping,,,,
Grade 3,Math,Multiplying 1-digit numbers by multi-digit numbers with regrouping,,,,
Grade 3,Math,Multiplying 2-digit numbers by 2-digit numbers without and with regrouping,,,,
Grade 3,Math,"Multiplying numbers by 10, 100, and 1,000 using mental math patterns",,,,
Grade 3,Math,Estimating products of multi-digit numbers,,,,
Grade 3,Math,Solving 1-step and 2-step word problems involving multiplication,,,,
Grade 3,Math,Concept of multiplication and division inverse relationship (fact families),,,,
Grade 3,Math,"Concept of division as equal sharing, equal grouping, repeated subtraction, and inverse of multiplication",,,,
Grade 3,Math,"Division terms and symbols (dividend, divisor, quotient, division sign ÷ or long division bracket)",,,,
Grade 3,Math,Division facts corresponding to multiplication tables up to 10 x 10 and 12 x 12,,,,
Grade 3,Math,"Rules of division involving zero and one (e.g., dividing by 1, dividing zero by a number, division by zero is undefined)",,,,
Grade 3,Math,Dividing 2-digit to 3-digit numbers by 1-digit numbers without remainders,,,,
Grade 3,Math,Dividing 2-digit to 3-digit numbers by 1-digit numbers with remainders,,,,
Grade 3,Math,"Dividing multi-digit numbers by multiples of 10 (e.g., 240 ÷ 30)",,,,
Grade 3,Math,Estimating quotients of division problems,,,,
Grade 3,Math,Solving 1-step and 2-step word problems involving division and remainders,,,,
Grade 3,Math,Combined operations and order of operations basics (performing multiplication and division before addition and subtraction from left to right),,,,
Grade 3,Math,Fractions: Concept of parts of a whole and parts of a set,,,,
Grade 3,Math,"Proper fractions, improper fractions, and mixed numbers",,,,
Grade 3,Math,"Reading, writing, and illustrating fractions (unit and non-unit fractions)",,,,
Grade 3,Math,Equivalent fractions using visual models and number lines,,,,
Grade 3,Math,Simplifying / reducing fractions to lowest terms (introductory),,,,
Grade 3,Math,"Comparing and ordering fractions with like denominators (e.g., 3/8 vs. 5/8)",,,,
Grade 3,Math,"Comparing and ordering fractions with like numerators (e.g., 2/5 vs. 2/3)",,,,
Grade 3,Math,Comparing fractions to one-half (1/2) as a benchmark,,,,
Grade 3,Math,Adding and subtracting similar fractions (fractions with the same denominator),,,,
Grade 3,Math,Solving word problems involving addition and subtraction of similar fractions,,,,
Grade 3,Math,Decimals: Concept of tenths and hundredths as fractions of a whole,,,,
Grade 3,Math,"Reading and writing decimal numbers up to two decimal places (e.g., 0.5, 3.75)",,,,
Grade 3,Math,Relating fractions with denominators of 10 and 100 to decimals,,,,
Grade 3,Math,Comparing and ordering decimals up to hundredths,,,,
Grade 3,Math,Adding and subtracting decimals up to two decimal places without and with regrouping,,,,
Grade 3,Math,Solving simple word problems involving decimals,,,,
Grade 3,Math,"Identifying 2D geometric shapes (polygon, triangle types by sides: equilateral, isosceles, scalene)",,,,
Grade 3,Math,"Classifying triangles by angles (acute, right, obtuse triangles)",,,,
Grade 3,Math,"Quadrilaterals: Identifying properties of squares, rectangles, parallelograms, trapezoids, rhombuses",,,,
Grade 3,Math,"Polygon attributes: Counting sides, angles, and vertices of regular and irregular polygons",,,,
Grade 3,Math,"Line segments, rays, lines, intersecting lines, parallel lines, and perpendicular lines",,,,
Grade 3,Math,"Angles: Identifying right angles, acute angles, and obtuse angles using a square corner tester or protractor intro",,,,
Grade 3,Math,"Identifying 3D solid figures (cube, rectangular prism, sphere, cylinder, cone, square pyramid)",,,,
Grade 3,Math,"Counting faces, edges, and vertices of 3D solid shapes",,,,
Grade 3,Math,Nets of simple 3D geometric figures (cubes and rectangular prisms),,,,
Grade 3,Math,Lines of symmetry in 2D shapes and figures (identifying single and multiple lines of symmetry),,,,
Grade 3,Math,Tessellations: Covering a plane with shapes without gaps or overlaps,,,,
Grade 3,Math,"Repeating, growing, and shrinking patterns with numbers, shapes, and letters",,,,
Grade 3,Math,Finding the missing terms and determining the underlying rule in a number sequence,,,,
Grade 3,Math,"Metric units of length measurement: Millimeter (mm), Centimeter (cm), Meter (m), and Kilometer (km)",,,,
Grade 3,Math,"Converting between metric units of length (e.g., meters to centimeters, kilometers to meters)",,,,
Grade 3,Math,"Measuring and estimating lengths, heights, and distances using standard instruments",,,,
Grade 3,Math,Metric units of mass/weight measurement: Gram (g) and Kilogram (kg),,,,
Grade 3,Math,Converting between grams and kilograms,,,,
Grade 3,Math,Measuring and comparing weights of objects using balance and digital scales,,,,
Grade 3,Math,Metric units of volume/capacity measurement: Milliliter (mL) and Liter (L),,,,
Grade 3,Math,Converting between milliliters and liters,,,,
Grade 3,Math,"Solving word problems involving length, mass, and capacity measurements",,,,
Grade 3,Math,"Perimeter of polygons (triangles, rectangles, squares, and irregular shapes) by adding side lengths",,,,
Grade 3,Math,Perimeter formulas for squares ($P = 4 \times s$) and rectangles ($P = 2l + 2w$),,,,
Grade 3,Math,"Concept of area as covering a surface using square units ($cm^2, m^2$)",,,,
Grade 3,Math,Measuring area by counting square units on a grid,,,,
Grade 3,Math,Area formula for rectangles ($A = length \times width$) and squares ($A = side \times side$),,,,
Grade 3,Math,Concept of volume of solid figures using cubic units ($cm^3$),,,,
Grade 3,Math,Time: Telling and writing time to the nearest minute on analog and digital clocks,,,,
Grade 3,Math,Using elapsed time in hours and minutes across a timeline,,,,
Grade 3,Math,"Converting units of time (seconds to minutes, minutes to hours, hours to days, days to weeks/months, months to years)",,,,
Grade 3,Math,Solving word problems involving elapsed time and schedules,,,,
Grade 3,Math,Money: Reading and writing Philippine currency (or general currency) up to thousands using the peso sign (₱) and decimal point,,,,
Grade 3,Math,Counting and comparing mixed sets of bills and coins,,,,
Grade 3,Math,"Calculating total cost, receiving correct change, and managing simple budgets",,,,
Grade 3,Math,Solving multi-step money word problems involving purchase and change,,,,
Grade 3,Math,"Data collection: Designing simple surveys, tallying data, and organizing frequency tables",,,,
Grade 3,Math,"Reading, constructing, and interpreting vertical and horizontal bar graphs with varied scales (e.g., scales of 2, 5, 10, 100)",,,,
Grade 3,Math,"Reading and interpreting pictographs with multi-value keys (e.g., 1 icon = 5 or 10 items)",,,,
Grade 3,Math,Reading and interpreting simple line graphs showing trends over time,,,,
Grade 3,Math,"Basic introduction to probability (describing events as certain, likely, equally likely, unlikely, or impossible)",,,,
Grade 3,Math,"Analyzing data sets to find the mode, greatest value, least value, and total frequency",,,,
Grade 3,English,Alphabetical order to the third and fourth letters of words,,,,
Grade 3,English,"Phonics review: complex vowel digraphs and diphthongs (ai, ay, ee, ea, oa, oe, ui, ue, oi, oy, ou, ow, au, aw)",,,,
Grade 3,English,"Phonics: variant vowel spellings (e.g., oo as in book vs. oo as in moon, al, all, alk)",,,,
Grade 3,English,"R-controlled vowel syllables (ar, er, ir, or, ur, are, air, ear, ore, oor)",,,,
Grade 3,English,"Consonant digraphs, trigraphs, and quadgraphs (tch, dge, ph, gh, eigh)",,,,
Grade 3,English,"Silent letter combinations (kn, wr, gn, mb, rh, sc)",,,,
Grade 3,English,"Advanced syllabication rules (dividing multisyllabic words using V/CV, VC/V, VC/CV patterns)",,,,
Grade 3,English,Decoding multisyllabic academic and informational words,,,,
Grade 3,English,High-frequency and grade-level sight words mastery,,,,
Grade 3,English,"Morphemic analysis: Greek and Latin roots (e.g., bio, tele, phon, graph, auto)",,,,
Grade 3,English,"Prefixes and their meaning changes (un-, re-, dis-, pre-, mis-, non-, im-, in-, bi-, tri-)",,,,
Grade 3,English,"Suffixes and grammatical role changes (-ful, -less, -able, -ible, -ly, -ness, -ment, -er, -est, -tion, -sion)",,,,
Grade 3,English,"Spelling rules: doubling final consonants, dropping final e, changing y to i before suffixes",,,,
Grade 3,English,"Compound words (closed, open, and hyphenated compound words)",,,,
Grade 3,English,"Contractions review and advanced forms (should've, would've, must've, won't)",,,,
Grade 3,English,"Synonyms, antonyms, and shades of meaning (e.g., walk, march, stroll, stride)",,,,
Grade 3,English,"Homophones, homographs, and homonyms differentiated in context",,,,
Grade 3,English,Multiple-meaning words and determining intended meaning using sentence context,,,,
Grade 3,English,"Idiomatic expressions and common figurative language (similes, metaphors, hyperbole, personification intro)",,,,
Grade 3,English,"Using context clues (definition, restatement, example, contrast) to determine word meanings",,,,
Grade 3,English,"Using reference materials: print and online dictionaries, glossaries, and thesauruses",,,,
Grade 3,English,"Alphabetical guide words, entry words, pronunciation guides, parts of speech labels, and definitions in a dictionary",,,,
Grade 3,English,"Nouns review: common nouns, proper nouns, and concrete nouns",,,,
Grade 3,English,"Abstract nouns (e.g., honesty, bravery, love, peace, courage)",,,,
Grade 3,English,"Singular and regular plural nouns (rules for -s, -es, -ies, -ves)",,,,
Grade 3,English,"Irregular plural nouns (e.g., crisis/crises, cactus/cacti, datum/data, ox/oxen)",,,,
Grade 3,English,"Collective nouns for groups of people, animals, and objects (e.g., committee, pride of lions, bouquet of flowers)",,,,
Grade 3,English,Singular possessive nouns vs. plural possessive nouns (apostrophe placement rules),,,,
Grade 3,English,Countable vs. mass / non-countable nouns and expressions of quantity,,,,
Grade 3,English,"Personal pronouns: subject pronouns (I, you, he, she, it, we, they) and object pronouns (me, you, him, her, it, us, them)",,,,
Grade 3,English,"Possessive pronouns (mine, yours, his, hers, its, ours, theirs) vs. possessive adjectives (my, your, his, her, its, our, their)",,,,
Grade 3,English,"Reflexive and intensive pronouns (myself, yourself, himself, herself, itself, ourselves, yourselves, themselves)",,,,
Grade 3,English,"Demonstrative pronouns and demonstrative adjectives (this, that, these, those)",,,,
Grade 3,English,"Relative pronouns basics (who, whom, whose, which, that)",,,,
Grade 3,English,"Indefinite pronouns (someone, everybody, nobody, anything, few, several, many)",,,,
Grade 3,English,Action verbs: physical and mental actions,,,,
Grade 3,English,"State-of-being and linking verbs (am, is, are, was, were, be, being, been, seem, appear)",,,,
Grade 3,English,"Helping / auxiliary verbs and modal verbs (can, could, may, might, must, should, would, will)",,,,
Grade 3,English,"Subject-verb agreement: singular/plural subjects, compound subjects joined by 'and'/'or'",,,,
Grade 3,English,"Simple present, simple past, and simple future tenses",,,,
Grade 3,English,"Past tense of irregular verbs (e.g., caught, bought, freeze/froze, fly/flew, teach/taught)",,,,
Grade 3,English,Present perfect tense (has/have + past participle),,,,
Grade 3,English,Past perfect tense (had + past participle),,,,
Grade 3,English,Future perfect tense (will have + past participle),,,,
Grade 3,English,"Progressive / continuous verb tenses (present progressive, past progressive, future progressive)",,,,
Grade 3,English,"Descriptive adjectives, coordinate adjectives, and cumulative adjectives",,,,
Grade 3,English,"Adjectives of quantity, number, and order (ordinal adjectives)",,,,
Grade 3,English,"Degrees of comparison of adjectives: positive, comparative (-er / more), and superlative (-est / most)",,,,
Grade 3,English,"Irregular degrees of comparison (good/better/best, bad/worse/worst, little/less/least, many/more/most)",,,,
Grade 3,English,"Adverbs of manner (how: quickly, carefully, boldly)",,,,
Grade 3,English,"Adverbs of place (where: everywhere, nearby, abroad)",,,,
Grade 3,English,"Adverbs of time (when: yesterday, tomorrow, immediately)",,,,
Grade 3,English,"Adverbs of frequency (how often: always, usually, rarely, never)",,,,
Grade 3,English,"Adverbs of degree (to what extent: very, extremely, quite, almost)",,,,
Grade 3,English,"Comparative and superlative forms of adverbs (more quickly, most carefully)",,,,
Grade 3,English,Prepositions and prepositional phrases functioning as modifiers,,,,
Grade 3,English,"Coordinating conjunctions (FANBOYS: for, and, nor, but, or, yet, so)",,,,
Grade 3,English,"Subordinating conjunctions basics (because, although, since, unless, while, when, if)",,,,
Grade 3,English,"Correlative conjunctions basics (either/or, neither/nor, both/and)",,,,
Grade 3,English,"Interjections and expressing mild vs. strong emotions (Oh!, Wow!, Ouch!)",,,,
Grade 3,English,"Identifying subjects and predicates (simple subject, complete subject, simple predicate, complete predicate)",,,,
Grade 3,English,Compound subjects and compound predicates,,,,
Grade 3,English,"Four sentence structures: simple sentences, compound sentences, complex sentences (introductory), and run-on sentences correction",,,,
Grade 3,English,Correcting sentence fragments and comma splices,,,,
Grade 3,English,"Four sentence types: declarative, interrogative, imperative, and exclamatory",,,,
Grade 3,English,"Capitalization rules: proper nouns, days, months, holidays, nationalities, languages, geographical locations, and book/movie titles",,,,
Grade 3,English,"Punctuation: periods, question marks, exclamation points, commas (in series, dates, addresses, compound sentences, direct address)",,,,
Grade 3,English,Punctuation: apostrophes in possessives and contractions,,,,
Grade 3,English,Punctuation: quotation marks in direct speech and dialogue punctuation rules,,,,
Grade 3,English,"Punctuation: colon (in lists and time format), hyphen, and semicolon introduction",,,,
Grade 3,English,"Reading comprehension strategies: activating prior knowledge, visualizing, questioning, inferring, synthesizing",,,,
Grade 3,English,"Identifying story elements: character traits, motivation, dynamic vs. static characters",,,,
Grade 3,English,"Setting: identifying time, place, and historical/cultural context",,,,
Grade 3,English,"Plot structure: exposition, rising action, climax, falling action, resolution",,,,
Grade 3,English,"Theme: identifying the central life lesson, moral, or message of a literary text",,,,
Grade 3,English,"Point of view in literature: first-person (I, we) vs. third-person (he, she, they)",,,,
Grade 3,English,Making inferences and drawing logical conclusions supported by textual evidence,,,,
Grade 3,English,Identifying explicit facts vs. implicit meanings in a text,,,,
Grade 3,English,Distinguishing fact from opinion and identifying bias in texts,,,,
Grade 3,English,"Cause-and-effect relationships and signal words (due to, as a result of, consequence)",,,,
Grade 3,English,"Compare and contrast texts, characters, or concepts using graphic organizers (Venn diagrams, charts)",,,,
Grade 3,English,Sequencing complex plots and historical events in chronological order,,,,
Grade 3,English,Identifying problem and solution text structures,,,,
Grade 3,English,"Informational text structures: descriptive, chronological/sequence, cause-effect, compare-contrast, problem-solution",,,,
Grade 3,English,"Non-fiction text features: headings, subheadings, captions, sidebars, bulleted lists, bold words, diagrams, flowcharts, maps, timelines, glossaries, indexes",,,,
Grade 3,English,"Author's purpose: persuade, inform, entertain, describe, explain (PIE-ED)",,,,
Grade 3,English,"Poetry analysis: stanza, verse, rhyme scheme, rhythm, alliteration, onomatopoeia, imagery",,,,
Grade 3,English,"Oral language: participating in collaborative discussions, active listening, asking clarifying questions",,,,
Grade 3,English,"Oral language: formal oral presentations, book reports, and storytelling with modulation and pace",,,,
Grade 3,English,"Oral language: choral reading, readers' theater, and speech choir performances",,,,
Grade 3,English,"Writing process: pre-writing / brainstorming, drafting, revising, editing, and publishing",,,,
Grade 3,English,"Paragraph structure: topic sentence, supporting detail sentences, transitional words, and concluding sentence",,,,
Grade 3,English,"Narrative writing: personal narratives, fictional stories with dialogue, character development, and problem-solution plots",,,,
Grade 3,English,"Descriptive writing: sensory descriptions of people, objects, animals, and settings",,,,
Grade 3,English,"Expository / Informative writing: informational reports, summaries, and step-by-step procedural texts",,,,
Grade 3,English,"Persuasive / Opinion writing: stating an opinion, providing supporting reasons/facts, and writing a convincing conclusion",,,,
Grade 3,English,"Functional writing: formal and informal friendly letters, thank-you notes, invitations, and email basics",,,,
Grade 3,English,"Writing responses to literature: analyzing characters, setting, and themes",,,,
Grade 3,English,"Proofreading and editing symbols: checking spelling, punctuation, capitalization, sentence fluency, and grammar",,,,
Grade 3,Filipino,Wastong baybay ng mga salitang natutuhan sa aralin at mga salitang hiram,,,,
Grade 3,Filipino,Pagsasaayos ng mga salita nang paalpabeto hanggang sa ikatlo at ikaapat na titik,,,,
Grade 3,Filipino,"Kayarian ng pantig (P, KP, PK, KPK, KKP, KKPK, KPKK)",,,,
Grade 3,Filipino,Pagpapantig ng mga salitang may tatlo o higit pang pantig,,,,
Grade 3,Filipino,Pagbasa at paggamit ng mga salitang may klaster o kambal-katinig sa pangungusap,,,,
Grade 3,Filipino,"Pagbasa at paggamit ng mga salitang may diptonggo (aw, ay, ey, iw, iy, oy, uy)",,,,
Grade 3,Filipino,Paggamit ng mga pahiwatig sa konteksto (context clues) upang maunawaan ang mahihirap na salita,,,,
Grade 3,Filipino,Pagkilala sa mga salitang magkasingkahulugan at magkasalungat,,,,
Grade 3,Filipino,Pagkilala sa mga salitang magkakatugma sa tula at awitin,,,,
Grade 3,Filipino,Pagkilala sa mga salitang tambalan (tambalang ganap at tambalang di-ganap),,,,
Grade 3,Filipino,"Pagkilala sa salitang-ugat at mga panlapi (unlapi, gitlapi, hulapi, kabilaan)",,,,
Grade 3,Filipino,Pagbuo ng mga bagong salita gamit ang paglalapi,,,,
Grade 3,Filipino,Pagkilala sa mga matatalinghagang salita at sawikain o idyoma sa payak na antas,,,,
Grade 3,Filipino,"Paggamit ng diksyunaryo (pamatnubay na salita, pagbaybay, bahagi ng pananalita, kahulugan)",,,,
Grade 3,Filipino,Paggamit ng thesaurus at iba pang sangguniang aklat pambata,,,,
Grade 3,Filipino,"Wastong paggamit ng magagalang na pananalita sa iba't ibang sitwasyon (pakikipag-usap sa telepono, pagtanggap ng panauhin, pagbibigay ng puna, paghingi ng paumanhin)",,,,
Grade 3,Filipino,Pangngalan: Pagkilala sa uri ng pangngalan (Pantangi at Pambalana),,,,
Grade 3,Filipino,"Uri ng Pangngalang Pambalana: Tahas (kongkreto), Basal (di-kongkreto), at Palansak (kolektibo o grupo)",,,,
Grade 3,Filipino,"Kasarian ng Pangngalan: Panlalaki, Pambabae, Di-tiyak, at Walang Kasarian",,,,
Grade 3,Filipino,"Kailanan ng Pangngalan: Isahan, Dalawahan, at Maramihan",,,,
Grade 3,Filipino,"Gamit ng Pangngalan sa Pangungusap: Simuno, Kaganapang Pansimuno, at Tuwirang Layon",,,,
Grade 3,Filipino,"Panghalip Panao: Panauhan (Una, Ikalawa, Ikatlo) at Kailanan (Isahan, Dalawahan, Maramihan)",,,,
Grade 3,Filipino,"Kaukulan ng Panghalip Panao: Palagyo, Paukol, at Paari",,,,
Grade 3,Filipino,"Panghalip Pamatlig: Anyong ang (ito, iyan, iyon), Anyong ng (nito, niyan, niyon), at Anyong sa (dito, diyan, doon)",,,,
Grade 3,Filipino,"Panghalip Pananong: Isahan (sino, ano, alin, kanino, saan, kailan, bakit, paano, ilan) at Maramihan (sinu-sino, anu-ano, alin-alin, kani-kanino, saan-saan)",,,,
Grade 3,Filipino,"Panghalip Panaklaw (lahat, madla, sinuman, anuman, bawat isa, kailanman)",,,,
Grade 3,Filipino,Pandiwa / Salitang Kilos: Pagkilala sa kilos o galaw,,,,
Grade 3,Filipino,Aspekto ng Pandiwa: Naganap o Perpektibo (kilos na tapos na),,,,
Grade 3,Filipino,Aspekto ng Pandiwa: Katatapos (kilos na katatapos pa lamang gawin gamit ang unlaping 'ka-'),,,,
Grade 3,Filipino,Aspekto ng Pandiwa: Nagaganap o Imperpektibo (kilos na kasalukuyang ginagawa),,,,
Grade 3,Filipino,Aspekto ng Pandiwa: Magaganap o Kontemplatibo (kilos na gagawin pa lamang),,,,
Grade 3,Filipino,Pokus ng Pandiwa: Pokus sa Tagaganap o Aktor (ang simuno ang gumagawa ng kilos),,,,
Grade 3,Filipino,Pokus ng Pandiwa: Pokus sa Layon o Gol (ang layon ang paksa ng pangungusap),,,,
Grade 3,Filipino,"Pang-uri / Salitang Naglalarawan: Pang-uring Panlarawan (hugis, kulay, laki, katangian)",,,,
Grade 3,Filipino,"Pang-uring Pamilang: Patakaran (kardinal), Panunod (ordinal), Pamahagi (fraction), Pahalaga (pera), Palansak (pangkat), at Patakda (tiyak na bilang)",,,,
Grade 3,Filipino,"Kaantasan ng Pang-uri: Lantay, Pahambing (magkatulad at di-magkatulad: pasahol at palamang), at Pasukdol",,,,
Grade 3,Filipino,Pang-abay: Pagkakaiba ng Pang-uri at Pang-abay,,,,
Grade 3,Filipino,Uri ng Pang-abay: Pang-abay na Pamaraan (paano ginawa ang kilos),,,,
Grade 3,Filipino,Uri ng Pang-abay: Pang-abay na Pamanahon (kailan ginawa ang kilos: may pananda at walang pananda),,,,
Grade 3,Filipino,Uri ng Pang-abay: Pang-abay na Panlunan (saan ginawa ang kilos),,,,
Grade 3,Filipino,"Uri ng Pang-abay: Pang-abay na Pang-agam (nagpapahayag ng pag-aalinlangan: tila, baka, wari)",,,,
Grade 3,Filipino,"Uri ng Pang-abay: Pang-abay na Panang-ayon (oo, opo, totoo, talaga) at Pananggi (hindi, ayaw, huwag)",,,,
Grade 3,Filipino,"Pang-angkop: Wastong gamit ng 'na', '-ng', at '-g' sa pag-uugnay ng mga salita",,,,
Grade 3,Filipino,"Pangatnig: Paggamit ng mga pangatnig sa pag-uugnay ng mga sugnay (at, ngunit, subalit, datapwat, habang, samantala, dahil, sapagkat, kaya, kung, kapag, sakali)",,,,
Grade 3,Filipino,"Pang-ukol: Paggamit ng sa, para sa/kay, ayon sa/kay, hinggil sa/kay, alinsunod sa/kay, tungkol sa/kay",,,,
Grade 3,Filipino,"Pagkakaiba ng Parirala, Sugnay (Sugnay na Makapag-iisa at Sugnay na Di-Makapag-iisa), at Pangungusap",,,,
Grade 3,Filipino,Bahagi ng Pangungusap: Payak at Buong Simuno; Payak at Buong Panaguri,,,,
Grade 3,Filipino,Ayos ng Pangungusap: Karaniwang Ayos at Di-Karaniwang Ayos (at paglilipat mula sa isang ayos patungo sa isa pa),,,,
Grade 3,Filipino,"Uri ng Pangungusap ayon sa Gamit: Pasalaysay o Paturol, Patanong, Pautos, Pakiusap, at Padamdam",,,,
Grade 3,Filipino,Kayarian ng Pangungusap: Payak na Pangungusap (iba't ibang kombinasyon ng simuno at panaguri),,,,
Grade 3,Filipino,Kayarian ng Pangungusap: Tambalang Pangungusap (pinag-uugnay ng pangatnig),,,,
Grade 3,Filipino,"Wastong gamit ng mga Bantas: Tuldok (.), Tandang Pananong (?), Tandang Padamdam (!), Kuwit (,), Gitling (-), at Tutuldok (:)",,,,
Grade 3,Filipino,Pakikinig nang may Pag-unawa: Pagsunod sa 3 hanggang 5 hakbang na panuto,,,,
Grade 3,Filipino,"Pakikinig at pagbasa ng mga kwentong-bayan, parabula, alamat, pabula, tula, maikling kwento, at balita",,,,
Grade 3,Filipino,"Elemento ng Kwento: Tauhan, Tagpuan, Banghay (Simula, Saglit na Kasiglahan, Kasukdulan, Kakalasan, Wakas)",,,,
Grade 3,Filipino,"Pagtukoy sa Pangunahing Paksa, Kaisipan, at mga Pansuportang Detalye sa talata",,,,
Grade 3,Filipino,"Pagsusunod-sunod ng mga pangyayari sa binasang teksto gamit ang mga salitang hudyat (una, kasunod, pagkatapos, sa wakas)",,,,
Grade 3,Filipino,Pagtukoy sa Sanhi at Bunga ng mga pangyayari sa binasang akda,,,,
Grade 3,Filipino,"Paghinuha sa damdamin, motibo, at ugali ng mga tauhan batay sa kanilang ikinilos at sinabi",,,,
Grade 3,Filipino,Paghula o paghihinuha sa kalalabasan ng mga pangyayari,,,,
Grade 3,Filipino,Pagtukoy sa pagkakaiba ng Opinyon at Katotohanan,,,,
Grade 3,Filipino,"Pagtukoy sa layunin ng may-akda (magbigay ng impormasyon, magturo ng aral, manghikayat, magpatawa)",,,,
Grade 3,Filipino,Pagbibigay ng sariling solusyon sa suliraning inilahad sa kwento,,,,
Grade 3,Filipino,Pag-uugnay ng sariling karanasan sa mga pangyayari sa binasang teksto,,,,
Grade 3,Filipino,"Pagsusuri ng mga elemento ng tula (saknong, taludtod, tugma, sukat, talinghaga)",,,,
Grade 3,Filipino,"Bahagi ng Pahayagan: Mukha ng Pahayagan / Pangunahing Balita, Editoryal, Balitang Panlalawigan, Balitang Pandaigdig, Lathalain, Pampalakasan, Anunsyo Klasipikado, at Libangan",,,,
Grade 3,Filipino,"Bahagi ng Aklat: Pabalat, Pahina ng Pamagat, Karapatang-Sipi, Paunang Salita, Talaan ng Nilalaman, Katawan ng Aklat, Talahuluganan, Indeks",,,,
Grade 3,Filipino,"Pagsulat sa paraang kabit-kabit (cursive) nang maayos, malinaw, at may wastong bantas",,,,
Grade 3,Filipino,"Pagsulat ng talatang naglalarawan, nagsasalaysay, nagpapaliwanag, at nanghihikayat",,,,
Grade 3,Filipino,"Pagsulat ng liham-pangkaibigan (Liham Pagbating, Liham Paanyaya, Liham Pasasalamat, Liham Paumanhin)",,,,
Grade 3,Filipino,Pagsulat ng liham-pangangalakal sa payak na anyo (Liham ng Paghingi ng Pahintulot),,,,
Grade 3,Filipino,Pagsulat ng maikling balita o ulat tungkol sa isang napapanahong pangyayari,,,,
Grade 3,Filipino,Pagsulat ng talaarawan (diary) at talambuhay ng sarili o ibang tao,,,,
Grade 3,Filipino,Pagsipi at paggawa ng payak na balangkas (outline) ng binasang talata,,,,
Grade 3,Filipino,"Pagsasagawa ng sabayang pagbigkas, deklamasyon, at masining na pagkukuwento",,,,
Grade 3,Social Studies,Ang Sariling Rehiyon: Konsepto ng Rehiyon at Pagkakabuo ng mga Lalawigan,,,,
Grade 3,Social Studies,Lokasyon ng mga Lalawigan sa Sariling Rehiyon Gamit ang Mapa,,,,
Grade 3,Social Studies,Pangunahin at Pangalawang Direksyon sa Pagtukoy ng Kinalalagyan ng mga Lalawigan,,,,
Grade 3,Social Studies,Paggamit ng Iskedyul ng Direksyon (Compass Rose) at Distansya (Scale) sa Mapa,,,,
Grade 3,Social Studies,"Mga Simbolo at Pananda sa Mapa ng Rehiyon (Topographical Map, Political Map, Hazard Map)",,,,
Grade 3,Social Studies,Relatibong Lokasyon ng mga Lalawigan batay sa mga Nakapaligid na Anyong Lupa at Anyong Tubig,,,,
Grade 3,Social Studies,"Mga Katangiang Pisikal ng Sariling Rehiyon: Mga Anyong Lupa (Bundok, Bulkan, Burol, Kapatagan, Lambak, Talampas, Pulo)",,,,
Grade 3,Social Studies,"Mga Katangiang Pisikal ng Sariling Rehiyon: Mga Anyong Tubig (Karagatan, Dagat, Ilog, Lawa, Look, Golpo, Talon, Bukal, Sapa)",,,,
Grade 3,Social Studies,Klima at Panahon sa Sariling Rehiyon: Uri ng Klima ayon sa Corona Classification sa Pilipinas,,,,
Grade 3,Social Studies,"Epekto ng Klima at Lokasyon sa Pamumuhay, Pananamit, at Tahanan ng mga Tao sa Rehiyon",,,,
Grade 3,Social Studies,Pagtukoy sa mga Lugar na Sensitibo sa Panganib at Kalamidad Gamit ang Hazard Map,,,,
Grade 3,Social Studies,"Mga Likas na Yaman ng Sariling Rehiyon: Yamang Lupa, Yamang Tubig, Yamang Gubat, at Yamang Mineral",,,,
Grade 3,Social Studies,Kahalagahan ng Wasto at Matalinong Paggamit ng Likas na Yaman sa Rehiyon,,,,
Grade 3,Social Studies,"Mga Epekto ng Maling Paggamit ng Likas na Yaman (Pagbaha, Pagguho ng Lupa, Polusyon)",,,,
Grade 3,Social Studies,Pangangalaga at Konserbasyon ng mga Likas na Yaman ng Sariling Lalawigan at Rehiyon,,,,
Grade 3,Social Studies,Pinagmulan at Kasaysayan ng mga Lalawigan sa Sariling Rehiyon,,,,
Grade 3,Social Studies,Pinagmulan ng Pangalan ng Bawat Lalawigan at Bayan sa Rehiyon,,,,
Grade 3,Social Studies,Mahahalagang Pangyayari sa Kasaysayan ng Sariling Rehiyon (Historical Timeline),,,,
Grade 3,Social Studies,"Mga Pagbabago sa Sariling Rehiyon Noon at Ngayon (Populasyon, Kapaligiran, Ekonomiya, Imprastraktura)",,,,
Grade 3,Social Studies,Mga Bagay na Nanatili at Nagpatuloy sa Rehiyon sa Paglipas ng Panahon,,,,
Grade 3,Social Studies,"Mga Makasaysayang Pook, Bantayog, Monumento, at Dambana sa Sariling Lalawigan at Rehiyon",,,,
Grade 3,Social Studies,"Mga Natatanging Bayani, Lider, at Kilalang Personalidad ng Sariling Rehiyon",,,,
Grade 3,Social Studies,"Kahalagahan ng mga Sagisag at Opisyal na Simbolo ng mga Lalawigan at Rehiyon (Official Seal, Hymn, Flag)",,,,
Grade 3,Social Studies,"Pagkakakilanlang Kultural ng Sariling Rehiyon: Katutubong Wika, Diyalekto, at Panitikan",,,,
Grade 3,Social Studies,"Mga Tradisyon, Kaugalian, at Paniniwala sa Bawat Lalawigan ng Rehiyon",,,,
Grade 3,Social Studies,"Mga Pagdiriwang na Pansibiko at Panrelihiyon (Mga Pista, Festival, Araw ng Lalawigan)",,,,
Grade 3,Social Studies,"Sining, Musika, Katutubong Sayaw, at Katutubong Laro sa Rehiyon",,,,
Grade 3,Social Studies,"Mga Tradisyonal na Kasuotan, Katutubong Sining, at Likhang-Kamay sa Rehiyon",,,,
Grade 3,Social Studies,Mga Katutubong Pangkat / Etnolinggwistikong Grupo sa Rehiyon at Kanilang Pamumuhay,,,,
Grade 3,Social Studies,Pagpapahalaga at Paggalang sa Pagkakaiba-iba ng Kultura sa Loob ng Rehiyon,,,,
Grade 3,Social Studies,Pangunahing Kabuhayan at Hanapbuhay ng mga Tao sa mga Lalawigan ng Rehiyon,,,,
Grade 3,Social Studies,"Mga Pangunahing Produkto at Kalakal ng mga Lalawigan (Agrikultura, Pangisdaan, Industriya, Turismo)",,,,
Grade 3,Social Studies,Ugnayan at Pagpapalitan ng mga Produkto sa Pagitan ng mga Lalawigan sa Rehiyon,,,,
Grade 3,Social Studies,"Konsepto ng Suplay, Pangangailangan, at Pamilihan sa Ekonomiya ng Rehiyon",,,,
Grade 3,Social Studies,"Epekto ng Modernisasyon, Transportasyon, at Komunikasyon sa Ekonomiya ng Rehiyon",,,,
Grade 3,Social Studies,"Kahalagahan ng Imprastraktura (Tulay, Daan, Pantalan, Paliparan) sa Kaunlaran ng Lalawigan",,,,
Grade 3,Social Studies,"Ang Pamahalaang Lokal: Ang Pamahalaang Panlalawigan, Pambayan, at Panlungsod",,,,
Grade 3,Social Studies,"Mga Pinuno ng Pamahalaang Lokal (Gobernador, Bise-Gobernador, Board Members, Alkalde, Bise-Alkalde, Konsehal)",,,,
Grade 3,Social Studies,Paraan ng Pagpili at Paghahalal sa mga Pinuno ng Pamahalaang Lokal,,,,
Grade 3,Social Studies,"Mga Tungkulin, Pananagutan, at Serbisyo ng Pamahalaang Lokal sa Mamamayan",,,,
Grade 3,Social Studies,"Mga Batas, Ordinansa, at Alituntunin na Ipinatutupad sa Lalawigan at Bayan",,,,
Grade 3,Social Studies,Mga Karapatan ng Mamamayan sa Pamayanan at Lalawigan,,,,
Grade 3,Social Studies,Mga Tungkulin at Responsibilidad ng Mamamayan sa Pagsunod sa Batas at Pagpapanatili ng Kapayapaan,,,,
Grade 3,Social Studies,Pakikilahok ng mga Mamamayan sa mga Proyektong Pangkaunlaran ng Rehiyon,,,,
Grade 3,Social Studies,Paghahanda at Pagtugon sa Kalamidad sa Antas ng Rehiyon (Disaster Risk Reduction and Management),,,,
Grade 3,Social Studies,Mga Ahensya ng Pamahalaan na Tumutulong sa Panahon ng Sakuna sa Rehiyon,,,,
Grade 4,Science,Classifying materials based on their properties (absorbent vs. non-absorbent / porosity),,,,
Grade 4,Science,Buoyancy of materials: Ability to float or sink in water (density conceptually introduced),,,,
Grade 4,Science,Biodegradable vs. non-biodegradable waste materials,,,,
Grade 4,Science,Decaying vs. non-decaying matter and the decomposition process,,,,
Grade 4,Science,"Factors affecting the decay of materials (moisture, temperature, exposure to air)",,,,
Grade 4,Science,Effects of decaying materials on human health and the environment,,,,
Grade 4,Science,"Safe handling, storage, and disposal of household materials",,,,
Grade 4,Science,"The 5Rs of waste management: Reduce, Reuse, Recycle, Refuse, Recover",,,,
Grade 4,Science,Changes in materials when exposed to temperature changes (heating and cooling),,,,
Grade 4,Science,"Physical changes in matter: Bending, pressing, hammering, stretching, and cutting",,,,
Grade 4,Science,"Changes in properties of materials when mixed (solid with solid, solid with liquid, liquid with liquid)",,,,
Grade 4,Science,Homogeneous vs. Heterogeneous mixtures (exploratory introduction),,,,
Grade 4,Science,"Changes in materials that are useful vs. harmful to the environment (burning, rusting, pollution)",,,,
Grade 4,Science,Major human organ systems and their functions,,,,
Grade 4,Science,"Skeletal system: Major bones of the body (skull, ribs, spine, pelvis, collarbone, limb bones)",,,,
Grade 4,Science,"Functions of the skeletal system (support, protection of organs, movement framework)",,,,
Grade 4,Science,Muscular system: Major muscle groups and voluntary vs. involuntary muscles,,,,
Grade 4,Science,"How bones, joints, and muscles work together to create movement",,,,
Grade 4,Science,"Digestive system: Path of food through the body (mouth, esophagus, stomach, small intestine, large intestine, rectum, anus)",,,,
Grade 4,Science,Digestive system: Roles of mechanical and chemical digestion,,,,
Grade 4,Science,"Digestive system: Common ailments (hyperacidity, diarrhea, constipation) and preventive care",,,,
Grade 4,Science,"Respiratory system: Organs of breathing (nose, trachea, bronchi, lungs, diaphragm)",,,,
Grade 4,Science,Respiratory system: Mechanism of inhalation and exhalation (gas exchange),,,,
Grade 4,Science,"Respiratory system: Common respiratory illnesses (asthma, bronchitis, colds) and prevention",,,,
Grade 4,Science,"Circulatory system: Heart, blood vessels (arteries, veins, capillaries), and blood",,,,
Grade 4,Science,Circulatory system: How oxygenated and deoxygenated blood circulate through the body,,,,
Grade 4,Science,Circulatory system: Practices for maintaining cardiovascular health,,,,
Grade 4,Science,"Brain and Nervous system introduction: Basic role of the brain, spinal cord, and nerves",,,,
Grade 4,Science,Interdependence and coordination among major human organ systems,,,,
Grade 4,Science,Animal body structures specialized for survival in terrestrial habitats,,,,
Grade 4,Science,Animal body structures specialized for survival in aquatic habitats,,,,
Grade 4,Science,Animal body structures specialized for survival in aerial/arboreal habitats,,,,
Grade 4,Science,"Animal adaptations for food acquisition (specialized beaks, teeth, claws, tongues)",,,,
Grade 4,Science,"Animal adaptations for defense and protection (camouflage, mimicry, shells, poisons, coloration)",,,,
Grade 4,Science,Animal body coverings and their thermoregulatory and protective functions,,,,
Grade 4,Science,Complete vs. incomplete metamorphosis in insects (detailed comparison),,,,
Grade 4,Science,"Life cycles of egg-laying animals (birds, reptiles, amphibians, fish)",,,,
Grade 4,Science,Life cycles of live-bearing animals (mammals),,,,
Grade 4,Science,Inherited vs. acquired traits in animals,,,,
Grade 4,Science,"Plant structures specialized for terrestrial environments (deep roots, thick bark, waxy cuticles)",,,,
Grade 4,Science,"Plant structures specialized for aquatic environments (spongy stems, buoyant leaves, air sacs)",,,,
Grade 4,Science,"Specialized plant defenses (thorns, spines, irritating chemicals, bitter taste)",,,,
Grade 4,Science,"Photosynthesis overview: Role of chlorophyll, sunlight, water, and carbon dioxide in food production",,,,
Grade 4,Science,Stages of plant growth: Seed germination to mature seed-producing plant,,,,
Grade 4,Science,"Asexual vs. sexual reproduction in plants (seeds vs. vegetative propagation: runners, tubers, bulbs, cuttings)",,,,
Grade 4,Science,Environmental factors affecting plant and animal life cycles,,,,
Grade 4,Science,Ecosystems: Biotic (living) and Abiotic (non-living) components,,,,
Grade 4,Science,"Producers, Primary Consumers, Secondary Consumers, Tertiary Consumers, and Decomposers",,,,
Grade 4,Science,"Constructing and analyzing food chains, food webs, and energy pyramids",,,,
Grade 4,Science,"Symbiotic relationships: Mutualism, Commensalism, Parasitism, and Predation",,,,
Grade 4,Science,"Forces: Contact forces (friction, applied force, normal force, tension)",,,,
Grade 4,Science,"Forces: Non-contact forces (gravitational force, magnetic force, electrostatic force)",,,,
Grade 4,Science,"Effects of force on the shape, size, and motion of an object",,,,
Grade 4,Science,Measuring force using spring balances and newtons (N),,,,
Grade 4,Science,"Friction: Static, sliding, and rolling friction",,,,
Grade 4,Science,"Factors affecting frictional force (surface roughness, weight/mass of the object)",,,,
Grade 4,Science,Advantages and disadvantages of friction in daily activities,,,,
Grade 4,Science,Methods of reducing and increasing friction,,,,
Grade 4,Science,Magnetic attraction and repulsion; magnetic fields and electromagnets basics,,,,
Grade 4,Science,Gravity: How Earth's gravitational pull affects objects of different masses,,,,
Grade 4,Science,"Light: Sources, straight-line propagation, and speed of light basics",,,,
Grade 4,Science,"Transmission, reflection, and absorption of light by different materials",,,,
Grade 4,Science,"Refraction of light: How light bends when passing from one medium to another (lenses, prisms, water)",,,,
Grade 4,Science,Colors of light: White light dispersion and the visible spectrum (rainbow formation),,,,
Grade 4,Science,Sound: Production through vibrations and frequency basics,,,,
Grade 4,Science,"How sound travels through different states of matter (solids, liquids, gases)",,,,
Grade 4,Science,"Characteristics of sound: Pitch, volume/loudness, and timbre/quality",,,,
Grade 4,Science,"Reflection of sound: Echoes, reverberation, and echolocation in animals",,,,
Grade 4,Science,Heat: Distinction between heat (energy) and temperature (degree of hotness),,,,
Grade 4,Science,"Heat transfer methods: Conduction (solids), Convection (fluids/gases), Radiation (waves)",,,,
Grade 4,Science,Good thermal conductors vs. thermal insulators and their everyday applications,,,,
Grade 4,Science,"Soil types: Sandy soil, clay soil, and loam (composition, particle size, water holding capacity)",,,,
Grade 4,Science,"Soil layers: O-horizon (organic matter), A-horizon (topsoil), B-horizon (subsoil), C-horizon (parent rock), R-horizon (bedrock)",,,,
Grade 4,Science,"Importance of soil in sustaining plant life, agriculture, and groundwater filtration",,,,
Grade 4,Science,"Soil erosion: Agents of erosion (running water, wind, human activities, animals)",,,,
Grade 4,Science,"Effects of soil erosion on landforms, agriculture, and water quality",,,,
Grade 4,Science,"Methods of soil conservation (crop rotation, strip cropping, terracing, contour plowing, reforestation)",,,,
Grade 4,Science,Water resources: Distribution of saltwater vs. freshwater on Earth,,,,
Grade 4,Science,"Major sources of freshwater: Surface water (rivers, lakes, streams) and groundwater (aquifers, wells, springs)",,,,
Grade 4,Science,"The Water cycle: Detailed processes of evaporation, transpiration, condensation, precipitation, surface runoff, and percolation",,,,
Grade 4,Science,"Importance of the water cycle to climate, agriculture, and living organisms",,,,
Grade 4,Science,Water conservation practices and preventing water pollution,,,,
Grade 4,Science,"Weather: Elements of weather (temperature, humidity, atmospheric pressure, wind speed/direction, precipitation, cloud cover)",,,,
Grade 4,Science,"Weather instruments and how they operate (thermometer, hygrometer, barometer, anemometer, wind vane, rain gauge)",,,,
Grade 4,Science,"Interpretation of weather charts, synoptic maps, and satellite imagery",,,,
Grade 4,Science,"Cloud classification: High (cirrus), Mid (altocumulus, altostratus), Low (stratus, stratocumulus), and Vertical (cumulonimbus)",,,,
Grade 4,Science,"Typhoons and tropical cyclones: Formation, structure (eye, eyewall, rainbands), and landfall effects",,,,
Grade 4,Science,Public Storm Warning Signals (PSWS) and disaster preparedness protocols,,,,
Grade 4,Science,"Pre-disaster, during-disaster, and post-disaster safety measures for typhoons, floods, and landslides",,,,
Grade 4,Science,"The Sun: Structure, composition, and nuclear fusion (basic concept)",,,,
Grade 4,Science,"Effects of solar radiation on Earth's atmosphere, hydrosphere, and living systems",,,,
Grade 4,Science,"Beneficial uses of solar energy (solar panels, drying, plant growth, health)",,,,
Grade 4,Science,Harmful effects of excessive sun exposure and protective measures,,,,
Grade 4,Science,"Earth's rotation: Axial tilt, day and night cycle, time zones concept",,,,
Grade 4,Science,"Earth's revolution: Elliptical orbit around the Sun, length of a year, causes of the four seasons",,,,
Grade 4,Science,"The Moon: Origin, surface features (craters, maria, highlands), and lack of atmosphere",,,,
Grade 4,Science,Phases of the Moon (detailed 29.5-day synodic lunar cycle),,,,
Grade 4,Science,Eclipses introduction: Solar eclipse (Moon between Earth and Sun) vs. Lunar eclipse (Earth between Sun and Moon),,,,
Grade 4,Science,The Solar System: Inner terrestrial planets vs. outer gas/ice giants,,,,
Grade 4,Science,"Asteroids, comets, and meteors (meteoroids, meteors, meteorites)",,,,
Grade 4,Science,Scientific investigation: Identifying testable questions and formulating hypotheses,,,,
Grade 4,Science,"Scientific investigation: Controlling variables (independent, dependent, controlled)",,,,
Grade 4,Science,Scientific investigation: Designing fair test experiments and collecting quantitative data,,,,
Grade 4,Science,"Scientific investigation: Data analysis, error identification, and drawing valid scientific conclusions",,,,
Grade 4,Math,"Reading and writing whole numbers up to 100,000 in symbols and in words",,,,
Grade 4,Math,"Place value and value of a digit in numbers up to 100,000",,,,
Grade 4,Math,"Composing, decomposing, and expanded form of numbers up to 100,000",,,,
Grade 4,Math,"Comparing and ordering numbers up to 100,000 using relation symbols (>, <, =)",,,,
Grade 4,Math,Rounding whole numbers to the nearest thousands and ten thousands,,,,
Grade 4,Math,Multiplication of whole numbers up to 3 digits by numbers up to 2 digits without and with regrouping,,,,
Grade 4,Math,"Multiplication of whole numbers up to 2 digits by numbers up to 2 digits using lattice, area models, and standard algorithm",,,,
Grade 4,Math,"Multiplying whole numbers by multiples of 10, 100, and 1,000 mentally",,,,
Grade 4,Math,Estimating products of 3- to 4-digit numbers multiplied by 2- to 3-digit numbers,,,,
Grade 4,Math,Solving multi-step routine and non-routine word problems involving multiplication of whole numbers,,,,
Grade 4,Math,Division of 3- to 4-digit numbers by 1- to 2-digit numbers without remainders,,,,
Grade 4,Math,Division of 3- to 4-digit numbers by 1- to 2-digit numbers with remainders,,,,
Grade 4,Math,"Dividing whole numbers by multiples of 10, 100, and 1,000 mentally",,,,
Grade 4,Math,Estimating quotients of 3- to 4-digit numbers divided by 1- to 2-digit numbers,,,,
Grade 4,Math,Solving multi-step routine and non-routine word problems involving division of whole numbers,,,,
Grade 4,Math,Order of operations involving the four basic operations with or without grouping symbols (MDAS and PEMDAS rules),,,,
Grade 4,Math,Factors and multiples of a given whole number,,,,
Grade 4,Math,Prime and composite numbers from 1 to 100,,,,
Grade 4,Math,"Divisibility rules for 2, 3, 4, 5, 6, 8, 9, 10, 11, and 12",,,,
Grade 4,Math,Prime factorization using factor trees and continuous division / ladder method,,,,
Grade 4,Math,"Finding the Greatest Common Factor (GCF) of two to three numbers using listing, prime factorization, and continuous division",,,,
Grade 4,Math,"Finding the Least Common Multiple (LCM) of two to three numbers using listing, prime factorization, and continuous division",,,,
Grade 4,Math,Solving real-life word problems involving GCF and LCM,,,,
Grade 4,Math,"Identifying and illustrating proper fractions, improper fractions, and mixed numbers",,,,
Grade 4,Math,Converting improper fractions to mixed numbers and vice versa,,,,
Grade 4,Math,Finding equivalent fractions using multiplication and division,,,,
Grade 4,Math,Simplifying / reducing fractions to lowest terms using the GCF,,,,
Grade 4,Math,"Comparing and ordering dissimilar fractions using cross-multiplication, common denominators, and decimal conversion",,,,
Grade 4,Math,Visualizing and performing addition of similar fractions and mixed numbers,,,,
Grade 4,Math,Visualizing and performing subtraction of similar fractions and mixed numbers,,,,
Grade 4,Math,Adding dissimilar fractions and mixed numbers by finding the Least Common Denominator (LCD),,,,
Grade 4,Math,Subtracting dissimilar fractions and mixed numbers with and without regrouping,,,,
Grade 4,Math,Solving routine and non-routine word problems involving addition and subtraction of fractions,,,,
Grade 4,Math,Concept of decimals as fractions with denominators that are powers of 10,,,,
Grade 4,Math,Reading and writing decimal numbers through hundredths and thousandths,,,,
Grade 4,Math,Place value and value of a digit in decimal numbers through hundredths and thousandths,,,,
Grade 4,Math,Comparing and ordering decimal numbers through hundredths and thousandths,,,,
Grade 4,Math,"Rounding decimal numbers to the nearest whole number, tenth, and hundredth",,,,
Grade 4,Math,Converting common fractions to decimals and decimals to fractions,,,,
Grade 4,Math,Adding decimal numbers through hundredths with and without regrouping,,,,
Grade 4,Math,Subtracting decimal numbers through hundredths with and without regrouping,,,,
Grade 4,Math,Solving routine and non-routine word problems involving addition and subtraction of decimals and money amounts,,,,
Grade 4,Math,"Identifying and describing parallel, intersecting, and perpendicular lines using geometric notations",,,,
Grade 4,Math,"Classifying angles: acute angles, right angles, and obtuse angles",,,,
Grade 4,Math,Measuring and drawing angles using a protractor (degrees °),,,,
Grade 4,Math,"Classifying triangles according to their side lengths: equilateral, isosceles, scalene",,,,
Grade 4,Math,"Classifying triangles according to their angle measurements: acute, right, obtuse",,,,
Grade 4,Math,"Properties of quadrilaterals: square, rectangle, parallelogram, rhombus, trapezoid, and kite",,,,
Grade 4,Math,"Finding the perimeter of various polygons (triangles, quadrilaterals, regular polygons)",,,,
Grade 4,Math,Solving routine and non-routine word problems involving perimeter of plane figures,,,,
Grade 4,Math,"Concept and standard square units of area ($cm^2, m^2$)",,,,
Grade 4,Math,Differentiating between perimeter (boundary length) and area (surface region),,,,
Grade 4,Math,Deriving and applying the area formula for squares ($A = s \times s$),,,,
Grade 4,Math,Deriving and applying the area formula for rectangles ($A = l \times w$),,,,
Grade 4,Math,Deriving and applying the area formula for triangles ($A = \frac{1}{2} \times b \times h$),,,,
Grade 4,Math,Deriving and applying the area formula for parallelograms ($A = b \times h$),,,,
Grade 4,Math,"Finding the area of composite figures made of squares, rectangles, and triangles",,,,
Grade 4,Math,Solving real-life word problems involving area of plane figures and composite shapes,,,,
Grade 4,Math,"Concept of volume and standard cubic units ($cm^3, m^3$)",,,,
Grade 4,Math,Deriving and applying the volume formula for cubes ($V = s^3$),,,,
Grade 4,Math,Deriving and applying the volume formula for rectangular prisms ($V = l \times w \times h$),,,,
Grade 4,Math,Solving routine and non-routine word problems involving volume of rectangular prisms,,,,
Grade 4,Math,"Converting units of time (seconds, minutes, hours, days, weeks, months, years)",,,,
Grade 4,Math,"Calculating elapsed time in hours, minutes, and days across multi-step scenarios",,,,
Grade 4,Math,Solving real-life word problems involving time intervals and scheduling,,,,
Grade 4,Math,"Continuous and repeating patterns involving numbers, shapes, and operational rules",,,,
Grade 4,Math,Finding the missing term(s) in a sequence and formulating a general algebraic rule,,,,
Grade 4,Math,"Working with number sentences and equations involving one unknown variable (e.g., $3 \times n + 4 = 19$)",,,,
Grade 4,Math,"Collecting, organizing, and recording data in single and double frequency tables",,,,
Grade 4,Math,Constructing and interpreting single bar graphs (horizontal and vertical),,,,
Grade 4,Math,Constructing and interpreting double bar graphs for comparative data sets,,,,
Grade 4,Math,Constructing and interpreting single line graphs showing changes over time,,,,
Grade 4,Math,Constructing and interpreting double line graphs,,,,
Grade 4,Math,Solving real-life problems using data presented in single and double graphs,,,,
Grade 4,Math,"Concept of simple probability and experiments (coin tosses, rolling dice, spinners)",,,,
Grade 4,Math,"Expressing the probability of an event as a fraction (e.g., $\frac{1}{2}, \frac{1}{6}$)",,,,
Grade 4,Math,Distinguishing between theoretical probability and experimental outcomes,,,,
Grade 4,English,Alphabetical order using guide words in dictionaries and encyclopedias,,,,
Grade 4,English,Phonics review: multisyllabic word decoding using structural analysis,,,,
Grade 4,English,"Vowel digraphs, diphthongs, and variant vowel combinations in advanced vocabulary",,,,
Grade 4,English,"Consonant blends, digraphs, and silent letter clusters (kn, wr, mb, gn, rh, sc, ps, gh)",,,,
Grade 4,English,Syllabication rules for four- to five-syllable academic words,,,,
Grade 4,English,"Greek and Latin roots (e.g., aqua, terra, aud, spect, dict, port, scrib/script)",,,,
Grade 4,English,"Prefixes and their semantic impact (anti-, mid-, over-, under-, inter-, trans-, super-, sub-, semi-)",,,,
Grade 4,English,"Suffixes transforming parts of speech (-tion/-sion, -ity, -ment, -ance/-ence, -ious/-ous, -ive, -ly, -ful, -less)",,,,
Grade 4,English,"Spelling rules: doubling final consonants, dropping silent e, y-to-i rules, and pluralization of irregular words",,,,
Grade 4,English,"Compound words: closed, open, and hyphenated forms",,,,
Grade 4,English,"Advanced contractions and avoiding common pitfalls (e.g., its vs. it's, their vs. they're vs. there)",,,,
Grade 4,English,"Synonyms, antonyms, and precision in word choice (connotation vs. denotation)",,,,
Grade 4,English,"Homophones, homographs, and homonyms identified and applied in context",,,,
Grade 4,English,Idiomatic expressions and colloquial language in context,,,,
Grade 4,English,"Figurative language: similes, metaphors, personification, hyperbole, and onomatopoeia",,,,
Grade 4,English,"Using context clues: definition, synonym, antonym, example, and general inference clues",,,,
Grade 4,English,"Using reference sources: print/online dictionaries, thesauruses, glossaries, almanacs, and encyclopedias",,,,
Grade 4,English,"Interpreting dictionary entries: headword, pronunciation guide, part of speech, definition, and etymology",,,,
Grade 4,English,Nouns: common and proper nouns with advanced capitalization rules,,,,
Grade 4,English,"Concrete nouns vs. abstract nouns (e.g., courage, freedom, loyalty, empathy)",,,,
Grade 4,English,"Countable nouns vs. mass/uncountable nouns with quantity classifiers (a piece of, a pinch of, a gallon of)",,,,
Grade 4,English,"Singular and plural forms of regular and irregular nouns (including Latin/Greek plurals like criteria, phenomena)",,,,
Grade 4,English,"Collective nouns for people, animals, and objects (e.g., panel of judges, colony of ants, fleet of ships)",,,,
Grade 4,English,"Singular, plural, and joint possessive nouns using apostrophes correctly",,,,
Grade 4,English,"Pronouns: personal pronouns (subjective, objective, and possessive forms)",,,,
Grade 4,English,"Reflexive and intensive pronouns (myself, himself, themselves)",,,,
Grade 4,English,Demonstrative pronouns vs. demonstrative adjectives,,,,
Grade 4,English,"Relative pronouns (who, whom, whose, which, that) in complex sentences",,,,
Grade 4,English,"Indefinite pronouns and pronoun-antecedent agreement (singular: everyone, somebody; plural: both, few, many)",,,,
Grade 4,English,"Interrogative pronouns (who, whom, whose, which, what)",,,,
Grade 4,English,Action verbs: transitive verbs (with direct objects) and intransitive verbs (without direct objects),,,,
Grade 4,English,"Linking verbs and predicate adjectives/nouns (is, seem, appear, feel, look, become)",,,,
Grade 4,English,"Helping/auxiliary verbs and modal auxiliaries (can, could, may, might, must, should, would, will)",,,,
Grade 4,English,"Subject-verb agreement: basic rules, compound subjects (and, or, nor), and intervening phrases",,,,
Grade 4,English,"Simple tenses of regular and irregular verbs (present, past, future)",,,,
Grade 4,English,"Perfect tenses of verbs: present perfect, past perfect, and future perfect",,,,
Grade 4,English,"Progressive/continuous tenses: present progressive, past progressive, and future progressive",,,,
Grade 4,English,Consistency of verb tense within paragraphs,,,,
Grade 4,English,"Descriptive, quantitative, and demonstrative adjectives",,,,
Grade 4,English,"Proper adjectives derived from proper nouns (e.g., Victorian, Hispanic, Shakespearean)",,,,
Grade 4,English,"Order of adjectives before a noun (quantity, opinion, size, age, shape, color, origin, material, purpose)",,,,
Grade 4,English,"Degrees of comparison of adjectives: positive, comparative, and superlative (regular and irregular forms)",,,,
Grade 4,English,"Adverbs of manner, place, time, frequency, and degree",,,,
Grade 4,English,"Forming adverbs from adjectives using -ly and irregular forms (good/well, fast/fast, hard/hard)",,,,
Grade 4,English,"Degrees of comparison of adverbs (more quietly, most loudly, better, worse)",,,,
Grade 4,English,Prepositions and prepositional phrases acting as adjective or adverb modifiers,,,,
Grade 4,English,"Coordinating conjunctions (FANBOYS: for, and, nor, but, or, yet, so)",,,,
Grade 4,English,"Subordinating conjunctions (although, because, since, unless, while, whereas, whenever)",,,,
Grade 4,English,"Correlative conjunctions (either...or, neither...nor, both...and, not only...but also)",,,,
Grade 4,English,Interjections and appropriate punctuation for varying emotional intensities,,,,
Grade 4,English,"Sentence structures: simple subjects, complete subjects, compound subjects",,,,
Grade 4,English,"Sentence structures: simple predicates, complete predicates, compound predicates",,,,
Grade 4,English,"Sentence types by structure: simple, compound, complex, and compound-complex introductory concepts",,,,
Grade 4,English,"Identifying and correcting sentence fragments, run-on sentences, and comma splices",,,,
Grade 4,English,"Sentence types by function: declarative, interrogative, imperative, and exclamatory",,,,
Grade 4,English,Direct speech and indirect / reported speech,,,,
Grade 4,English,"Capitalization rules: first words, proper nouns, titles, acronyms, and geographical terms",,,,
Grade 4,English,"Punctuation: periods, question marks, exclamation marks",,,,
Grade 4,English,"Punctuation: commas in series, dates, addresses, introductory clauses, direct address, and tag questions",,,,
Grade 4,English,Punctuation: apostrophes in contractions and possession,,,,
Grade 4,English,Punctuation: quotation marks and commas in dialogue and citations,,,,
Grade 4,English,"Punctuation: colons in lists, semicolons in compound sentences, and hyphens in compound modifiers",,,,
Grade 4,English,"Reading comprehension: active reading strategies (predicting, visualizing, questioning, clarifying, summarizing)",,,,
Grade 4,English,"Literary elements: characterization (direct and indirect), static vs. dynamic characters, protagonist and antagonist",,,,
Grade 4,English,"Setting: establishing atmosphere, time period, geographic location, and cultural background",,,,
Grade 4,English,"Plot structure: exposition, inciting incident, rising action, climax, falling action, and resolution/denouement",,,,
Grade 4,English,"Conflict types: character vs. character, character vs. self, character vs. nature, character vs. society",,,,
Grade 4,English,Theme identification: discovering underlying moral lessons and universal human experiences in literature,,,,
Grade 4,English,"Point of view in narrative: first-person (I, we), third-person limited, and third-person omniscient",,,,
Grade 4,English,Making inferences and drawing valid conclusions supported by specific text citations,,,,
Grade 4,English,Distinguishing between explicit statements and implicit/implied meanings,,,,
Grade 4,English,"Distinguishing between fact, opinion, and substantiated judgment",,,,
Grade 4,English,Cause-and-effect relationships: multi-cause and multi-effect chains,,,,
Grade 4,English,"Compare and contrast texts, themes, authors' styles, and cultural perspectives",,,,
Grade 4,English,Sequencing non-linear story plots (flashbacks and foreshadowing basics),,,,
Grade 4,English,"Informational text structures: descriptive, chronological/sequential, cause-effect, compare-contrast, problem-solution",,,,
Grade 4,English,"Analyzing non-fiction text features: sidebars, infographics, diagrams, timelines, captions, footnotes, indexes",,,,
Grade 4,English,Determining main ideas and summarizing informational texts without inserting personal bias,,,,
Grade 4,English,"Analyzing author's purpose, point of view, tone, and intended audience",,,,
Grade 4,English,"Poetry elements: rhythm, meter, rhyme scheme (AABB, ABAB), stanzas, sensory imagery, and tone",,,,
Grade 4,English,"Oral communication: active listening, note-taking during lectures, and asking critical follow-up questions",,,,
Grade 4,English,"Oral communication: delivering formal speeches, persuasive pitches, and book talks with modulation and posture",,,,
Grade 4,English,"Oral communication: participating effectively in group discussions, debates, and literature circles",,,,
Grade 4,English,"Oral communication: expressive oral interpretation, choral reading, and dramatic monologues",,,,
Grade 4,English,"The writing process: pre-writing (brainstorming, clustering, outlines), drafting, revising, editing, and publishing",,,,
Grade 4,English,"Paragraph development: strong topic sentences, relevant supporting details, transitional devices, and clincher sentences",,,,
Grade 4,English,"Multi-paragraph essay structure: introductory paragraph with hook/thesis, body paragraphs, and conclusion",,,,
Grade 4,English,"Narrative writing: craft vivid short stories with developed characters, setting, rising tension, dialogue, and resolution",,,,
Grade 4,English,"Descriptive writing: using sensory language, spatial order, and precise adjectives/adverbs to depict scenes",,,,
Grade 4,English,"Expository / Informative writing: cause-and-effect essays, comparison-and-contrast essays, and how-to procedures",,,,
Grade 4,English,"Opinion / Persuasive writing: thesis statement, logical arguments, evidence, addressing counterarguments, and call to action",,,,
Grade 4,English,"Functional writing: formal business letters, emails, invitations, thank-you notes, and complaint letters",,,,
Grade 4,English,"Research skills: locating information across print and digital sources, taking organized notes, avoiding plagiarism",,,,
Grade 4,English,"Citing sources simply (author, title, publication date)",,,,
Grade 4,English,"Proofreading and revising: evaluating coherence, unity, sentence variety, word choice, and mechanical accuracy",,,,
Grade 4,Filipino,Wastong baybay ng mga salita batay sa Ortograpiyang Pambansa,,,,
Grade 4,Filipino,Wastong baybay at pag-aangkop ng mga salitang hiram sa wikang Filipino,,,,
Grade 4,Filipino,Pagsasaayos ng mga salita nang paalpabeto batay sa una hanggang ikaapat na titik,,,,
Grade 4,Filipino,"Kayarian ng pantig (P, KP, PK, KPK, KKP, KKPK, KPKK, KKPKK)",,,,
Grade 4,Filipino,Wastong pagpapantig ng mga salitang may kambal-katinig / klaster at diptonggo,,,,
Grade 4,Filipino,Paggamit ng pahiwatig sa konteksto (context clues) sa pagtukoy ng kahulugan ng mahihirap na salita,,,,
Grade 4,Filipino,Denotasyon (tiyak o literal na kahulugan) at Konotasyon (pahiwatig o malalim na kahulugan),,,,
Grade 4,Filipino,Mga salitang magkasingkahulugan at magkasalungat na may antas o tindi ng kahulugan (clining / pagkiklino),,,,
Grade 4,Filipino,Mga salitang tambalan: Tambalang Ganap (nagbabago ang kahulugan) at Tambalang Di-Ganap (nananatili ang kahulugan),,,,
Grade 4,Filipino,"Kayarian ng salita: Payak, Maylapi, Inuulit (Inuulit na Ganap at Di-Ganap), at Tambalan",,,,
Grade 4,Filipino,"Pagkilala sa salitang-ugat at iba't ibang uri ng panlapi (unlapi, gitlapi, hulapi, kabilaan, laguhan)",,,,
Grade 4,Filipino,Pagbubuo ng mga bagong salita gamit ang iba't ibang panlapi,,,,
Grade 4,Filipino,Mga Sawikain o Idyoma at paggamit nito sa pagpapahayag,,,,
Grade 4,Filipino,"Paggamit ng diksyunaryo (pamatnubay na salita, pagbaybay, etimolohiya, bahagi ng pananalita, kahulugan)",,,,
Grade 4,Filipino,"Paggamit ng tesauro, ensayklopediya, atlas, at iba pang pangkalahatang sanggunian",,,,
Grade 4,Filipino,"Wastong paggamit ng magagalang na pananalita sa pagpapahayag ng opinyon, pakikipagdebate, at pagbibigay ng mungkahi",,,,
Grade 4,Filipino,Pangngalan: Pagkilala sa Pangngalang Pantangi at Pangngalang Pambalana,,,,
Grade 4,Filipino,Klasipikasyon ng Pangngalang Pambalana: Tahas (kongkreto: palansak at di-palansak) at Basal (di-kongkreto),,,,
Grade 4,Filipino,"Kasarian ng Pangngalan: Panlalaki, Pambabae, Di-tiyak, at Walang Kasarian",,,,
Grade 4,Filipino,"Kailanan ng Pangngalan: Isahan, Dalawahan, at Maramihan (paggamit ng mga pananda at pag-uulit ng pantig)",,,,
Grade 4,Filipino,"Gamit ng Pangngalan sa Pangungusap: Simuno, Kaganapang Pansimuno, Pamuno, Tuwirang Layon, at Layon ng Pang-ukol",,,,
Grade 4,Filipino,"Panghalip Panao: Panauhan (Una, Ikalawa, Ikatlo) at Kailanan (Isahan, Dalawahan, Maramihan)",,,,
Grade 4,Filipino,"Kaukulan ng Panghalip Panao: Palagyo (paksa), Palayon (layon ng pandiwa/pang-ukol), at Paari",,,,
Grade 4,Filipino,"Panghalip Pamatlig: Pronominal (ito, iyan, iyon), Panawag-pansin / Pahimaton (eto, ayan, ayon), Patulad (ganito, ganyan, ganoon), at Panlunan (dito, diyan, doon)",,,,
Grade 4,Filipino,Panghalip Pananong: Isahan at Maramihan sa pagbuo ng mga payak at masalimuot na tanong,,,,
Grade 4,Filipino,"Panghalip Panaklaw: Pagtukoy sa kaisahan, dami, o kalahatan (lahat, madla, sinuman, anuman, saanman, kailanman, bawat isa)",,,,
Grade 4,Filipino,Pandiwa: Pagkilala sa mga salitang nagpapahayag ng kilos o galaw,,,,
Grade 4,Filipino,"Aspekto ng Pandiwa: Naganap o Perpektibo, Katatapos, Nagaganap o Imperpektibo, at Magaganap o Kontemplatibo",,,,
Grade 4,Filipino,"Pokus ng Pandiwa: Pokus sa Tagaganap o Aktor (ang paksa ang gumagawa ng kilos gamit ang mga panlaping -um-, mag-, ma-)",,,,
Grade 4,Filipino,"Pokus ng Pandiwa: Pokus sa Layon o Gol (ang paksa ang tumatanggap ng kilos gamit ang mga panlaping -in, -i-, ipa-)",,,,
Grade 4,Filipino,"Pokus ng Pandiwa: Pokus sa Ganapan o Lokatib (ang paksa ang lugar na pinangyarihan ng kilos gamit ang panlaping -an/-han, pag-...-an)",,,,
Grade 4,Filipino,Pokus ng Pandiwa: Pokus sa Gamit o Instrumental (ang paksa ang kasangkapan sa pagsasagawa ng kilos gamit ang panlaping ipang-),,,,
Grade 4,Filipino,Pang-uri: Uri ng Pang-uri (Panlarawan at Pamilang),,,,
Grade 4,Filipino,"Pang-uring Pamilang: Patakaran, Panunod, Pamahagi, Pahalaga, Palansak, at Patakda",,,,
Grade 4,Filipino,"Kailanan ng Pang-uri: Isahan, Dalawahan, at Maramihan",,,,
Grade 4,Filipino,"Kaantasan ng Pang-uri: Lantay, Pahambing (Magkatulad, Di-Magkatulad: Pasahol at Palamang), at Pasukdol",,,,
Grade 4,Filipino,"Pang-abay: Pagkilala sa mga salitang naglalarawan sa pandiwa, pang-uri, at kapwa pang-abay",,,,
Grade 4,Filipino,Pagkakaiba ng Gamit ng Pang-uri at Pang-abay sa Pangungusap,,,,
Grade 4,Filipino,"Uri ng Pang-abay: Pamaraan, Pamanahon (May Pananda, Walang Pananda, Payak), at Panlunan",,,,
Grade 4,Filipino,"Uri ng Pang-abay: Pang-agam (pag-aalinlangan), Panang-ayon (pagsang-ayon), Pananggi (pagtanggi), at Gaano / Panggaano (dami o sukat)",,,,
Grade 4,Filipino,"Pang-angkop: Wastong gamit ng na, -ng, at -g sa pagbuo ng parirala at pangungusap",,,,
Grade 4,Filipino,"Pangatnig: Pag-uugnay ng magkatimbang at di-magkatimbang na sugnay (at, ngunit, subalit, datapwat, habang, samantala, dahil sa, sapagkat, kaya, kung, kapag, upang, para)",,,,
Grade 4,Filipino,"Pang-ukol: Paggamit ng ukol sa/kay, laban sa/kay, hinggil sa/kay, ayon sa/kay, para sa/kay, alinsunod sa/kay, tungkol sa/kay",,,,
Grade 4,Filipino,Bahagi ng Pangungusap: Simuno / Paksa (Payak at Buo) at Panaguri (Payak at Buo),,,,
Grade 4,Filipino,Ayos ng Pangungusap: Karaniwang Ayos (Panaguri + Simuno) at Di-Karaniwang Ayos (Simuno + 'ay' + Panaguri),,,,
Grade 4,Filipino,Paglilipat ng Ayos ng Pangungusap mula Karaniwan patungong Di-Karaniwan at pabaligtad,,,,
Grade 4,Filipino,"Uri ng Pangungusap ayon sa Gamit: Pasalaysay, Patanong, Pautos, Pakiusap, at Padamdam",,,,
Grade 4,Filipino,Kayarian ng Pangungusap: Payak na Pangungusap (ibat ibang anyo ng tambalan o payak na simuno at panaguri),,,,
Grade 4,Filipino,Kayarian ng Pangungusap: Tambalang Pangungusap (dalawang payak na pangungusap na pinag-ugnay ng pangatnig),,,,
Grade 4,Filipino,Kayarian ng Pangungusap: Hugnayang Pangungusap (isang sugnay na makapag-iisa at isa o higit pang sugnay na di-makapag-iisa),,,,
Grade 4,Filipino,"Wastong gamit ng mga bantas: Tuldok (.), Tandang Pananong (?), Tandang Padamdam (!), Kuwit (,), Gitling (-), Tutuldok (:), Tuldukuwit (;), at Panipi ("" "")",,,,
Grade 4,Filipino,Pakikinig nang may Pag-unawa: Pagtatala ng mahahalagang impormasyon mula sa tekstong napakinggan,,,,
Grade 4,Filipino,"Pakikinig at pagsusuri ng balita, anunsyo, talumpati, at kuwentong napakinggan",,,,
Grade 4,Filipino,"Pagtukoy sa mga Elemento ng Maikling Kuwento: Tauhan (pangunahin at pansuporta), Tagpuan, Banghay, Suliranin, at Kakalasan",,,,
Grade 4,Filipino,"Pagsusuri sa Banghay ng Kuwento: Simula, Saglit na Kasiglahan, Kasukdulan, Kakalasan, at Wakas",,,,
Grade 4,Filipino,"Pagsusunod-sunod ng mga pangyayari sa kuwento gamit ang timeline, graphic organizer, o mga panandang pandiskurso",,,,
Grade 4,Filipino,"Pagtukoy sa Pangunahing Paksa, Pangunahing Kaisipan, at mga Pantulong na Kaisipan sa talata",,,,
Grade 4,Filipino,Pagtukoy sa Sanhi at Bunga ng mga pangyayari sa binasang teksto o ulat,,,,
Grade 4,Filipino,"Paghinuha sa mga damdamin, layunin, at katangian ng tauhan batay sa mga pahiwatig na pahayag at kilos",,,,
Grade 4,Filipino,Paghuhula sa kalalabasan o susunod na mga pangyayari batay sa dating kaalaman at ebidensya,,,,
Grade 4,Filipino,Pagtukoy sa pagkakaiba ng Katotohanan (Fact) at Opinyon (Opinion) sa iba't ibang babasahin,,,,
Grade 4,Filipino,"Pagtukoy sa Layunin ng May-akda (magbigay ng impormasyon, mangaral, mang-aliw, manghikayat, magpaliwanag)",,,,
Grade 4,Filipino,"Pagsusuri sa mga Elemento ng Tula: Sukat, Tugma, Saknong, Taludtod, Talinghaga, at Kariktan",,,,
Grade 4,Filipino,"Pagsusuri sa mga Elemento ng Alamat, Pabula, Parabula, Epiko, at Kwentong-Bayan",,,,
Grade 4,Filipino,"Bahagi ng Pahayagan: Pangunahing Balita, Editoryal / Pangulong Tudling, Balitang Panlalawigan, Balitang Pandaigdig, Lathalain, Palakasan, Klasipikadong Anunsyo, at Obitwaryo",,,,
Grade 4,Filipino,"Pagsusuri ng Tekstong Impormatibo / Ekspositori: Paglalarawan, Sanhi at Bunga, Paghahambing at Pagkakaiba, Problema at Solusyon",,,,
Grade 4,Filipino,"Pagsulat ng talata gamit ang wastong estruktura: Pamaksang Pangungusap, mga Pansuportang Pangungusap, at Pangwakas na Pangungusap",,,,
Grade 4,Filipino,"Pagsulat ng iba't ibang uri ng liham: Liham-Pangkaibigan (Pasasalamat, Paanyaya, Pagbati, Pakikiramay, Paghingi ng Paumanhin)",,,,
Grade 4,Filipino,Pagsulat ng Liham-Pangangalakal: Liham ng Paghingi ng Pahintulot at Liham ng Pag-order,,,,
Grade 4,Filipino,Pagsulat ng talambuhay ng sarili (Autobiography) at talambuhay ng ibang tao (Biography),,,,
Grade 4,Filipino,"Pagsulat ng buod o lagom ng binasang kwento, ulat, o balita",,,,
Grade 4,Filipino,Pagsulat ng balangkas (Outline) na may isa hanggang dalawang antas (Romano at Arabikong bilang),,,,
Grade 4,Filipino,"Pagsulat ng maikling balita, patalastas, anunsyo, at resipe / pamamaraan",,,,
Grade 4,Filipino,"Wastong pagsulat sa paraang kabit-kabit (cursive) nang may kalinisan, tamang espasyo, at wastong bantas",,,,
Grade 4,Filipino,"Pasalitang Pagpapahayag: Masining na pagkukuwento, sabayang pagbigkas, deklamasyon, at balagtasan (payak na paglahok)",,,,
Grade 4,Filipino,Pasalitang Pagpapahayag: Pagbabalita tulad ng isang reporter sa radyo o telebisyon,,,,
Grade 4,Social Studies,"Konsepto ng Bansa: Kahulugan at mga elemento ng isang ganap na bansa (Tao, Teritoryo, Pamahalaan, Soberanya)",,,,
Grade 4,Social Studies,Pagtukoy kung bakit isang bansa ang Pilipinas,,,,
Grade 4,Social Studies,Kinalalagyan ng Pilipinas sa Mundo gamit ang Globo at Mapa,,,,
Grade 4,Social Studies,"Absolute / Tiyak na Lokasyon ng Pilipinas gamit ang Grid, Latitud (Parallel), at Longhitud (Meridian)",,,,
Grade 4,Social Studies,"Mga Espesyal na Guhit sa Globo: Ekwador, Prime Meridian, International Date Line, Tropic of Cancer, Tropic of Capricorn, Arctic Circle, Antarctic Circle",,,,
Grade 4,Social Studies,"Relatibong Lokasyon ng Pilipinas: Lokasyong Insular (nakapaligid na anyong tubig tulad ng Pacific Ocean, West Philippine Sea, Celebes Sea, Bashi Channel)",,,,
Grade 4,Social Studies,"Relatibong Lokasyon ng Pilipinas: Lokasyong Bisinal (nakapaligid na mga bansang kapitbahay sa Hilaga, Timog, Silangan, Kanluran)",,,,
Grade 4,Social Studies,"Teritoryo ng Pilipinas batay sa Kasaysayan: Kasunduan sa Paris (1898), Kasunduan sa Washington (1900), Kasunduan sa pagitan ng US at Gran Britanya (1930)",,,,
Grade 4,Social Studies,Teritoryo ng Pilipinas batay sa Saligang Batas ng 1987 (Artikulo I),,,,
Grade 4,Social Studies,Doktrinang Pangkapuluan (Archipelagic Doctrine) at ang United Nations Convention on the Law of the Sea (UNCLOS),,,,
Grade 4,Social Studies,Eksklusibong Sonang Pang-ekonomiya (Exclusive Economic Zone o EEZ) ng Pilipinas,,,,
Grade 4,Social Studies,Klima at Panahon sa Pilipinas: Epekto ng Kinalalagyan sa Sonang Tropikal,,,,
Grade 4,Social Studies,"Mga Salik na Nakaaapekto sa Klima ng Pilipinas (temperatura, dami ng ulan, altitud, hanging monsoon: Amihan at Habagat)",,,,
Grade 4,Social Studies,Apat na Uri ng Klima sa Pilipinas batay sa Corona System,,,,
Grade 4,Social Studies,"Mga Katangiang Pisikal ng Pilipinas: Mga Pangunahing Anyong Lupa (Bundok, Bulkan, Burol, Kapatagan, Lambak, Talampas, Tangway, Kapuluan)",,,,
Grade 4,Social Studies,"Mga Katangiang Pisikal ng Pilipinas: Mga Pangunahing Anyong Tubig (Karagatan, Dagat, Look, Golpo, Ilog, Lawa, Talon, Kipot, Bukal)",,,,
Grade 4,Social Studies,"Mga Natatanging Anyong Lupa at Tubig sa Luzon, Visayas, at Mindanao",,,,
Grade 4,Social Studies,"Kahalagahan ng Lokasyon at Katangiang Pisikal sa Kasaysayan, Kultura, at Ekonomiya ng Bansa",,,,
Grade 4,Social Studies,"Pagsusuri ng Hazard Maps at Pagtukoy sa mga Lugar na Sensitibo sa Lindol, Bagyo, Baha, at Pagguho ng Lupa",,,,
Grade 4,Social Studies,"Mga Likas na Yaman ng Pilipinas: Yamang Lupa, Yamang Tubig, Yamang Gubat, at Yamang Mineral (metaliko at di-metaliko)",,,,
Grade 4,Social Studies,"Yamang Tao ng Pilipinas: Katangian, Distribusyon, Densidad, at Komposisyon ng Populasyon",,,,
Grade 4,Social Studies,"Mga Gawaing Pangkabuhayan sa Pilipinas: Pagsasaka, Pangingisda, Pagmimina, Pagtotroso, Pangangalakal, at Paggawa/Industriya",,,,
Grade 4,Social Studies,Kahalagahan ng Matalinong Paggamit at Pangangasiwa sa mga Likas na Yaman ng Bansa,,,,
Grade 4,Social Studies,"Mga Hamon at Isyung Pangkapaligiran: Deforestation, Overfishing, Polusyon, Quarrying, Climate Change",,,,
Grade 4,Social Studies,Mga Hakbang at Batas sa Pangangalaga at Konserbasyon ng Kapaligiran at Likas na Yaman,,,,
Grade 4,Social Studies,Konsepto ng Likas-Kayang Pag-unlad (Sustainable Development),,,,
Grade 4,Social Studies,Pambansang Pagkakakilanlang Kultural: Konsepto at Kahalagahan ng Kultura (Materyal at Di-Materyal na Kultura),,,,
Grade 4,Social Studies,"Mga Pangkat Etnolinggwistiko sa Pilipinas (Luzon: Ivatan, Ifugao, Kalinga, Tagalog, Ilocano, Bicolano; Visayas: Cebuano, Ilonggo, Waray; Mindanao: Maranao, Maguindanao, Tausug, Badjao, Lumad)",,,,
Grade 4,Social Studies,"Mga Katutubong Kaugalian, Paniniwala, Tradisyon, at Pagpapahalaga ng mga Pilipino (Bayanihan, Pagmamano, Pakikisama, Utang na Loob)",,,,
Grade 4,Social Studies,"Sining, Musika, Katutubong Sayaw, Panitikan, Arkitektura, at Tradisyonal na Kasuotan sa Pilipinas",,,,
Grade 4,Social Studies,"Mga Makasaysayang Pook, Dambana, at World Heritage Sites sa Pilipinas",,,,
Grade 4,Social Studies,Pagpapahalaga at Pagtanggap sa Pagkakaiba-iba ng Kultura at Pananampalataya sa Bansa,,,,
Grade 4,Social Studies,"Ang Pamahalaan ng Pilipinas: Kahulugan, Uri (Demokratiko at Republikano), at Kahalagahan ng Pamahalaan",,,,
Grade 4,Social Studies,Prinsipyo ng Paghihiwalay ng Kapangyarihan (Separation of Powers) at Checks and Balances,,,,
Grade 4,Social Studies,"Sangay ng Pamahalaan: Sangay na Tagapagpaganap / Ehekutibo (Pangulo, Pangalawang Pangulo, Gabinete)",,,,
Grade 4,Social Studies,Sangay ng Pamahalaan: Sangay na Tagapagbatas / Lehislatibo (Kongreso: Senado at Mababang Kapulungan / House of Representatives),,,,
Grade 4,Social Studies,Sangay ng Pamahalaan: Sangay na Tagapaghukom / Hudisyal (Korte Suprema at Mababang mga Hukuman),,,,
Grade 4,Social Studies,Proseso ng Paggawa ng Batas sa Kongreso,,,,
Grade 4,Social Studies,"Ang Pamahalaang Lokal (Local Government Units o LGUs): Lalawigan, Lungsod, Bayan, at Barangay",,,,
Grade 4,Social Studies,Mga Pinuno ng Pamahalaang Lokal at Kanilang mga Tungkulin at Kapangyarihan,,,,
Grade 4,Social Studies,Ugnayan ng Pambansang Pamahalaan at Pamahalaang Lokal,,,,
Grade 4,Social Studies,"Mga Pangunahing Serbisyo ng Pamahalaan: Edukasyon, Kalusugan, Kapayapaan at Seguridad, Imprastraktura, at Kagalingang Panlipunan",,,,
Grade 4,Social Studies,"Konsepto ng Pagkamamamayan (Citizenship): Prinsipyo ng Jus Sanguinis at Jus Soli, Katutubong Mamamayan, at Naturalisadong Mamamayan",,,,
Grade 4,Social Studies,Mga Karapatan ng Mamamayang Pilipino batay sa Katipunan ng mga Karapatan (Bill of Rights sa Saligang Batas),,,,
Grade 4,Social Studies,"Mga Tungkulin at Pananagutan ng Isang Mamamayang Pilipino (Pagsunod sa Batas, Pagbabayad ng Buwis, Pagboto, Pagtatanggol sa Bansa)",,,,
Grade 4,Social Studies,Kahalagahan ng Aktibong Pakikilahok ng Mamamayan sa Pamamahala at mga Gawaing Pansibiko,,,,
Grade 4,Social Studies,"Disaster Risk Reduction and Management (DRRM) sa Antas Pambansa: NDRRMO, PAGASA, PHIVOLCS, DSWD, DOH, BFP, PNP, AFP",,,,
Grade 4,Social Studies,Mga Hakbang sa Paghahanda at Pagtugon sa Panahon ng Kalamidad at Emergency sa Bansa,,,,
Grade 5,Science,Useful and harmful properties of materials based on chemical and physical characteristics,,,,
Grade 5,Science,"Classifying materials based on flexibility, elasticity, hardness, thermal/electrical conductivity, and density",,,,
Grade 5,Science,Changes in materials when exposed to oxygen (oxidation and rusting of iron),,,,
Grade 5,Science,Changes in materials when exposed to heat (combustion and thermal decomposition),,,,
Grade 5,Science,Physical changes vs. chemical changes in materials and evidence of chemical reactions,,,,
Grade 5,Science,"The 5Rs of waste management: Reduce, Reuse, Recycle, Repair, and Recover",,,,
Grade 5,Science,Designing useful products out of recyclable and waste solid/liquid materials,,,,
Grade 5,Science,"Human Reproductive System: Male reproductive organs (testes, scrotum, penis, vas deferens, prostate gland, urethra)",,,,
Grade 5,Science,"Human Reproductive System: Female reproductive organs (ovaries, fallopian tubes, uterus, cervix, vagina)",,,,
Grade 5,Science,"Functions of male and female reproductive hormones (testosterone, estrogen, progesterone)",,,,
Grade 5,Science,"Physical, emotional, and social changes during puberty in males and females",,,,
Grade 5,Science,"The Menstrual Cycle: Stages, phases (follicular, ovulation, luteal, menstruation), and biological purpose",,,,
Grade 5,Science,"Fertilization, implantation, and embryo development overview",,,,
Grade 5,Science,Hygiene and health practices for the human reproductive system,,,,
Grade 5,Science,Animal reproduction: Modes of reproduction in animals (sexual vs. asexual),,,,
Grade 5,Science,Sexual reproduction in animals: Internal fertilization vs. external fertilization,,,,
Grade 5,Science,"Oviparous (egg-laying), Viviparous (live-bearing), and Ovoviviparous animals",,,,
Grade 5,Science,"Asexual reproduction in lower animals: Binary fission, budding, regeneration, and fragmentation",,,,
Grade 5,Science,Plant reproduction: Sexual reproduction in flowering plants (angiosperms),,,,
Grade 5,Science,"Detailed structure of a complete flower (petals, sepals, receptacle, pedicel, stamen, anther, filament, pistil/carpel, stigma, style, ovary, ovule)",,,,
Grade 5,Science,"Pollination mechanisms: Self-pollination vs. cross-pollination (agents: wind, insects, birds, water, humans)",,,,
Grade 5,Science,Fertilization in plants and the formation of fruits and seeds,,,,
Grade 5,Science,"Asexual / vegetative reproduction in non-flowering and flowering plants (spores, cones, runners, rhizomes, tubers, bulbs, suckers)",,,,
Grade 5,Science,"Artificial plant propagation techniques (stem cutting, grafting, marcotting/air layering, budding)",,,,
Grade 5,Science,"Interactions among living things in estuaries (physical characteristics, plants, animals, food chains/webs)",,,,
Grade 5,Science,"Interactions among living things in intertidal zones (rocky shores, sandy beaches, mudflats)",,,,
Grade 5,Science,"Ecological relationships in marine coastal ecosystems (mutualism, commensalism, parasitism, competition, predation)",,,,
Grade 5,Science,Human impact on estuaries and intertidal zones and marine conservation strategies,,,,
Grade 5,Science,"Motion: Measuring distance, time, and speed ($Speed = Distance / Time$)",,,,
Grade 5,Science,"Standard units of motion ($m/s, km/h$) and interpreting distance-time graphs",,,,
Grade 5,Science,"Forces that affect motion: Gravity and friction (static, sliding, rolling, fluid resistance)",,,,
Grade 5,Science,"How mass, surface texture, and slope affect the speed and distance of moving objects",,,,
Grade 5,Science,Conductors and insulators of heat and electricity,,,,
Grade 5,Science,"Thermal energy transfer: Practical applications of conduction, convection, and radiation",,,,
Grade 5,Science,"Circuits: Basic components of an electric circuit (source/battery, connecting wires, load/bulb, switch)",,,,
Grade 5,Science,Closed circuits vs. open circuits,,,,
Grade 5,Science,"Series circuits vs. parallel circuits (wiring arrangements, advantages, and disadvantages)",,,,
Grade 5,Science,"Electromagnetism: Construction, components (iron core, coil of wire, battery), and working principle of an electromagnet",,,,
Grade 5,Science,"Factors affecting the magnetic strength of an electromagnet (number of wire turns, voltage/current, core material)",,,,
Grade 5,Science,"Everyday applications of electromagnets (electric bells, motors, magnetic cranes, speakers)",,,,
Grade 5,Science,Light: Properties of light and the electromagnetic spectrum basics,,,,
Grade 5,Science,"Absorption, reflection, transmission, and refraction of light through various optical media",,,,
Grade 5,Science,"Interaction of light with convex and concave lenses, flat and curved mirrors",,,,
Grade 5,Science,"Sound: Pitch, loudness, frequency, amplitude, and speed of sound through different media",,,,
Grade 5,Science,"Echoes, reverberation, and sound insulation methods",,,,
Grade 5,Science,"Processes of weathering: Mechanical / physical weathering (temperature changes, frost wedging, root wedging, abrasion)",,,,
Grade 5,Science,"Processes of weathering: Chemical weathering (oxidation, carbonation, hydration, acid rain)",,,,
Grade 5,Science,"Processes of weathering: Biological weathering by plants, animals, and microorganisms",,,,
Grade 5,Science,"Soil erosion: Natural and human agents of erosion (water, wind, deforestation, overgrazing, urbanization)",,,,
Grade 5,Science,"Effects of soil erosion on landforms, ecosystems, agriculture, and human communities",,,,
Grade 5,Science,"Soil and water conservation practices (reforestation, contour farming, crop rotation, riprapping, terracing)",,,,
Grade 5,Science,"Weather disturbances: Formation, structure, and classification of tropical cyclones (Tropical Depression, Tropical Storm, Severe Tropical Storm, Typhoon, Super Typhoon)",,,,
Grade 5,Science,"Parts of a tropical cyclone (eye, eye wall, spiral rainbands)",,,,
Grade 5,Science,Public Storm Warning Signals (PSWS) / Tropical Cyclone Wind Signals (TCWS) and safety protocols,,,,
Grade 5,Science,"Effects of weather disturbances on human activities, infrastructure, and the environment",,,,
Grade 5,Science,"Disaster risk preparedness before, during, and after tropical cyclones and typhoons",,,,
Grade 5,Science,"Earth's Moon: Origin, physical features (craters, maria, regolith, highlands), and surface conditions",,,,
Grade 5,Science,"Moon phases: Synodic month, illumination cycle (New Moon to Full Moon and back)",,,,
Grade 5,Science,Effects of the Moon on Earth: Ocean tides (Spring tides and Neap tides),,,,
Grade 5,Science,"Myths, folklore, and scientific facts about the Moon's influence on daily human activities",,,,
Grade 5,Science,The Solar System: Comparative characteristics of the Sun and the eight planets,,,,
Grade 5,Science,"Terrestrial / Inner planets (Mercury, Venus, Earth, Mars) vs. Gas / Ice Giants (Jupiter, Saturn, Uranus, Neptune)",,,,
Grade 5,Science,Planetary movements: Rotation (day/night duration) and revolution (orbital period/year length),,,,
Grade 5,Science,"Other celestial bodies: Dwarf planets, asteroids, the asteroid belt, Kuiper belt, Oort cloud, comets, and meteors",,,,
Grade 5,Science,"Scientific investigation: Writing formal research questions, hypotheses, and experimental procedures",,,,
Grade 5,Science,Scientific investigation: Collecting quantitative data using metric instruments and constructing tables/line graphs,,,,
Grade 5,Science,"Scientific investigation: Evaluating variables, experimental errors, and writing structured lab conclusions",,,,
Grade 5,Math,"Divisibility rules for 2, 3, 4, 5, 6, 8, 9, 10, 11, and 12 to find common factors",,,,
Grade 5,Math,"Order of operations involving whole numbers, fractions, and decimals with grouping symbols (PEMDAS / GEMDAS rules)",,,,
Grade 5,Math,Finding the Greatest Common Factor (GCF) and Least Common Multiple (LCM) of 2 to 4 numbers using prime factorization and continuous division,,,,
Grade 5,Math,Solving real-life multi-step problems involving GCF and LCM,,,,
Grade 5,Math,Visualizing and performing addition and subtraction of fractions with unlike denominators (dissimilar fractions),,,,
Grade 5,Math,Adding and subtracting mixed numbers with unlike denominators (with and without regrouping),,,,
Grade 5,Math,Solving routine and non-routine word problems involving addition and subtraction of fractions and mixed numbers,,,,
Grade 5,Math,Visualizing and performing multiplication of a fraction by another fraction,,,,
Grade 5,Math,Multiplying a fraction by a whole number and by a mixed number,,,,
Grade 5,Math,Multiplying mixed numbers by mixed numbers,,,,
Grade 5,Math,Simplifying products of fractions to lowest terms using cancellation / cross-reduction methods,,,,
Grade 5,Math,Solving multi-step word problems involving multiplication of fractions and mixed numbers,,,,
Grade 5,Math,Visualizing and understanding reciprocal / multiplicative inverse of fractions and whole numbers,,,,
Grade 5,Math,Dividing whole numbers by a fraction and vice versa,,,,
Grade 5,Math,Dividing fractions by other fractions,,,,
Grade 5,Math,Dividing mixed numbers by fractions and mixed numbers,,,,
Grade 5,Math,Solving routine and non-routine word problems involving division of fractions and mixed numbers,,,,
Grade 5,Math,Reading and writing decimal numbers through ten-thousandths,,,,
Grade 5,Math,Place value and value of a digit in decimals through ten-thousandths,,,,
Grade 5,Math,"Rounding decimal numbers to the nearest tenths, hundredths, and thousandths",,,,
Grade 5,Math,Comparing and ordering decimal numbers through ten-thousandths,,,,
Grade 5,Math,Adding and subtracting decimal numbers through ten-thousandths with and without regrouping,,,,
Grade 5,Math,Multiplying decimals up to 2 decimal places by whole numbers,,,,
Grade 5,Math,Multiplying decimals up to 2 decimal places by decimals up to 2 decimal places,,,,
Grade 5,Math,"Multiplying decimals mentally by 10, 100, 1,000, 0.1, 0.01, and 0.001",,,,
Grade 5,Math,Estimating products of decimal numbers,,,,
Grade 5,Math,Dividing whole numbers by decimals (quotients up to 2 decimal places),,,,
Grade 5,Math,Dividing decimals up to 2 decimal places by whole numbers,,,,
Grade 5,Math,Dividing decimals by other decimals (up to 2 decimal places),,,,
Grade 5,Math,"Dividing decimals mentally by 10, 100, 1,000, 0.1, 0.01, and 0.001",,,,
Grade 5,Math,Terminating decimals vs. repeating / non-terminating decimals,,,,
Grade 5,Math,Estimating quotients of decimal numbers,,,,
Grade 5,Math,Solving multi-step word problems involving the four fundamental operations on decimals and currency,,,,
Grade 5,Math,Concept of ratio: expressing relations using colon notation (a:b) and fraction form (a/b),,,,
Grade 5,Math,Simplifying ratios to lowest terms,,,,
Grade 5,Math,Finding equivalent ratios,,,,
Grade 5,Math,Identifying and creating proportions (direct proportion basics),,,,
Grade 5,Math,Solving for the missing term in a proportion ($a:b = c:d$),,,,
Grade 5,Math,Solving routine and non-routine word problems involving ratios and proportions,,,,
Grade 5,Math,Concept of percent as parts per hundred and the percent sign (%),,,,
Grade 5,Math,"Relationship between fractions, decimals, and percents",,,,
Grade 5,Math,"Converting fractions to decimals and percents, and vice versa",,,,
Grade 5,Math,"Identifying the base, rate/percentage rate, and percentage in real-world problems ($P = B \times R$)",,,,
Grade 5,Math,Finding the percentage given the rate and base,,,,
Grade 5,Math,Finding the rate given the percentage and base,,,,
Grade 5,Math,Finding the base given the percentage and rate,,,,
Grade 5,Math,"Solving real-life problems involving percent (discounts, sale price, markups, sales tax, simple interest, commission)",,,,
Grade 5,Math,"Polygons: Identifying and describing regular and irregular polygons (triangles, quadrilaterals, pentagons, hexagons, heptagons, octagons, nonagons, decagons)",,,,
Grade 5,Math,Congruent polygons and properties of congruent sides and angles,,,,
Grade 5,Math,"Circles: Identifying terms related to a circle (center, radius, diameter, chord, circumference, arc, sector, central angle)",,,,
Grade 5,Math,Relationship between radius and diameter ($d = 2r$),,,,
Grade 5,Math,"Visualizing, identifying, and describing 3D solid figures (cube, rectangular prism, triangular prism, pyramid, cylinder, cone, sphere)",,,,
Grade 5,Math,Constructing models of 3D solids using geometric nets,,,,
Grade 5,Math,Measurement of time: Converting 12-hour standard clock time to 24-hour military/international time and vice versa,,,,
Grade 5,Math,"Calculating elapsed time across days, weeks, and different world time zones (introductory)",,,,
Grade 5,Math,Circumference of a circle: Concept of Pi ($\pi \approx 3.14$ or $\frac{22}{7}$),,,,
Grade 5,Math,Deriving and applying formulas for circumference of a circle ($C = \pi d$ or $C = 2\pi r$),,,,
Grade 5,Math,Solving routine and non-routine problems involving circumference of circles,,,,
Grade 5,Math,Deriving and applying formulas for the area of a circle ($A = \pi r^2$),,,,
Grade 5,Math,"Deriving and applying formulas for the area of composite plane figures (combinations of rectangles, triangles, and semicircles)",,,,
Grade 5,Math,Solving word problems involving area of plane and composite figures,,,,
Grade 5,Math,"Deriving and applying formulas for the surface area of cubes, rectangular prisms, and cylinders",,,,
Grade 5,Math,Solving word problems involving surface area of 3D solids,,,,
Grade 5,Math,"Concept of volume: Converting standard metric units of volume ($cm^3$ to $m^3$, $L$ to $mL$ and $cm^3$)",,,,
Grade 5,Math,Deriving and applying volume formulas for rectangular prisms and cubes,,,,
Grade 5,Math,"Deriving and applying volume formulas for cylinders, triangular prisms, and pyramids",,,,
Grade 5,Math,Solving routine and non-routine word problems involving volume of 3D geometric figures,,,,
Grade 5,Math,Temperature: Reading and interpreting positive and negative readings on a thermometer in Celsius (°C) and Fahrenheit (°F),,,,
Grade 5,Math,Converting temperatures between Celsius and Fahrenheit,,,,
Grade 5,Math,Solving real-life word problems involving temperature changes and differences,,,,
Grade 5,Math,Formulating algebraic rules and expressions for given continuous and repeating sequences,,,,
Grade 5,Math,"Solving for the unknown variable in simple 1-step linear algebraic equations (e.g., $2x + 5 = 15$)",,,,
Grade 5,Math,Organizing and presenting data in grouped frequency distribution tables,,,,
Grade 5,Math,Constructing and interpreting double line graphs showing trends over time,,,,
Grade 5,Math,Constructing and interpreting circle graphs / pie charts involving percentages and fractional parts,,,,
Grade 5,Math,"Finding the mean (average), median, mode, and range of a set of statistical data",,,,
Grade 5,Math,Solving routine and non-routine problems using data presented in various graphs and statistical tables,,,,
Grade 5,Math,Experimental probability: Conducting simple chance experiments with multiple outcomes,,,,
Grade 5,Math,"Recording outcomes of probability experiments using tables, tree diagrams, and systematic lists",,,,
Grade 5,Math,Calculating theoretical probability vs. experimental probability of simple events ($P(E) = \frac{\text{favorable outcomes}}{\text{total outcomes}}$),,,,
Grade 5,Math,Solving real-life word problems involving probability and decision-making,,,,
Grade 5,English,Structural analysis of multisyllabic academic and technical vocabulary,,,,
Grade 5,English,"Etymology: Greek and Latin roots (e.g., chron, bio, geo, meter, phon, scope, graph, port, vid/vis, auto)",,,,
Grade 5,English,"Complex prefixes and their influence on word meaning (dis-, un-, re-, mis-, non-, inter-, intra-, trans-, sub-, anti-, pre-, semi-)",,,,
Grade 5,English,"Complex suffixes that change parts of speech (-tion/-sion, -ity, -ment, -ance/-ence, -ious/-ous, -ive, -able/-ible, -hood, -ship)",,,,
Grade 5,English,"Spelling patterns for complex words, homophones, and frequently confused words (affect/effect, accept/except, principal/principle)",,,,
Grade 5,English,"Compound words: closed, open, and hyphenated forms in informational texts",,,,
Grade 5,English,"Advanced contractions, possessives, and avoiding apostrophe misuse (its vs. it's, whose vs. who's, their vs. there vs. they're)",,,,
Grade 5,English,"Denotation (literal meaning) vs. Connotation (positive, neutral, negative shades of meaning)",,,,
Grade 5,English,"Synonyms, antonyms, and selecting precise vocabulary for formal register",,,,
Grade 5,English,"Homophones, homographs, and homonyms analyzed in complex sentence structures",,,,
Grade 5,English,"Idioms, adages, and proverbs: interpreting figurative meaning and cultural wisdom",,,,
Grade 5,English,"Figurative language in literary and informational texts: similes, metaphors, personification, hyperbole, onomatopoeia, and alliteration",,,,
Grade 5,English,Irony (verbal and situational) and pun basics in literature,,,,
Grade 5,English,"Using context clues: definition, synonym, antonym, example, comparison-contrast, and inference clues",,,,
Grade 5,English,"Using print and digital reference sources: dictionaries, thesauruses, glossaries, encyclopedias, almanacs, and online databases",,,,
Grade 5,English,"Navigating reference entry features: guide words, phonetic respellings, syllabication dots, parts of speech, word origins, and secondary definitions",,,,
Grade 5,English,"Nouns: common, proper, concrete, and abstract nouns review",,,,
Grade 5,English,"Countable vs. mass/uncountable nouns with precise counters and quantifiers (a pinch of, a parcel of, a cubic meter of)",,,,
Grade 5,English,"Singular and plural forms of regular and irregular nouns, including foreign loanwords and invariant plurals (datum/data, criterion/criteria, sheep/sheep)",,,,
Grade 5,English,"Collective nouns denoting specialized groups (an archipelago of islands, a bevy of quail, a panel of experts)",,,,
Grade 5,English,"Singular, plural, compound, and joint possessive noun apostrophe rules (James's vs. James', Tom and Jerry's vs. Tom's and Jerry's)",,,,
Grade 5,English,"Pronouns: personal pronouns in subjective, objective, and possessive cases",,,,
Grade 5,English,"Reflexive and intensive pronouns (myself, himself, herself, ourselves, themselves)",,,,
Grade 5,English,Demonstrative pronouns vs. demonstrative adjectives,,,,
Grade 5,English,"Relative pronouns (who, whom, whose, which, that) in restrictive and non-restrictive relative clauses",,,,
Grade 5,English,"Indefinite pronouns and pronoun-antecedent agreement rules (singular indefinite: each, everyone, nobody; plural indefinite: both, few, many)",,,,
Grade 5,English,"Interrogative pronouns and reciprocal pronouns (each other, one another)",,,,
Grade 5,English,Action verbs: transitive verbs (taking direct/indirect objects) and intransitive verbs,,,,
Grade 5,English,Linking verbs and subject complements (predicate nouns and predicate adjectives),,,,
Grade 5,English,"Helping/auxiliary verbs and primary modals (can, could, may, might, must, shall, should, will, would, ought to)",,,,
Grade 5,English,"Subject-verb agreement: inverted sentences, compound subjects connected by 'and' or 'or/nor', indefinite pronoun subjects, and collective noun subjects",,,,
Grade 5,English,"Simple tenses of verbs (present, past, future) with regular and irregular verbs",,,,
Grade 5,English,"Perfect tenses of verbs: present perfect (has/have + past participle), past perfect (had + past participle), and future perfect (will have + past participle)",,,,
Grade 5,English,"Progressive/continuous tenses: present, past, and future continuous forms",,,,
Grade 5,English,"Perfect progressive tenses introductory recognition (present perfect continuous, past perfect continuous)",,,,
Grade 5,English,Maintaining consistent verb tense across paragraphs and narratives,,,,
Grade 5,English,"Active voice vs. Passive voice: identification, structure, and rhetorical purpose",,,,
Grade 5,English,"Descriptive, quantitative, interrogative, and demonstrative adjectives",,,,
Grade 5,English,Proper adjectives derived from geographical and historical proper nouns,,,,
Grade 5,English,"Order of cumulative adjectives in a series (quantity, opinion, size, physical quality, shape, age, color, origin, material, type, purpose)",,,,
Grade 5,English,"Degrees of comparison of regular and irregular adjectives: positive, comparative, and superlative",,,,
Grade 5,English,"Adverbs of manner, place, time, frequency, and degree",,,,
Grade 5,English,"Interrogative adverbs and conjunctive adverbs (however, therefore, furthermore, meanwhile, consequently)",,,,
Grade 5,English,Comparative and superlative forms of adverbs,,,,
Grade 5,English,Prepositions and complex prepositional phrases functioning as adjectival and adverbial modifiers,,,,
Grade 5,English,"Coordinating conjunctions (FANBOYS: for, and, nor, but, or, yet, so)",,,,
Grade 5,English,"Subordinating conjunctions introducing dependent/subordinate clauses (although, because, since, unless, while, whenever, whereas, if)",,,,
Grade 5,English,"Correlative conjunctions used in parallel structures (either...or, neither...nor, both...and, not only...but also, whether...or)",,,,
Grade 5,English,Interjections and punctuation to convey varied levels of emotion,,,,
Grade 5,English,"Sentence elements: simple and complete subjects, simple and complete predicates, compound subjects, and compound predicates",,,,
Grade 5,English,"Direct objects, indirect objects, subject complements, and object complements",,,,
Grade 5,English,"Four sentence structures: simple, compound, complex, and compound-complex sentences",,,,
Grade 5,English,"Identifying and correcting sentence fragments, run-on sentences, comma splices, and dangling modifiers",,,,
Grade 5,English,"Four sentence types by communicative purpose: declarative, interrogative, imperative, and exclamatory",,,,
Grade 5,English,Direct speech vs. Indirect/reported speech and tense shifts in reporting verbs,,,,
Grade 5,English,"Capitalization rules: proper nouns, titles of works, historical periods, acronyms, and geographical entities",,,,
Grade 5,English,"Punctuation: periods, question marks, exclamation marks",,,,
Grade 5,English,"Punctuation: commas in series, introductory elements, parenthetical expressions, non-essential clauses, compound sentences, dates, addresses, and appositives",,,,
Grade 5,English,"Punctuation: apostrophes in possessives, contractions, and pluralization of letters/symbols",,,,
Grade 5,English,"Punctuation: quotation marks in direct speech, quote-within-a-quote, titles of short works (poems, articles, songs)",,,,
Grade 5,English,"Punctuation: colons (introducing lists, formal business letter greetings, digital time), semicolons (connecting independent clauses), hyphens, dashes, and parentheses",,,,
Grade 5,English,"Reading comprehension strategies: activating background knowledge, questioning the text, visualizing, drawing inferences, synthesizing ideas, and summarizing",,,,
Grade 5,English,"Literary elements: characterization methods (direct description, dialogue, thoughts, actions, interactions), dynamic vs. static characters, flat vs. round characters",,,,
Grade 5,English,"Setting: time, geographic location, socio-historical context, and its influence on atmosphere/mood",,,,
Grade 5,English,"Plot architecture: exposition, narrative hook, inciting incident, rising action, climax, falling action, and resolution",,,,
Grade 5,English,"Conflict types: internal conflict (character vs. self) and external conflict (character vs. character, character vs. nature, character vs. society, character vs. technology)",,,,
Grade 5,English,Theme analysis: discerning implicit universal themes and comparing themes across diverse literary works,,,,
Grade 5,English,"Point of view: first-person (I, we), second-person (you), third-person limited, and third-person omniscient narrators",,,,
Grade 5,English,Analyzing tone (author's attitude) and mood (reader's emotional response) in literary passages,,,,
Grade 5,English,Drawing evidence-based conclusions and making inferences supported by verbatim text citations,,,,
Grade 5,English,"Distinguishing between explicit textual facts, implied meanings, and unwarranted assumptions",,,,
Grade 5,English,Evaluating fact vs. opinion vs. substantiated reasoned judgment,,,,
Grade 5,English,Cause-and-effect relationships: complex causal networks and multi-stage effects,,,,
Grade 5,English,"Compare and contrast texts across genres, themes, character arcs, and historical periods",,,,
Grade 5,English,"Sequencing non-linear plots: analyzing flashbacks, foreshadowing, and parallel storylines",,,,
Grade 5,English,"Informational text structures: chronological/sequence, description, cause and effect, compare and contrast, problem and solution, order of importance",,,,
Grade 5,English,"Analyzing non-fiction text features: headers, subheadings, diagrams, charts, infographics, sidebars, footnotes, photo captions, glossaries, indexes",,,,
Grade 5,English,"Determining main ideas, supporting details, and generating objective summaries devoid of personal bias",,,,
Grade 5,English,"Analyzing author's purpose (PIE-ED: persuade, inform, entertain, explain, describe), author's perspective, and potential bias/propaganda techniques",,,,
Grade 5,English,"Elements of poetry: verse, stanza structure (couplets, quatrains), rhythm, meter, rhyme scheme, sensory imagery, symbolism, and figurative language",,,,
Grade 5,English,"Poetic forms: free verse, haiku, limerick, ballad, sonnet (introductory), and narrative poetry",,,,
Grade 5,English,"Analyzing drama: dialogue, stage directions, scene divisions, acts, props, and dramatic tension",,,,
Grade 5,English,"Media literacy: evaluating visual media, advertisements, public service announcements, and distinguishing between real and digitally altered/staged content",,,,
Grade 5,English,"Oral communication: active listening protocols, taking organized notes from spoken texts, formulating analytical questions",,,,
Grade 5,English,"Oral communication: delivering formal speeches, persuasive arguments, and analytical book reviews with appropriate eye contact, volume, pitch, and pacing",,,,
Grade 5,English,"Oral communication: participating constructively in panel discussions, debates, group seminars, and reciprocal teaching",,,,
Grade 5,English,"Oral communication: expressive oral interpretation, dramatic monologues, readers' theater, and speech choir performances",,,,
Grade 5,English,"The writing process: pre-writing (brainstorming, mind mapping, outlining), drafting, revising, editing/proofreading, and publishing",,,,
Grade 5,English,"Paragraph structure: clear topic sentence, relevant textual supporting details, coherent transitional devices, and a concluding/clincher sentence",,,,
Grade 5,English,"Multi-paragraph essay structure: introductory paragraph with hook and thesis statement, structured body paragraphs, and synthesizing concluding paragraph",,,,
Grade 5,English,"Narrative writing: composing fictional or autobiographical narratives with developed characters, authentic dialogue, vivid sensory details, pacing, and clear resolution",,,,
Grade 5,English,"Descriptive writing: using rich sensory diction, spatial organization, and figurative language to portray people, places, and events",,,,
Grade 5,English,"Expository/Informational writing: cause-and-effect essays, comparative analysis essays, descriptive process reports, and summary writing",,,,
Grade 5,English,"Persuasive/Opinion writing: formulating clear claim statements, supporting arguments with credible evidence, addressing counterarguments, and crafting an actionable conclusion",,,,
Grade 5,English,"Functional writing: formal business letters, professional email etiquette, invitations, letters of complaint, and letters of request",,,,
Grade 5,English,"Research skills: formulating inquiry questions, gathering data from print and digital sources, evaluating source credibility and authority",,,,
Grade 5,English,"Synthesizing information from multiple sources, note-taking (paraphrasing, summarizing, quoting), avoiding plagiarism",,,,
Grade 5,English,"Basic citation mechanics: recording author name, source title, publisher, and year of publication",,,,
Grade 5,English,"Proofreading symbols and systematic revision: evaluating structural unity, logical coherence, sentence variety, diction, and mechanical accuracy",,,,
Grade 5,Filipino,Ortograpiyang Pambansa: Wastong baybay ng mga katutubong salita at salitang hiram,,,,
Grade 5,Filipino,"Panghihiram ng mga salita: Ponetikong baybay, pananatili ng orihinal na baybay, at paggamit ng mga hiram na titik (c, f, j, ñ, q, v, x, z)",,,,
Grade 5,Filipino,Pagsasaayos ng mga salita nang paalpabeto batay sa una hanggang ikalimang titik,,,,
Grade 5,Filipino,Kayarian ng Pantig at masalimuot na pagpapantig ng mga salita,,,,
Grade 5,Filipino,Pagkilala at paggamit ng mga salitang may kambal-katinig / klaster at diptonggo sa pormal na pagpapahayag,,,,
Grade 5,Filipino,"Paggamit ng pahiwatig sa konteksto (context clues): Kasingkahulugan, kasalungat, katuturan/depinisyon, at pahiwatig ng sitwasyon",,,,
Grade 5,Filipino,Denotasyon (tiyak at literal na kahulugan) at Konotasyon (pahiwatig o emosyonal na kahulugan) ng salita,,,,
Grade 5,Filipino,"Pagkiklino o Clining: Pagsasaayos ng mga salita ayon sa tindi o antas ng kahulugan (hal. inis, galit, poot, muhi)",,,,
Grade 5,Filipino,"Kayarian ng Salita: Payak, Maylapi, Inuulit (Ganap at Di-ganap / Parsyal), at Tambalan (Ganap at Di-ganap)",,,,
Grade 5,Filipino,"Paglalapi: Pagtukoy sa salitang-ugat at uri ng panlapi (Unlapi, Gitlapi, Hulapi, Kabilaan, Laguhan)",,,,
Grade 5,Filipino,"Panghihimasok o Pagbabagong Morpoponemiko (Asimilasyon: Ganap at Di-ganap, Pagpapalit ng Ponema, Paglilipat-diin, Pagkakaltas ng Ponema)",,,,
Grade 5,Filipino,Pagkilala at paggamit ng mga Sawikain / Idyoma at Salawikain sa pagpapahayag at pagsulat,,,,
Grade 5,Filipino,"Paggamit ng mga sangguniang aklat: Pangkalahatang sanggunian tulad ng diksyunaryo, tesauro, ensayklopediya, atlas, almanake, at internet",,,,
Grade 5,Filipino,"Pagsusuri sa mga bahagi ng entri sa diksyunaryo: Salitang pamatnubay, gabay sa pagbigkas, bahagi ng pananalita, etimolohiya, at iba't ibang depinisyon",,,,
Grade 5,Filipino,"Wastong paggamit ng magagalang na pananalita sa pagsasagawa ng panayam, pakikipagdebate, at pagbibigay ng mungkahi",,,,
Grade 5,Filipino,Pangngalan: Pagkilala sa Pangngalang Pantangi at Pangngalang Pambalana,,,,
Grade 5,Filipino,Klasipikasyon ng Pangngalang Pambalana: Tahas (Kongkreto: Palansak at Di-palansak) at Basal (Di-kongkreto o Di-nahahawakan),,,,
Grade 5,Filipino,"Kasarian ng Pangngalan: Panlalaki, Pambabae, Di-tiyak, at Walang Kasarian",,,,
Grade 5,Filipino,"Kailanan ng Pangngalan: Isahan, Dalawahan, at Maramihan",,,,
Grade 5,Filipino,"Gamit o Kaukulan ng Pangngalan: Simuno, Kaganapang Pansimuno, Pamuno, Tuwirang Layon (Layon ng Pandiwa), at Layon ng Pang-ukol",,,,
Grade 5,Filipino,"Panghalip Panao: Panauhan (Una, Ikalawa, Ikatlo), Kailanan (Isahan, Dalawahan, Maramihan), at Kaukulan (Palagyo, Palayon, Paari)",,,,
Grade 5,Filipino,"Panghalip Pamatlig: Pronominal (ito, iyan, iyon), Panawag-pansin (eto, ayan, ayon), Patulad (ganito, ganyan, ganoon), at Panlunan (dito, diyan, doon)",,,,
Grade 5,Filipino,Panghalip Pananong: Isahan at Maramihang anyo sa pagbuo ng masusing mga tanong,,,,
Grade 5,Filipino,"Panghalip Panaklaw: Tiyak at Di-tiyak na dami o kalahatan (lahat, madla, sinuman, anuman, alinman, kailanman, bawat isa, pulos)",,,,
Grade 5,Filipino,"Panghalip Pamanggit: Paggamit ng mga panghalip na nag-uugnay ng dalawang kaisipan (na, -ng)",,,,
Grade 5,Filipino,"Pandiwa: Pagkilala sa mga salitang nagpapahayag ng kilos, gawa, o kalagayan",,,,
Grade 5,Filipino,"Aspekto ng Pandiwa: Naganap o Perpektibo, Katatapos, Nagaganap o Imperpektibo, at Magaganap o Kontemplatibo",,,,
Grade 5,Filipino,"Pokus ng Pandiwa: Pokus sa Tagaganap o Aktor (ang paksa ang tagaganap ng kilos: -um-, mag-, ma-, mang-)",,,,
Grade 5,Filipino,"Pokus ng Pandiwa: Pokus sa Layon o Gol (ang paksa ang tumatanggap ng kilos: -in, -i-, ipa-)",,,,
Grade 5,Filipino,"Pokus ng Pandiwa: Pokus sa Ganapan o Lokatib (ang paksa ang lugar na pinangyarihan: -an/-han, pag-...-an)",,,,
Grade 5,Filipino,Pokus ng Pandiwa: Pokus sa Gamit o Instrumental (ang paksa ang kasangkapan: ipang-),,,,
Grade 5,Filipino,"Pokus ng Pandiwa: Pokus sa Sanhi o Kosatib (ang paksa ang dahilan ng kilos: ika-, ikina-, ikapag-)",,,,
Grade 5,Filipino,"Pokus ng Pandiwa: Pokus sa Pinaglalaanan o Benepaktib (ang paksa ang pinaglalaanan ng kilos: ipag-, igapang-)",,,,
Grade 5,Filipino,"Kaganapan ng Pandiwa: Kaganapang Tagaganap, Layon, Ganapan, Gamit, Sanhi, at Tagatanggap",,,,
Grade 5,Filipino,Pang-uri: Uri ng Pang-uri (Panlarawan at Pamilang),,,,
Grade 5,Filipino,"Pang-uring Pamilang: Patakaran (kardinal), Panunod (ordinal), Pamahagi (fraction), Pahalaga (pera), Palansak (pangkat), at Patakda (tiyak)",,,,
Grade 5,Filipino,"Kailanan ng Pang-uri: Isahan, Dalawahan, at Maramihan",,,,
Grade 5,Filipino,"Kaantasan ng Pang-uri: Lantay, Pahambing (Magkatulad, Di-magkatulad: Pasahol at Palamang), at Pasukdol",,,,
Grade 5,Filipino,Pang-abay: Pagkakaiba at ugnayan ng Pang-uri at Pang-abay,,,,
Grade 5,Filipino,"Uri ng Pang-abay: Pamaraan, Pamanahon (May Pananda, Walang Pananda, Payak), at Panlunan",,,,
Grade 5,Filipino,"Uri ng Pang-abay: Pang-agam (pag-aalinlangan), Panang-ayon (pagsang-ayon), Pananggi (pagtanggi), Panggaano (sukat o dami), at Kundisyunal (kondisyon)",,,,
Grade 5,Filipino,"Pang-angkop: Wastong gamit at paglalapat ng na, -ng, at -g",,,,
Grade 5,Filipino,"Pangatnig: Pag-uugnay ng mga sugnay gamit ang Pamukod, Pananhi, Paninsay, Panubali, Panlinaw, at Panapos",,,,
Grade 5,Filipino,"Pang-ukol: Paggamit ng ukol sa/kay, para sa/kay, laban sa/kay, hinggil sa/kay, ayon sa/kay, alinsunod sa/kay, tungkol sa/kay",,,,
Grade 5,Filipino,Bahagi ng Pangungusap: Payak at Buong Simuno; Payak at Buong Panaguri,,,,
Grade 5,Filipino,Ayos ng Pangungusap: Karaniwang Ayos (Panaguri bago Simuno) at Di-Karaniwang Ayos (Simuno bago Panaguri na may 'ay'),,,,
Grade 5,Filipino,"Uri ng Pangungusap ayon sa Gamit: Pasalaysay, Patanong, Pautos, Pakiusap, at Padamdam",,,,
Grade 5,Filipino,"Kayarian ng Pangungusap: Payak, Tambalan, Hugnayan, at Langkapan (panimulang pagkilala)",,,,
Grade 5,Filipino,"Wastong gamit ng mga Bantas: Tuldok (.), Tandang Pananong (?), Tandang Padamdam (!), Kuwit (,), Gitling (-), Tutuldok (:), Tuldukuwit (;), Panipi ("" ""), at Panaklong (( ))",,,,
Grade 5,Filipino,"Pakikinig nang may Pag-unawa: Pagtatala ng mahahalagang detalye mula sa napakinggang ulat, panayam, at talumpati",,,,
Grade 5,Filipino,"Pagsusuri ng mga Elemento ng Maikling Kuwento: Tauhan (Pangunahin, Katunggali, Lapad, Bilog), Tagpuan, Banghay, Tunggalian, at Kakalasan",,,,
Grade 5,Filipino,"Pagsusuri sa Banghay: Simula, Saglit na Kasiglahan, Kasukdulan, Kakalasan, at Wakas",,,,
Grade 5,Filipino,"Pagtukoy sa iba't ibang Uri ng Tunggalian: Tao laban sa Tao, Tao laban sa Sarili, Tao laban sa Kalikasan, at Tao laban sa Lipunan",,,,
Grade 5,Filipino,"Pagtukoy sa Pangunahing Paksa, Pangunahing Kaisipan, at mga Pantulong na Kaisipan sa binasang teksto",,,,
Grade 5,Filipino,"Pagsusunod-sunod ng mga pangyayari sa kuwento gamit ang balangkas, timeline, o graphic organizer",,,,
Grade 5,Filipino,Pagtukoy sa Sanhi at Bunga ng mga pangyayari sa kumplikadong mga talata at ulat,,,,
Grade 5,Filipino,"Paghinuha sa damdamin, motibo, layunin, at katangian ng mga tauhan",,,,
Grade 5,Filipino,Paghula sa maaaring maging wakas o kalalabasan ng mga pangyayari batay sa pahiwatig,,,,
Grade 5,Filipino,Pagtukoy sa pagkakaiba ng Katotohanan (Fact) at Opinyon (Opinion) sa mga balita at editoryal,,,,
Grade 5,Filipino,Pagtukoy sa Layunin ng May-akda at himig/tono ng teksto,,,,
Grade 5,Filipino,"Pagsusuri sa mga Elemento ng Tula: Sukat, Tugma, Saknong, Taludtod, Kariktan, at Talinghaga (Tayutay: Pagtutulad, Pagwawangis, Pagsasatao, Pagmamalabis)",,,,
Grade 5,Filipino,"Pagsusuri sa mga Elemento ng Dula: Iskrip, Tauhan, Tagpuan, Tanghalan, Diyalogo, at Yugto",,,,
Grade 5,Filipino,"Pagsusuri sa mga Elemento ng Alamat, Pabula, Parabula, at Epiko",,,,
Grade 5,Filipino,"Pagsusuri ng Tekstong Ekspositori / Impormatibo: Sanhi at Bunga, Paghahambing at Pagkokontra, Pagbibigay-Depinisyon, at Problema at Solusyon",,,,
Grade 5,Filipino,"Pagsusuri ng mga Bahagi ng Pahayagan: Pangunahing Balita, Editoryal, Balitang Pandaigdig, Lathalain, Pampalakasan, Anunsyo Klasipikado, at Panlibangan",,,,
Grade 5,Filipino,"Pagsulat ng maayos at mabisang talata: Pamaksang Pangungusap, mga Pansuportang Pangungusap, mga Pang-ugnay na Salita, at Pangwakas na Pangungusap",,,,
Grade 5,Filipino,"Pagsulat ng iba't ibang uri ng Liham-Pangkaibigan (Pagbating, Paanyaya, Pasasalamat, Pakikiramay, Paumanhin)",,,,
Grade 5,Filipino,"Pagsulat ng iba't ibang uri ng Liham-Pangangalakal (Liham ng Pag-aaplay, Liham ng Paghingi ng Pahintulot, Liham ng Pag-order, Liham ng Reklamo)",,,,
Grade 5,Filipino,Pagsulat ng Buod o Lagom mula sa binasang maikling kuwento o artikulo,,,,
Grade 5,Filipino,"Pagsulat ng Balangkas (Outline) na may dalawa hanggang tatlong antas (Romano, Malalaking Titik, at Arabikong Bilang)",,,,
Grade 5,Filipino,Pagsulat ng Talambuhay (Pansarili at ng Ibang Tao),,,,
Grade 5,Filipino,"Pagsulat ng Balita, Editoryal, Lathalain, at Islogan / Patalastas",,,,
Grade 5,Filipino,Pagsulat ng Panuto o Hakbang sa Paggawa ng Isang Bagay (Procedural Text),,,,
Grade 5,Filipino,"Wastong pagsulat sa paraang kabit-kabit (cursive writing) nang may tamang anyo, kalinisan, at espasyo",,,,
Grade 5,Filipino,"Pasalitang Pagpapahayag: Pagbabalita tulad ng isang brodkaster, pagtatanghal ng dula-dulaan, at pagtatalumpati",,,,
Grade 5,Filipino,"Pasalitang Pagpapahayag: Pakikilahok sa Balagtasan, Sabayang Pagbigkas, at Readers' Theater",,,,
Grade 5,Social Studies,Pinagmulan ng Pilipinas at ng Lahing Pilipino: Teorya ng Plate Tectonics / Teoryang Bulkanismo (Bailey Willis),,,,
Grade 5,Social Studies,Teorya ng Tulay na Lupa (Land Bridges Theory),,,,
Grade 5,Social Studies,Teorya ng Paglikha (Creation Theory) at mga Katutubong Alamat ng Pagkabuo ng Kapuluan,,,,
Grade 5,Social Studies,"Teorya ng Pandarayuhan / Wave of Migration Theory (H. Otley Beyer: Negrito, Indones, Malay)",,,,
Grade 5,Social Studies,Teoryang Austronesian: Out-of-Taiwan Model (Peter Bellwood) at Nusantao Maritime Trading and Communication Network (Wilhelm Solheim II),,,,
Grade 5,Social Studies,Kultura at Pamumuhay ng mga Sinaunang Pilipino sa Panahong Pre-Kolonyal,,,,
Grade 5,Social Studies,"Panahong Paleolitiko (Lumang Bato), Neolitiko (Bagong Bato), at Panahon ng Metal sa Pilipinas",,,,
Grade 5,Social Studies,Sistemang Pampolitika ng Sinaunang Lipunan: Ang Barangay bilang Pamahalaan,,,,
Grade 5,Social Studies,Gampanin at Kapangyarihan ng Datu / Raha / Lakan,,,,
Grade 5,Social Studies,Proseso ng Paggawa at Pagpapatupad ng Batas sa Sinaunang Barangay (Umalohokan),,,,
Grade 5,Social Studies,"Sistemang Panlipunan at Antas ng Tao sa Sinaunang Lipunan: Maginoo / Maharlika, Timawa, Alipin (Aliping Namamahay at Aliping Saguiguilid)",,,,
Grade 5,Social Studies,"Katayuan, Karapatan, at Gampanin ng Kababaihan sa Sinaunang Lipunan (Babaylan / Katalonan)",,,,
Grade 5,Social Studies,"Sistemang Pang-ekonomiya: Pagsasaka (Kaingin at Pagsasakang Basahan/Palayan), Pangingisda, Pagmimina, Paghahabi, at Paggawa ng Bangka",,,,
Grade 5,Social Studies,Sistemang Barter / Palitan ng Kalakal sa Sinaunang Panahon,,,,
Grade 5,Social Studies,"Pakikipagkalakalan sa mga Dayuhan bago ang Kolonyalismo (Tsino, Arabe, Indian, Hapones, Siamese/Thai)",,,,
Grade 5,Social Studies,"Kulturang Materyal: Kasuotan (Kangan, Bahag, Baro't Saya), Palamuti sa Katawan, Pintados / Pagpapatato, at Tirahan (Bahay Kubo, Torogan, Treehouses)",,,,
Grade 5,Social Studies,"Kulturang Di-Materyal: Paniniwalang Animismo, Pagsamba sa Anito at Diwata, Paglilibing (Manunggul Jar), at Ritwal",,,,
Grade 5,Social Studies,Sistemang Panulat ng Sinaunang Pilipino: Baybayin,,,,
Grade 5,Social Studies,"Panitikang Pasalin-dila: Epiko, Awiting-Bayan, Bugtong, Salawikain, at Kuwentong-Bayan",,,,
Grade 5,Social Studies,"Pagdating at Paglaganap ng Islam sa Sulu at Maguindanao (Sharif Makhdum, Rajah Baguinda, Sharif Kabungsuwan)",,,,
Grade 5,Social Studies,"Ang Sistemang Sultanato: Estruktura ng Pamahalaan, Sultan, Ruma Bichara, at Batas Sharia",,,,
Grade 5,Social Studies,"Panahon ng Kolonyalismong Espanyol: Mga Dahilan at Layunin ng Kolonisasyon (God, Gold, Glory / Kristiyanismo, Kayamanan, Karangalan)",,,,
Grade 5,Social Studies,"Ekspedisyon ni Ferdinand Magellan (1521), Labanan sa Mactan (Lapu-Lapu), at Pagdating ng mga Sumunod na Ekspedisyon (Loaisa, Saavedra, Villalobos)",,,,
Grade 5,Social Studies,Ekspedisyon ni Miguel Lopez de Legazpi (1565) at Pagtatatag ng Unang Pamayanang Espanyol sa Cebu at Maynila,,,,
Grade 5,Social Studies,Mga Paraan ng Pananakop ng mga Espanyol: Espada at Krus (Pwersang Militar at Kristiyanisasyon),,,,
Grade 5,Social Studies,Patakarang Reduccion at Sistemang Plaza Complex (Bajo de las Campanas),,,,
Grade 5,Social Studies,"Sistemang Encomienda: Royal, Pribado, at Eklesyastikal na Encomienda at ang Pang-aabuso ng mga Encomendero",,,,
Grade 5,Social Studies,Sistemang Pampolitika sa Ilalim ng Espanya: Sentralisadong Pamahalaan,,,,
Grade 5,Social Studies,"Gampanin at Kapangyarihan ng Gobernador-Heneral (Cumplase, Vice Real Patron)",,,,
Grade 5,Social Studies,Ang Royal Audiencia (Kataas-taasang Hukuman) at mga Pagsisiyasat (Residencia at Visita),,,,
Grade 5,Social Studies,"Pamahalaang Lokal sa Ilalim ng Espanya: Alcaldia (Alcalde Mayor), Corregimiento (Corregidor), Pueblo / Bayan (Gobernadorcillo), at Barangay (Cabeza de Barangay)",,,,
Grade 5,Social Studies,"Patakarang Pang-ekonomiya: Tributo (Buwis), Sanctorum, Diezmos Prediales, at Cedula Personal",,,,
Grade 5,Social Studies,"Polo y Servicios / Sapilitang Paggawa: Falla, Polista, at Epekto sa Pamilya at Pamayanan",,,,
Grade 5,Social Studies,Sistemang Bandala (Sapilitang Pagbenta ng Produkto sa Pamahalaan),,,,
Grade 5,Social Studies,Monopolyo ng Tabako sa Ilalim ni Gobernador-Heneral Jose Basco y Vargas,,,,
Grade 5,Social Studies,Kalakalang Galyon / Galleon Trade (Maynila-Acapulco Trade) at Real Compania de Filipinas,,,,
Grade 5,Social Studies,"Kulturang Ipinakilala ng Espanya: Relihiyong Katolisismo, mga Prayle, at Parokya",,,,
Grade 5,Social Studies,Pang-aabuso ng mga Prayle at ang Isyu ng Frailocracia / Sekularisasyon ng mga Parokya,,,,
Grade 5,Social Studies,"Edukasyon sa Panahon ng Espanyol: Dekretong Pang-edukasyon ng 1863, mga Kolehiyo at Unibersidad para sa mga Lalaki at Babae",,,,
Grade 5,Social Studies,"Pagbabago sa Lipunan: Pamilyang Pilipino, Wikang Espanyol, Tradisyon, Pista, Musika, Sayaw, Teatro (Komedya, Moro-Moro, Senakulo), at Arkitektura",,,,
Grade 5,Social Studies,"Kaayusang Panlipunan sa Panahon ng Espanyol: Peninsulares, Insulares, Mestizo (Espanyol at Tsino), Principalia, at Indio",,,,
Grade 5,Social Studies,Reaksyon at Pagtutol ng mga Pilipino sa Kolonyalismong Espanyol,,,,
Grade 5,Social Studies,"Mga Unang Pag-aalsa Laban sa Espanya: Dahilang Panrelihiyon (Tamblot, Bankaw, Tapar, Hermano Pule / Apolinario de la Cruz)",,,,
Grade 5,Social Studies,"Mga Unang Pag-aalsa Laban sa Espanya: Dahilang Pang-ekonomiya at Paniningil ng Buwis (Magalat, Sumuroy, Maniago, Malong, Dagohoy)",,,,
Grade 5,Social Studies,Mga Pag-aalsa sa Hilagang Luzon (Igorot at Cordillera) Laban sa Pagbabayad ng Tributo at Relihiyon,,,,
Grade 5,Social Studies,Ang Matagumpay na Pakikibaka ng mga Muslim sa Mindanao Laban sa mga Espanyol (Digmaang Moro),,,,
Grade 5,Social Studies,"Mga Salik sa Pagkabigo ng mga Unang Pag-aalsa (Kawalan ng Pagkakaisa, Kakulangan sa Sandata, Pagtataksil, Heograpiya)",,,,
Grade 5,Social Studies,Pag-usbong ng Kamalayang Pambansa at Nasyonalismong Pilipino,,,,
Grade 5,Social Studies,Pagbubukas ng Pilipinas sa Pandaigdigang Kalakalan (1834) at Pagbubukas ng Suez Canal (1869),,,,
Grade 5,Social Studies,Paglitaw ng Panggitnang Uri (Clase Media) at ang Pangkat ng mga Ilustrado,,,,
Grade 5,Social Studies,Liberal na Pamumuno ni Gobernador-Heneral Carlos Maria de la Torre,,,,
Grade 5,Social Studies,Kilusan para sa Sekularisasyon ng mga Parokya: Padre Pedro Pelaez,,,,
Grade 5,Social Studies,"Ang Pag-aalsa sa Cavite (Cavite Mutiny 1872) at ang Pagbitay sa Tatlong Paring Martir (GOMBURZA: Gomez, Burgos, Zamora)",,,,
Grade 5,Social Studies,Epekto ng Pagkamatay ng GOMBURZA sa Pagsilang ng Nasyonalismong Pilipino,,,,
Grade 5,Social Studies,"Ang Kilusang Propaganda: Mga Layunin, Pamamaraan, at Pahayagang La Solidaridad",,,,
Grade 5,Social Studies,"Mga Pangunahing Propagandista: Dr. Jose Rizal (Noli Me Tangere, El Filibusterismo, La Liga Filipina), Marcelo H. del Pilar (Plaridel), Graciano Lopez Jaena, Antonio Luna, Mariano Ponce",,,,
Grade 5,Social Studies,Kahalagahan at Limitasyon ng Kilusang Propaganda tungo sa Himagsikan,,,,
Grade 6,Science,"Mixtures: Definition, properties, and classification of matter into pure substances vs. mixtures",,,,
Grade 6,Science,"Homogeneous mixtures: Solutions, solute, solvent, and factors affecting solubility (temperature, stirring, particle size)",,,,
Grade 6,Science,"Types of solutions: Solid-in-liquid, liquid-in-liquid, gas-in-liquid, gas-in-gas, and solid-in-solid (alloys)",,,,
Grade 6,Science,"Concentration of solutions: Saturated, unsaturated, and supersaturated solutions",,,,
Grade 6,Science,"Heterogeneous mixtures: Suspensions (properties, settling of particles, Tyndall effect)",,,,
Grade 6,Science,"Heterogeneous mixtures: Colloids (properties, types: aerosol, sol, emulsion, gel, foam)",,,,
Grade 6,Science,Techniques in separating mixtures: Decantation (separating immiscible liquids or settled solids),,,,
Grade 6,Science,Techniques in separating mixtures: Filtration (using filter paper to separate insoluble solids from liquids),,,,
Grade 6,Science,Techniques in separating mixtures: Evaporation (recovering soluble solids by heating liquids),,,,
Grade 6,Science,Techniques in separating mixtures: Distillation (simple and fractional distillation based on boiling points),,,,
Grade 6,Science,Techniques in separating mixtures: Magnetic separation (using magnets to separate magnetic materials),,,,
Grade 6,Science,Techniques in separating mixtures: Sieving / Sifting and Winnowing,,,,
Grade 6,Science,Techniques in separating mixtures: Sedimentation and Floatation,,,,
Grade 6,Science,Techniques in separating mixtures: Paper Chromatography (separating color pigments),,,,
Grade 6,Science,"Benefits of separating mixtures in daily life (water purification, mineral processing, waste management, cooking)",,,,
Grade 6,Science,"The Human Circulatory System: Major components (heart, blood vessels, blood)",,,,
Grade 6,Science,"Anatomy of the human heart: Four chambers (right atrium, right ventricle, left atrium, left ventricle), valves, and septum",,,,
Grade 6,Science,"Blood vessels: Arteries, veins, and capillaries (structures, functions, and blood flow direction)",,,,
Grade 6,Science,"Composition of blood: Red blood cells (erythrocytes), white blood cells (leukocytes), platelets (thrombocytes), plasma",,,,
Grade 6,Science,Circulation pathways: Pulmonary circulation (heart to lungs to heart) vs. Systemic circulation (heart to body to heart),,,,
Grade 6,Science,"Common diseases of the circulatory system: Hypertension, atherosclerosis, stroke, anemia, heart attack, leukemia",,,,
Grade 6,Science,Practices to maintain a healthy circulatory system,,,,
Grade 6,Science,The Human Nervous System: Major divisions (Central Nervous System and Peripheral Nervous System),,,,
Grade 6,Science,"Central Nervous System (CNS): Brain structures and functions (cerebrum, cerebellum, brainstem/medulla oblongata)",,,,
Grade 6,Science,"Central Nervous System (CNS): Spinal cord structure, protection, and reflex arc actions",,,,
Grade 6,Science,Peripheral Nervous System (PNS): Somatic nervous system and Autonomic nervous system (sympathetic and parasympathetic),,,,
Grade 6,Science,"Structure of a neuron (nerve cell): Dendrites, cell body (soma), axon, myelin sheath, synapse, and neurotransmitters",,,,
Grade 6,Science,Transmission of nerve impulses from sensory receptors to the brain and motor responses to effectors,,,,
Grade 6,Science,"Common disorders of the nervous system: Epilepsy, Alzheimer's disease, Parkinson's disease, paralysis, meningitis",,,,
Grade 6,Science,Practices to care for and protect the brain and nervous system,,,,
Grade 6,Science,"Interactions and coordination among the circulatory, nervous, digestive, respiratory, excretory, and skeletal/muscular systems",,,,
Grade 6,Science,"Classification of living things: Taxonomy basics, Linnaean system of classification (domain, kingdom, phylum, class, order, family, genus, species)",,,,
Grade 6,Science,Classification of animals: Vertebrates (animals with backbones),,,,
Grade 6,Science,"Vertebrate groups and characteristics: Fish (jawless, cartilaginous, bony), Amphibians, Reptiles, Birds, Mammals (monotremes, marsupials, placentals)",,,,
Grade 6,Science,Classification of animals: Invertebrates (animals without backbones),,,,
Grade 6,Science,"Invertebrate groups and characteristics: Porifera (sponges), Cnidaria (corals, jellyfish), Platyhelminthes (flatworms), Nematoda (roundworms), Annelida (segmented worms)",,,,
Grade 6,Science,"Invertebrate groups and characteristics: Mollusca (gastropods, bivalves, cephalopods), Arthropoda (insects, arachnids, crustaceans, myriapods), Echinodermata (starfish, sea urchins)",,,,
Grade 6,Science,Economic and ecological importance of vertebrates and invertebrates; conservation of rare and endangered fauna,,,,
Grade 6,Science,"Classification of plants: Non-vascular plants (bryophytes: mosses, liverworts, hornworts)",,,,
Grade 6,Science,"Classification of plants: Vascular seedless plants (pteridophytes: ferns, horsetails, club mosses)",,,,
Grade 6,Science,"Classification of plants: Vascular seed plants (gymnosperms: conifers, cycads, ginkgoes)",,,,
Grade 6,Science,Classification of plants: Vascular flowering plants (angiosperms: monocots vs. dicots comparative anatomy),,,,
Grade 6,Science,"Tropical Rainforest Ecosystems: Characteristics, layers (emergent layer, canopy, understory, forest floor), flora, fauna, and biodiversity",,,,
Grade 6,Science,"Coral Reef Ecosystems: Types of coral reefs (fringing, barrier, atoll), coral polyp biology, symbiotic zooxanthellae, and reef biodiversity",,,,
Grade 6,Science,"Mangrove Swamp Ecosystems: Mangrove species adaptations (prop roots, pneumatophores, salt excretion), ecological role as marine nurseries and coastal buffers",,,,
Grade 6,Science,"Ecological relationships and energy flow in rainforests, coral reefs, and mangrove ecosystems (food chains, complex food webs, energy pyramids)",,,,
Grade 6,Science,"Biogeochemical cycles basics: Carbon-Oxygen cycle, Nitrogen cycle, and Phosphorus cycle overview",,,,
Grade 6,Science,"Human impact on tropical ecosystems: Deforestation, cyanide and dynamite fishing, ocean acidification, coastal reclamation, plastic pollution",,,,
Grade 6,Science,Conservation and protection programs for terrestrial and marine ecosystems,,,,
Grade 6,Science,"Energy: Forms of energy (kinetic, potential, chemical, thermal, electrical, radiant/light, sound, nuclear)",,,,
Grade 6,Science,Law of Conservation of Energy (energy transformations and conversion chains),,,,
Grade 6,Science,"Forces that oppose and assist motion: Gravitational force, friction, air resistance, and normal force",,,,
Grade 6,Science,Newton's Laws of Motion: First Law of Motion (Law of Inertia),,,,
Grade 6,Science,Newton's Laws of Motion: Second Law of Motion (Law of Acceleration: $F = ma$),,,,
Grade 6,Science,Newton's Laws of Motion: Third Law of Motion (Law of Interaction / Action-Reaction),,,,
Grade 6,Science,"Work, Power, and Simple Machines: Scientific definition of work ($Work = Force \times Distance$) and power",,,,
Grade 6,Science,"Simple machines: Lever (classes 1, 2, and 3), Pulley (fixed, movable, compound), Wheel and Axle, Inclined Plane, Wedge, Screw",,,,
Grade 6,Science,Mechanical advantage and efficiency of simple machines,,,,
Grade 6,Science,Compound and complex machines in everyday life and industrial applications,,,,
Grade 6,Science,"Energy resources: Renewable energy sources (solar, wind, hydroelectric, geothermal, biomass, tidal energy)",,,,
Grade 6,Science,"Energy resources: Non-renewable energy sources (coal, crude oil/petroleum, natural gas, nuclear fuels)",,,,
Grade 6,Science,"Sustainable energy use, energy conservation strategies, and alternative energy technologies",,,,
Grade 6,Science,"Earth's Interior: Layers of the Earth (crust: continental vs. oceanic, mantle: upper and lower, outer core: liquid iron-nickel, inner core: solid iron-nickel)",,,,
Grade 6,Science,"Lithosphere, Asthenosphere, and tectonic plates",,,,
Grade 6,Science,"Plate Tectonics: Plate boundaries (convergent, divergent, transform fault boundaries) and associated geological features",,,,
Grade 6,Science,"Earthquakes: Causes (tectonic vs. volcanic), focus/hypocenter, epicenter, and seismic waves (P-waves, S-waves, surface waves)",,,,
Grade 6,Science,Measuring earthquakes: Magnitude (Richter / Moment Magnitude scale) vs. Intensity (PHIVOLCS Earthquake Intensity Scale / Modified Mercalli),,,,
Grade 6,Science,"Earthquake hazards: Ground shaking, ground rupture, liquefaction, landslides, tsunamis",,,,
Grade 6,Science,"Volcanoes: Formation, anatomy (magma chamber, conduit/pipe, vent, crater, caldera)",,,,
Grade 6,Science,"Types of volcanoes by structure: Shield volcanoes, Composite volcanoes / Stratovolcanoes, Cinder cones",,,,
Grade 6,Science,"Types of volcanic eruptions: Hawaiian, Strombolian, Vulcanian, Pelean, Plinian, Phreatic, Phreatomagmatic",,,,
Grade 6,Science,"Classification of volcanoes by activity: Active, dormant, extinct",,,,
Grade 6,Science,"Volcanic hazards: Lava flows, pyroclastic flows, ashfall, tephra, lahars, volcanic gases",,,,
Grade 6,Science,"Precautionary, safety, and mitigation measures before, during, and after earthquakes and volcanic eruptions",,,,
Grade 6,Science,"Weather patterns, air masses, and front systems (warm fronts, cold fronts, stationary fronts, occluded fronts)",,,,
Grade 6,Science,Monsoons: Northeast Monsoon (Amihan) vs. Southwest Monsoon (Habagat) and their seasonal climate effects,,,,
Grade 6,Science,Intertropical Convergence Zone (ITCZ) and tropical cyclone development,,,,
Grade 6,Science,"Global atmospheric and oceanic phenomena: El Niño (Southern Oscillation) and La Niña (causes, environmental impact, agriculture, drought, flooding)",,,,
Grade 6,Science,"Space and the Universe: Earth's rotation (sidereal vs. solar day, Coriolis effect) and revolution (elliptical orbit, perihelion, aphelion)",,,,
Grade 6,Science,"Reasons for seasons: Axial tilt ($23.5^\circ$), parallelism of Earth's axis, angle of sunlight, solstices, and equinoxes",,,,
Grade 6,Science,"Solar System exploration: Space probes, rovers, orbital telescopes (Hubble, James Webb), and human spaceflight milestones",,,,
Grade 6,Science,"Stars and Constellations: Characteristics of stars (brightness, luminosity, color, surface temperature, size, mass)",,,,
Grade 6,Science,"Life cycle of stars: Nebula, protostar, main sequence star, red giant / supergiant, white dwarf, neutron star, black hole",,,,
Grade 6,Science,Constellations and asterisms visible in the Northern and Southern Hemispheres across different seasons,,,,
Grade 6,Science,"Use of constellations in navigation, agriculture, calendar tracking, and cultural folklore",,,,
Grade 6,Science,"Scientific Research and Inquiry: Formulating comprehensive hypotheses, designing controlled multi-variable experiments, data tabulation, statistical analysis, identifying sources of experimental error, and scientific reporting",,,,
Grade 6,Math,"Order of operations involving whole numbers, fractions, and decimals with grouping symbols (PEMDAS and GEMDAS rules)",,,,
Grade 6,Math,Four fundamental operations on simple and mixed fractions,,,,
Grade 6,Math,Four fundamental operations on decimals through ten-thousandths,,,,
Grade 6,Math,"Solving multi-step routine and non-routine word problems involving fractions, decimals, and whole numbers",,,,
Grade 6,Math,"Concept of ratio, simplifying ratios, and equivalent ratios",,,,
Grade 6,Math,"Ratio comparisons: part-to-part, part-to-whole, and rates/unit rates",,,,
Grade 6,Math,Direct proportion: solving for missing terms and word problems,,,,
Grade 6,Math,"Inverse / Indirect proportion: concept, formulas, and real-world applications",,,,
Grade 6,Math,Partitive proportion: dividing a whole quantity into proportional parts,,,,
Grade 6,Math,Solving complex multi-step word problems involving ratios and all three types of proportions,,,,
Grade 6,Math,"Percent concepts: relationship among fraction, decimal, ratio, and percent",,,,
Grade 6,Math,"Finding percentage, rate, and base ($P = B \times R$)",,,,
Grade 6,Math,"Solving real-life percent problems: discounts, original price, sale price, markups, and profit/loss",,,,
Grade 6,Math,"Solving real-life percent problems: sales tax, value-added tax (VAT), commissions, and tips",,,,
Grade 6,Math,"Solving real-life percent problems: simple interest ($I = Prt$), principal, rate, time, and maturity value",,,,
Grade 6,Math,Percent of change: calculating percent of increase and percent of decrease,,,,
Grade 6,Math,Concept of exponents and base ($b^n$),,,,
Grade 6,Math,Evaluating numerical expressions with positive integer exponents,,,,
Grade 6,Math,"Laws of exponents for integer powers (product rule, quotient rule, power of a power)",,,,
Grade 6,Math,Scientific notation: converting standard form to scientific notation and vice versa,,,,
Grade 6,Math,Concept of square roots and evaluating perfect squares up to 400,,,,
Grade 6,Math,Estimating square roots of non-perfect squares,,,,
Grade 6,Math,"Concept of integers: positive integers, negative integers, and zero on the number line",,,,
Grade 6,Math,"Real-world representations of integers (elevation, temperature, debt, profit/loss, sea level)",,,,
Grade 6,Math,"Comparing and ordering integers using relation symbols (>, <, =)",,,,
Grade 6,Math,Absolute value of an integer ($\vert{}x\vert{}$) and distance on the number line,,,,
Grade 6,Math,Rules for addition of integers (same signs vs. different signs),,,,
Grade 6,Math,Rules for subtraction of integers (adding the additive inverse / Keep-Change-Change),,,,
Grade 6,Math,Rules for multiplication and division of integers (sign rules),,,,
Grade 6,Math,Solving multi-step expressions and word problems involving the four operations on integers,,,,
Grade 6,Math,Evaluating algebraic expressions by substituting numerical values for variables,,,,
Grade 6,Math,Translating verbal phrases to algebraic expressions and vice versa,,,,
Grade 6,Math,Translating verbal sentences to algebraic equations and inequalities,,,,
Grade 6,Math,"Identifying terms, coefficients, variables, and constants in algebraic expressions",,,,
Grade 6,Math,"Solving one-step and two-step linear equations in one variable (e.g., $ax + b = c$)",,,,
Grade 6,Math,Solving simple one-step linear inequalities in one variable and graphing solution sets on a number line,,,,
Grade 6,Math,Formulating algebraic rules ($n\text{th}$ term formula) for geometric and arithmetic sequences,,,,
Grade 6,Math,"The Cartesian coordinate plane: origin, x-axis, y-axis, and the four quadrants",,,,
Grade 6,Math,"Plotting and identifying ordered pairs $(x, y)$ on the coordinate plane",,,,
Grade 6,Math,Graphing simple linear relationships on the coordinate plane,,,,
Grade 6,Math,Geometry review: classification and properties of regular and irregular polygons,,,,
Grade 6,Math,Sum of interior angles of triangles ($180^\circ$) and quadrilaterals ($360^\circ$),,,,
Grade 6,Math,Formula for the sum of interior angles of any $n$-sided polygon ($S = (n - 2) \times 180^\circ$),,,,
Grade 6,Math,"Classifying solid/space figures: prisms, pyramids, cylinders, cones, and spheres",,,,
Grade 6,Math,"Properties of space figures: vertices, edges, faces, and bases",,,,
Grade 6,Math,Euler's formula for polyhedra ($V - E + F = 2$),,,,
Grade 6,Math,Identifying and drawing geometric nets of 3D solids,,,,
Grade 6,Math,Deriving and applying formulas for the surface area of cubes and rectangular prisms,,,,
Grade 6,Math,Deriving and applying formulas for the surface area of triangular prisms and pyramids,,,,
Grade 6,Math,Deriving and applying formulas for the surface area of cylinders ($SA = 2\pi rh + 2\pi r^2$),,,,
Grade 6,Math,Deriving and applying formulas for the surface area of cones ($SA = \pi r l + \pi r^2$) and spheres ($SA = 4\pi r^2$),,,,
Grade 6,Math,Solving routine and non-routine word problems involving surface area of 3D solid figures,,,,
Grade 6,Math,Deriving and applying volume formulas for prisms ($V = Bh$) and cubes ($V = s^3$),,,,
Grade 6,Math,Deriving and applying volume formulas for pyramids ($V = \frac{1}{3}Bh$),,,,
Grade 6,Math,Deriving and applying volume formulas for cylinders ($V = \pi r^2 h$),,,,
Grade 6,Math,Deriving and applying volume formulas for cones ($V = \frac{1}{3}\pi r^2 h$),,,,
Grade 6,Math,Deriving and applying volume formulas for spheres ($V = \frac{4}{3}\pi r^3$),,,,
Grade 6,Math,"Solving routine and non-routine word problems involving volume of cylinders, cones, pyramids, and spheres",,,,
Grade 6,Math,"Reading and interpreting electric meters (analog dials and digital meters in kilowatt-hours, kWh)",,,,
Grade 6,Math,Calculating electric energy consumption and reading billing statements,,,,
Grade 6,Math,"Reading and interpreting water meters (analog dials and digital meters in cubic meters, $m^3$)",,,,
Grade 6,Math,Calculating water consumption and reading water utility bills,,,,
Grade 6,Math,Solving multi-step word problems involving meter readings and utility billing rates,,,,
Grade 6,Math,"Speed, distance, and time relationships: formulas for speed ($s = d/t$), distance ($d = s \times t$), and time ($t = d/s$)",,,,
Grade 6,Math,"Converting units of speed (e.g., $m/s$ to $km/h$)",,,,
Grade 6,Math,"Solving real-life word problems involving average speed, travel time, and distance",,,,
Grade 6,Math,"Data management: designing surveys, sampling methods, and constructing grouped frequency tables",,,,
Grade 6,Math,Constructing and interpreting single and double bar graphs,,,,
Grade 6,Math,Constructing and interpreting single and double line graphs,,,,
Grade 6,Math,Constructing and interpreting pie charts / circle graphs involving degrees ($360^\circ$) and percentages ($100\%$),,,,
Grade 6,Math,Constructing and interpreting histograms (frequency distributions of continuous data),,,,
Grade 6,Math,Constructing and interpreting stem-and-leaf plots,,,,
Grade 6,Math,"Measures of central tendency: calculating mean (average), median (middle value), and mode (most frequent value)",,,,
Grade 6,Math,Measures of variability / spread: calculating range (maximum minus minimum),,,,
Grade 6,Math,Choosing the most appropriate measure of central tendency for skewed vs. symmetric data sets,,,,
Grade 6,Math,Solving real-life statistical problems and making inferences from data displays,,,,
Grade 6,Math,Experimental vs. theoretical probability of simple and compound events,,,,
Grade 6,Math,"Sample space: listing all possible outcomes using tree diagrams, systematic lists, and tables",,,,
Grade 6,Math,The Fundamental Counting Principle to determine total possible outcomes,,,,
Grade 6,Math,Calculating probability of independent events ($P(A \text{ and } B) = P(A) \times P(B)$),,,,
Grade 6,Math,Calculating probability of mutually exclusive events ($P(A \text{ or } B) = P(A) + P(B)$),,,,
Grade 6,Math,Solving routine and non-routine word problems involving probability and game strategies,,,,
Grade 6,English,"Structural and morphological analysis of complex academic, domain-specific, and technical vocabulary",,,,
Grade 6,English,"Etymology: Greek and Latin roots (e.g., auto, bio, chrono, geo, graph, meter, phon, photo, tele, aud, dict, ject, port, rupt, scrib/script, spect, struct, tract, vis/vid)",,,,
Grade 6,English,"Complex prefixes: negative, locative, temporal, and numerical prefixes (e.g., anti-, de-, dis-, in-/im-/il-/ir-, non-, un-, inter-, intra-, trans-, sub-, super-, pre-, post-, fore-, uni-, bi-, tri-, poly-, multi-)",,,,
Grade 6,English,"Complex suffixes that shift word functions and parts of speech (-ation/-tion/-sion, -ity, -ment, -ness, -ance/-ence, -ship, -hood, -ize/-ise, -ate, -ify, -able/-ible, -al/-ial, -ful, -less, -ous/-ious, -ive, -ly)",,,,
Grade 6,English,"Spelling patterns and rules for advanced irregular words, silent letters, and homophonic pairs",,,,
Grade 6,English,"Compound words: stylistic usage of closed, open, and hyphenated compound words in academic contexts",,,,
Grade 6,English,"Distinguishing denotation (literal dictionary definition) from connotation (positive, negative, and neutral nuances)",,,,
Grade 6,English,"Synonyms, antonyms, and precision in vocabulary selection across different registers (informal, formal, academic)",,,,
Grade 6,English,"Homophones, homographs, and homonyms analyzed within complex syntax and specialized subject matter",,,,
Grade 6,English,"Idiomatic expressions, adages, and proverbs: interpreting cultural idioms and figurative language in context",,,,
Grade 6,English,"Figurative language analysis: simile, metaphor, personification, hyperbole, onomatopoeia, alliteration, assonance, and consonance",,,,
Grade 6,English,"Literary devices: symbolism, irony (verbal, situational, dramatic), paradox, oxymoron, and puns",,,,
Grade 6,English,"Context clue strategies: definition, synonym, antonym, example, comparison-contrast, cause-effect, and mood/inference clues",,,,
Grade 6,English,"Navigating print and digital reference sources: advanced dictionaries, thesauruses, glossaries, encyclopedias, almanacs, and curated research databases",,,,
Grade 6,English,"Interpreting complex dictionary and thesaurus entries: pronunciation respellings, primary/secondary stress marks, part-of-speech labels, etymology, and numbered multi-tier definitions",,,,
Grade 6,English,"Review of nouns: common, proper, concrete, and abstract nouns",,,,
Grade 6,English,Countable nouns vs. mass/uncountable nouns with specialized measurement quantifiers and partitive phrases,,,,
Grade 6,English,"Singular and plural forms of regular, irregular, foreign, and invariant nouns (e.g., analysis/analyses, phenomenon/phenomena, syllabus/syllabi, series/series)",,,,
Grade 6,English,Collective nouns denoting specialized entities and concord rules with collective subjects,,,,
Grade 6,English,"Possessive nouns: singular, regular plural, irregular plural, compound, and joint vs. separate possession apostrophe mechanics",,,,
Grade 6,English,"Pronouns: personal pronouns in subjective, objective, and possessive cases",,,,
Grade 6,English,Reflexive and intensive pronouns: distinguishing between essential reflexive function and emphatic intensive use,,,,
Grade 6,English,Demonstrative pronouns vs. demonstrative adjectives,,,,
Grade 6,English,"Relative pronouns (who, whom, whose, which, that) in restrictive (essential) and non-restrictive (non-essential) relative clauses",,,,
Grade 6,English,"Indefinite pronouns and pronoun-antecedent agreement rules (singular indefinite: each, either, neither, everyone, nobody; plural indefinite: both, few, many, several; variable indefinite: all, any, more, most, none, some)",,,,
Grade 6,English,"Interrogative, reciprocal (each other, one another), and indefinite relative pronouns",,,,
Grade 6,English,"Action verbs: transitive verbs (direct and indirect objects, objective complements) and intransitive verbs (complete and linking)",,,,
Grade 6,English,Linking verbs and subject complements (predicate nominatives / nouns and predicate adjectives),,,,
Grade 6,English,"Auxiliary / helping verbs and modal auxiliaries expressing ability, permission, obligation, possibility, necessity, and conditionality (can, could, may, might, must, shall, should, will, would, ought to)",,,,
Grade 6,English,"Subject-verb agreement: inverted sentence order, compound subjects joined by 'and' or 'or/nor', collective nouns, intervening prepositional phrases, and indefinite pronouns",,,,
Grade 6,English,"Simple tenses of verbs (simple present, simple past, simple future) with regular and irregular forms",,,,
Grade 6,English,"Perfect tenses of verbs: present perfect, past perfect, and future perfect",,,,
Grade 6,English,"Progressive / continuous tenses: present progressive, past progressive, and future progressive",,,,
Grade 6,English,"Perfect progressive tenses: present perfect progressive, past perfect progressive, and future perfect progressive",,,,
Grade 6,English,Maintaining verb tense consistency within multi-paragraph compositions,,,,
Grade 6,English,"Active voice vs. Passive voice: structural transformation, agent omission, and rhetorical choices in scientific vs. narrative writing",,,,
Grade 6,English,"Descriptive, quantitative, interrogative, demonstrative, and possessive adjectives",,,,
Grade 6,English,"Proper adjectives derived from geopolitical, ethnic, and historical proper nouns",,,,
Grade 6,English,"Order of cumulative adjectives in a series (determiner, quantity/number, opinion, size, shape, age, color, origin, material, purpose, noun modifier)",,,,
Grade 6,English,"Degrees of comparison of regular and irregular adjectives (positive, comparative, superlative) and avoiding double comparatives/superlatives",,,,
Grade 6,English,"Adverbs of manner, place, time, frequency, and degree",,,,
Grade 6,English,"Interrogative adverbs, relative adverbs (where, when, why), and conjunctive adverbs (however, furthermore, therefore, nevertheless, meanwhile, consequently)",,,,
Grade 6,English,"Comparative and superlative forms of adverbs (positive, comparative, superlative)",,,,
Grade 6,English,Prepositions and complex prepositional phrases functioning as adjectival and adverbial modifiers,,,,
Grade 6,English,"Coordinating conjunctions (FANBOYS: for, and, nor, but, or, yet, so)",,,,
Grade 6,English,"Subordinating conjunctions introducing dependent adverbial clauses (time, cause, condition, concession, purpose, comparison)",,,,
Grade 6,English,"Correlative conjunctions used in parallel grammatical structures (either...or, neither...nor, both...and, not only...but also, whether...or)",,,,
Grade 6,English,Interjections and punctuation to convey varying emotional intensities in dialogue and informal prose,,,,
Grade 6,English,"Sentence components: simple and complete subjects, simple and complete predicates, compound subjects, compound predicates, and understood subjects (in imperative sentences)",,,,
Grade 6,English,"Complements in sentence structure: direct objects, indirect objects, objective complements, predicate nominatives, and predicate adjectives",,,,
Grade 6,English,"Four sentence structures: simple, compound, complex, and compound-complex sentences",,,,
Grade 6,English,"Identifying and correcting sentence errors: sentence fragments, run-on sentences, comma splices, misplaced modifiers, and dangling modifiers",,,,
Grade 6,English,"Four sentence types by communicative function: declarative, interrogative, imperative, and exclamatory",,,,
Grade 6,English,"Direct speech vs. Indirect / reported speech: transforming statements, questions, and commands with appropriate tense shifts, pronoun changes, and time/place adjustments",,,,
Grade 6,English,"Capitalization mechanics: proper nouns, titles of publications/artworks, historical eras/events, institutions, acronyms, and geographical terms",,,,
Grade 6,English,"Punctuation: end marks (period, question mark, exclamation point)",,,,
Grade 6,English,"Punctuation: comma rules (items in a series, introductory clauses/phrases, parenthetical elements, appositives, non-restrictive clauses, compound sentences, direct address, tag questions, dates, addresses, coordinate adjectives)",,,,
Grade 6,English,"Punctuation: apostrophes for contractions, possessives, and pluralization of letters/symbols",,,,
Grade 6,English,"Punctuation: quotation marks in dialogue, direct quotations, quote-within-a-quote, and titles of short works (poems, short stories, essays, song titles)",,,,
Grade 6,English,"Punctuation: colons (introducing lists, formal business salutations, ratios, subtitles), semicolons (connecting related independent clauses, lists containing internal commas), hyphens, em-dashes, en-dashes, and parentheses",,,,
Grade 6,English,"Reading comprehension strategies: activating schema, generating questions, visualizing, drawing inferences, synthesizing ideas, monitoring comprehension, and summarizing",,,,
Grade 6,English,"Literary elements: characterization methods (direct and indirect: Speech, Thoughts, Effect on others, Actions, Looks / STEAL framework), flat vs. round, static vs. dynamic, protagonist vs. antagonist",,,,
Grade 6,English,"Setting analysis: physical environment, historical era, temporal span, cultural milieu, and atmospheric mood",,,,
Grade 6,English,"Plot architecture: exposition, narrative hook, inciting incident, rising action, climax, falling action, and resolution / denouement",,,,
Grade 6,English,"Conflict taxonomy: internal conflict (character vs. self) and external conflict (character vs. character, character vs. nature, character vs. society, character vs. fate/supernatural, character vs. technology)",,,,
Grade 6,English,"Theme analysis: extracting abstract universal themes, identifying recurring motifs, and comparing thematic treatments across multiple texts",,,,
Grade 6,English,"Narrative point of view: first-person (subjective/objective), second-person, third-person limited, and third-person omniscient; evaluating narrator reliability",,,,
Grade 6,English,"Analyzing tone (author's stance) and mood (reader's emotional atmosphere) through diction, syntax, and imagery",,,,
Grade 6,English,Drawing valid conclusions and making inferences supported by verbatim textual evidence and parenthetical citations,,,,
Grade 6,English,Distinguishing explicit textual statements from implicit meanings and authorial assumptions,,,,
Grade 6,English,"Evaluating fact, opinion, belief, substantiated assertion, and value judgment",,,,
Grade 6,English,"Causal reasoning: identifying single-cause, multi-cause, causal chain, and unintended consequence structures",,,,
Grade 6,English,"Comparative analysis: comparing and contrasting texts, authors' styles, genres, perspectives, and multimedia adaptations",,,,
Grade 6,English,"Narrative devices: analyzing chronological pacing, flashbacks, foreshadowing, in media res, frame stories, and suspense",,,,
Grade 6,English,"Informational text structures: description, chronological/sequential, cause and effect, compare and contrast, problem and solution, order of importance / hierarchical",,,,
Grade 6,English,"Evaluating non-fiction text features: headers, subheadings, diagrams, charts, graphs, infographics, sidebars, footnotes, photo captions, glossaries, indexes, tables of contents",,,,
Grade 6,English,"Determining central ideas, identifying essential supporting details, and writing objective, unbiased summaries",,,,
Grade 6,English,"Analyzing author's purpose (persuade, inform, entertain, explain, describe), author's perspective, tone, and rhetorical techniques",,,,
Grade 6,English,"Propaganda techniques and commercial bias: bandwagon, testimonial, plain folks, card stacking, glittering generalities, name-calling, transfer, and emotional appeal",,,,
Grade 6,English,"Poetic forms: free verse, haiku, tanka, limerick, ballad, sonnet, elegy, and narrative poetry",,,,
Grade 6,English,"Poetry mechanics: stanza types (couplets, tercets, quatrains), rhythm, meter (basic scansion), rhyme schemes, imagery, and sound devices",,,,
Grade 6,English,"Drama analysis: script format, dialogue, monologue, soliloquy, stage directions, scene/act structure, dramatic tension, and character interaction",,,,
Grade 6,English,"Media and visual literacy: interpreting visual rhetoric, infographics, political cartoons, public service announcements, print advertisements, and identifying digitally altered media",,,,
Grade 6,English,"Oral communication: active listening protocols, taking systematic notes from oral lectures, asking critical questions",,,,
Grade 6,English,"Oral communication: formal presentations, argumentative speeches, persuasive pitches, and literature reviews using appropriate vocal projection, intonation, pacing, posture, and eye contact",,,,
Grade 6,English,"Oral communication: participating in collaborative discussions, Socratic seminars, formal debates (constructive speeches, cross-examination, rebuttals), and panel presentations",,,,
Grade 6,English,"Oral communication: expressive oral interpretation, dramatic monologues, readers' theater, and speech choir performances",,,,
Grade 6,English,"The writing process: pre-writing (brainstorming, clustering, concept mapping, formal outlining), drafting, revising, editing/proofreading, and publishing",,,,
Grade 6,English,"Paragraph development: focused topic sentence, relevant supporting details/evidence, logical organization, cohesive transitional devices, and a synthesizing concluding sentence",,,,
Grade 6,English,"Multi-paragraph essay structure: introductory paragraph with hook, contextual background, and clear thesis statement; body paragraphs with topic sentences and evidence; concluding paragraph with restated thesis and call to action/synthesis",,,,
Grade 6,English,"Narrative writing: composing fictional and autobiographical narratives featuring authentic character development, compelling conflict, believable dialogue, sensory details, pacing, and organic resolutions",,,,
Grade 6,English,"Descriptive writing: crafting sensory-rich descriptions utilizing precise spatial organization, vivid modifiers, and figurative language",,,,
Grade 6,English,"Expository / Informative writing: cause-and-effect essays, comparative analysis essays, descriptive process explanations, and research summaries",,,,
Grade 6,English,"Argumentative / Persuasive writing: formulating a clear claim statement, providing reasoned logical arguments backed by verifiable evidence, addressing counterclaims/rebuttals, and establishing a call to action",,,,
Grade 6,English,"Functional writing: formal business letters, professional email correspondence, letters of inquiry, letters of complaint, and formal invitations",,,,
Grade 6,English,"Research methodology: formulating inquiry questions, gathering data from primary and secondary print/digital sources, evaluating source credibility, currency, authority, and objectivity",,,,
Grade 6,English,"Synthesizing information across multiple texts, taking structured notes (paraphrasing, summarizing, direct quotation), and ethical use of intellectual property (avoiding plagiarism)",,,,
Grade 6,English,"Bibliographic citation mechanics: recording author, title, container, publisher, publication date, and URL/access information",,,,
Grade 6,English,"Proofreading and revision: evaluating structural unity, logical coherence, sentence variety, diction, voice, and mechanical accuracy using standard proofreading marks",,,,
Grade 6,Filipino,Ortograpiyang Pambansa: Mga tuntunin sa pagbabaybay ng mga katutubong salita at salitang hiram,,,,
Grade 6,Filipino,"Panghihiram ng mga salita: Pagbaybay ayon sa bigkas, pagpapanatili ng orihinal na baybay, at wastong gamit ng walong dagdag na titik (c, f, j, ñ, q, v, x, z)",,,,
Grade 6,Filipino,Pagsasaayos ng mga salita nang paalpabeto batay sa una hanggang ikalimang titik at paggamit ng pamatnubay na salita,,,,
Grade 6,Filipino,"Kayarian ng pantig at pagpapantig ng mga salitang may klaster, diptonggo, at magkakatabing patinig",,,,
Grade 6,Filipino,"Paggamit ng pahiwatig sa konteksto (context clues) upang matukoy ang kasingkahulugan, kasalungat, at pahiwatig ng mga salita",,,,
Grade 6,Filipino,"Denotasyon (tiyak at literal na kahulugan) at Konotasyon (pahiwatig, emosyonal, o simbolikong kahulugan)",,,,
Grade 6,Filipino,"Pagkiklino o Clining: Pag-aayos ng mga salita ayon sa tindi, sidhi, o antas ng ipinapahayag na kahulugan",,,,
Grade 6,Filipino,"Kayarian ng Salita: Payak, Maylapi, Inuulit (Ganap at Parsyal), at Tambalan (Ganap at Di-ganap)",,,,
Grade 6,Filipino,"Paglalapi at Pagbabagong Morpoponemiko: Asimilasyon (Parisyal at Ganap), Pagpapalit ng Ponema, Paglilipat-diin, Pagkakaltas ng Ponema, at Metatesis",,,,
Grade 6,Filipino,"Pagkilala at mabisang paggamit ng mga Sawikain / Idyoma, Salawikain, at Kasabihan sa pasulat at pasalitang komunikasyon",,,,
Grade 6,Filipino,"Paggamit ng mga pangkalahatang sanggunian: Diksyunaryo, tesauro, ensayklopediya, atlas, almanake, peryodiko, at mapagkakatiwalaang online sources",,,,
Grade 6,Filipino,"Pagsusuri sa mga bahagi ng entri sa diksyunaryo: Pagbaybay, gabay sa pagbigkas, bahagi ng pananalita, etimolohiya, at iba't ibang depinisyon ayon sa larangan",,,,
Grade 6,Filipino,"Wastong paggamit ng magagalang na pananalita sa pakikipagdebate, pagbibigay ng argumento, pagsang-ayon, at pagsalungat",,,,
Grade 6,Filipino,Pangngalan: Uri ng Pangngalan (Pantangi at Pambalana),,,,
Grade 6,Filipino,Klasipikasyon ng Pangngalang Pambalana: Tahas (Kongkreto: Palansak at Di-palansak) at Basal (Di-kongkreto / Konseptwal),,,,
Grade 6,Filipino,"Kasarian ng Pangngalan: Panlalaki, Pambabae, Di-tiyak, at Walang Kasarian",,,,
Grade 6,Filipino,"Kailanan ng Pangngalan: Isahan, Dalawahan, at Maramihan",,,,
Grade 6,Filipino,"Kaukulan at Gamit ng Pangngalan sa Pangungusap: Simuno / Paksa, Kaganapang Pansimuno, Pamuno, Tuwirang Layon (Layon ng Pandiwa), at Layon ng Pang-ukol",,,,
Grade 6,Filipino,"Panghalip Panao: Panauhan (Una, Ikalawa, Ikatlo), Kailanan (Isahan, Dalawahan, Maramihan), at Kaukulan (Palagyo, Palayon, Paari)",,,,
Grade 6,Filipino,"Panghalip Pamatlig: Anyong Pronominal (ito, iyan, iyon), Panawag-pansin / Pahimaton (eto, ayan, ayon), Patulad (ganito, ganyan, ganoon), at Panlunan (dito, diyan, doon)",,,,
Grade 6,Filipino,"Panghalip Pananong: Isahan at Maramihan sa pagbuo ng mga payak, tambalan, at analitikal na mga tanong",,,,
Grade 6,Filipino,"Panghalip Panaklaw: Tiyak at Di-tiyak na dami o kalahatan (bawat isa, madla, sinuman, anuman, alinman, kailanman, saanman, pulos, tanan)",,,,
Grade 6,Filipino,"Panghalip Pamanggit: Paggamit ng mga panghalip na nag-uugnay ng dalawang kaisipan o sugnay (na, -ng)",,,,
Grade 6,Filipino,"Pandiwa: Pagkilala sa mga salitang nagpapahayag ng kilos, gawa, proseso, o kalagayan",,,,
Grade 6,Filipino,"Aspekto ng Pandiwa: Naganap o Perpektibo, Katatapos (gamit ang unlaping 'ka-'), Nagaganap o Imperpektibo, at Magaganap o Kontemplatibo",,,,
Grade 6,Filipino,"Pokus ng Pandiwa: Pokus sa Tagaganap o Aktor (ang paksa ang tagaganap ng kilos: -um-, mag-, ma-, mang-)",,,,
Grade 6,Filipino,"Pokus ng Pandiwa: Pokus sa Layon o Gol (ang paksa ang tumatanggap ng kilos: -in, -i-, ipa-)",,,,
Grade 6,Filipino,"Pokus ng Pandiwa: Pokus sa Ganapan o Lokatib (ang paksa ang pook na pinangyarihan ng kilos: -an/-han, pag-...-an)",,,,
Grade 6,Filipino,Pokus ng Pandiwa: Pokus sa Gamit o Instrumental (ang paksa ang kasangkapan sa pagsasagawa ng kilos: ipang-),,,,
Grade 6,Filipino,"Pokus ng Pandiwa: Pokus sa Sanhi o Kosatib (ang paksa ang kadahilanan ng kilos: ika-, ikina-, ikapag-)",,,,
Grade 6,Filipino,"Pokus ng Pandiwa: Pokus sa Pinaglalaanan o Benepaktib (ang paksa ang pinaglalaanan o nakikinabang sa kilos: ipag-, igapang-)",,,,
Grade 6,Filipino,"Pokus ng Pandiwa: Pokus sa Direksyon o Direksyunal (ang paksa ang direksyon o tinutungo ng kilos: -an, -han)",,,,
Grade 6,Filipino,"Kaganapan ng Pandiwa: Kaganapang Tagaganap, Layon, Ganapan, Gamit, Sanhi, Tagatanggap, at Direksyunal",,,,
Grade 6,Filipino,Kaganyakan at Pandiwang Pawatas (Infinitive),,,,
Grade 6,Filipino,Pang-uri: Uri ng Pang-uri (Panlarawan at Pamilang),,,,
Grade 6,Filipino,"Pang-uring Pamilang: Patakaran, Panunod, Pamahagi, Pahalaga, Palansak, at Patakda",,,,
Grade 6,Filipino,"Kailanan ng Pang-uri: Isahan, Dalawahan, at Maramihan",,,,
Grade 6,Filipino,"Kaantasan ng Pang-uri: Lantay, Pahambing (Magkatulad, Di-magkatulad: Pasahol at Palamang), at Pasukdol",,,,
Grade 6,Filipino,Pang-abay: Pagkakaiba at wastong gamit ng Pang-uri at Pang-abay,,,,
Grade 6,Filipino,"Uri ng Pang-abay: Pamaraan, Pamanahon (May Pananda, Walang Pananda, Payak), at Panlunan",,,,
Grade 6,Filipino,"Uri ng Pang-abay: Pang-agam (pag-aalinlangan), Panang-ayon (pagsang-ayon), Pananggi (pagtanggi), Panggaano (dami, sukat, o timbang), Kundisyunal (kondisyon), Pamitagan (paggalang), at Panulad (pagtutulad)",,,,
Grade 6,Filipino,"Pang-angkop: Wastong gamit at paglalapat ng na, -ng, at -g sa pagbuo ng mga parirala at pangungusap",,,,
Grade 6,Filipino,"Pangatnig: Paggamit ng mga pangatnig na Pamukod, Pananhi, Paninsay, Panubali, Panlinaw, Panapos, at Panulad",,,,
Grade 6,Filipino,"Pang-ukol: Paggamit ng ukol sa/kay, para sa/kay, laban sa/kay, hinggil sa/kay, ayon sa/kay, alinsunod sa/kay, tungkol sa/kay, alinsunod sa/kay",,,,
Grade 6,Filipino,"Pantukoy: Paggamit ng mga pantukoy na Pantangi (si, sina, ni, nina, kay, kina) at Pambalana (ang, ang mga)",,,,
Grade 6,Filipino,Bahagi ng Pangungusap: Simuno / Paksa (Payak at Buo) at Panaguri (Payak at Buo),,,,
Grade 6,Filipino,Ayos ng Pangungusap: Karaniwang Ayos (Panaguri bago Simuno) at Di-Karaniwang Ayos (Simuno bago Panaguri na may 'ay'),,,,
Grade 6,Filipino,Paglilipat at pagbabago ng ayos ng pangungusap mula Karaniwan patungong Di-Karaniwan at pabaligtad,,,,
Grade 6,Filipino,"Uri ng Pangungusap ayon sa Gamit: Pasalaysay o Paturol, Patanong, Pautos, Pakiusap, at Padamdam",,,,
Grade 6,Filipino,"Kayarian ng Pangungusap: Payak, Tambalan, Hugnayan, at Langkapan",,,,
Grade 6,Filipino,"Wastong gamit ng mga Bantas: Tuldok (.), Tandang Pananong (?), Tandang Padamdam (!), Kuwit (,), Gitling (-), Tutuldok (:), Tuldukuwit (;), Panipi ("" ""), Panaklong (( )), at Kudlit (')",,,,
Grade 6,Filipino,"Pakikinig nang may Pag-unawa: Pagtatala ng mahahalagang detalye, pagsunod sa masalimuot na panuto, at pagsusuri ng napakinggang diskurso",,,,
Grade 6,Filipino,"Pagsusuri ng mga Elemento ng Maikling Kuwento: Tauhan (Protagonista, Antagonista, Lapad, Bilog), Tagpuan, Banghay, Tunggalian, at Resolusyon",,,,
Grade 6,Filipino,"Pagsusuri sa Banghay ng Kuwento: Simula, Saglit na Kasiglahan, Kasukdulan, Kakalasan, at Wakas",,,,
Grade 6,Filipino,"Pagtukoy sa mga Uri ng Tunggalian: Tao laban sa Tao, Tao laban sa Sarili, Tao laban sa Kalikasan, at Tao laban sa Lipunan",,,,
Grade 6,Filipino,"Pagtukoy sa Pangunahing Paksa, Pangunahing Kaisipan, at mga Pantulong na Kaisipan sa binasang teksto",,,,
Grade 6,Filipino,"Pagsusunod-sunod ng mga pangyayari sa kuwento gamit ang balangkas, timeline, o graphic organizer",,,,
Grade 6,Filipino,"Pagtukoy sa Sanhi at Bunga ng mga pangyayari sa masalimuot na teksto, artikulo, at balita",,,,
Grade 6,Filipino,"Paghinuha sa damdamin, motibo, layunin, at katangian ng mga tauhan batay sa kanilang ikinilos, sinabi, at reaksyon",,,,
Grade 6,Filipino,Paghuhula sa kalalabasan o susunod na mga pangyayari batay sa pahiwatig at dating kaalaman,,,,
Grade 6,Filipino,"Pagtukoy sa pagkakaiba ng Katotohanan (Fact) at Opinyon (Opinion) sa mga balita, editoryal, at komentaryo",,,,
Grade 6,Filipino,"Pagsusuri sa Layunin ng May-akda (magbigay-impormasyon, manghikayat, mang-aliw, magturo ng aral, magpaliwanag) at tono/himig ng teksto",,,,
Grade 6,Filipino,"Pagsusuri sa mga Elemento ng Tula: Sukat, Tugma, Saknong, Taludtod, Kariktan, at Talinghaga",,,,
Grade 6,Filipino,"Pagtukoy at pagsusuri ng mga Tayutay sa Panitikan: Pagtutulad (Simile), Pagwawangis (Metaphor), Pagsasatao (Personification), Pagmamalabis (Hyperbole), at Pagtawag (Apostrophe)",,,,
Grade 6,Filipino,"Pagsusuri sa mga Elemento ng Dula: Iskrip, Aktor/Tauhan, Tagpuan, Tanghalan, Direktor, Diyalogo, at Yugto/Tagpo",,,,
Grade 6,Filipino,"Pagsusuri sa mga Anyo ng Panitikan: Alamat, Pabula, Parabula, Epiko, Kwentong-Bayan, Mito, at Sanaysay",,,,
Grade 6,Filipino,"Pagsusuri ng Tekstong Ekspositori / Impormatibo: Deskripsyon, Pagkakasunod-sunod (Kronolohikal at Prosidyural), Sanhi at Bunga, Paghahambing at Pagkokontra, at Problema at Solusyon",,,,
Grade 6,Filipino,"Pagsusuri ng mga Bahagi ng Pahayagan: Pangunahing Balita, Pangulong Tudling / Editoryal, Balitang Panlalawigan, Balitang Pandaigdig, Lathalain, Pampalakasan, Klasipikadong Anunsyo, at Obitwaryo",,,,
Grade 6,Filipino,"Pagsusuri ng Iba't Ibang Anyo ng Media at Propaganda: Pagsusuri ng Patalastas, Editorial Cartoon, at Balitang Pangmadla",,,,
Grade 6,Filipino,"Pagsulat ng talata gamit ang wastong estruktura: Pamaksang Pangungusap, mga Pansuportang Pangungusap, mga Panandang Pandiskurso / Pang-ugnay, at Pangwakas na Pangungusap",,,,
Grade 6,Filipino,"Pagsulat ng iba't ibang uri ng Liham-Pangkaibigan: Liham Pagbating, Paanyaya, Pasasalamat, Pakikiramay, Paumanhin",,,,
Grade 6,Filipino,"Pagsulat ng iba't ibang uri ng Liham-Pangangalakal: Liham ng Pag-aaplay, Liham ng Paghingi ng Pahintulot, Liham ng Pag-order, Liham ng Reklamo, at Liham ng Pagbibitiw (panimula)",,,,
Grade 6,Filipino,Pagsulat ng Buod o Lagom (Summary / Précis) mula sa binasang kuwento o artikulo,,,,
Grade 6,Filipino,"Pagsulat ng Balangkas (Outline) na may dalawa hanggang tatlong antas (Romano, Malalaking Titik, at Arabikong Bilang)",,,,
Grade 6,Filipino,Pagsulat ng Talambuhay (Pansarili at ng Ibang Tao),,,,
Grade 6,Filipino,"Pagsulat ng Balita, Editoryal, Lathalain, Islogan, at Patalastas",,,,
Grade 6,Filipino,Pagsulat ng Panuto o Prosidyural na Teksto (Hakbang sa paggawa ng isang proyekto o resipe),,,,
Grade 6,Filipino,"Wastong pagsulat sa paraang kabit-kabit (cursive writing) nang may tamang anyo, kalinisan, espasyo, at wastong bantas",,,,
Grade 6,Filipino,"Pasalitang Pagpapahayag: Masining na Pagkukuwento, Sabayang Pagbigkas, Deklamasyon, at Readers' Theater",,,,
Grade 6,Filipino,"Pasalitang Pagpapahayag: Pakikilahok sa Balagtasan, Pagtatalumpati (Impromptu at Extemporaneous), at Pormal na Debate",,,,
Grade 6,Social Studies,Kinalalagyan ng Pilipinas at ang Epekto Nito sa Malayang Kaisipan at Kamalayang Makabansa,,,,
Grade 6,Social Studies,Pagbubukas ng Suez Canal (1869) at ang Paglaganap ng mga Ideyang Liberal sa Pilipinas,,,,
Grade 6,Social Studies,"Ang Kilusang Propaganda: Mga Layunin, Pamamaraan, at Pahayagang La Solidaridad",,,,
Grade 6,Social Studies,"Mga Pangunahing Propagandista: Jose Rizal, Marcelo H. del Pilar, Graciano Lopez Jaena, Mariano Ponce, Antonio Luna",,,,
Grade 6,Social Studies,Pagtatag ng La Liga Filipina at ang Pagpapatapon kay Dr. Jose Rizal sa Dapitan,,,,
Grade 6,Social Studies,"Pagtatag ng Katipunan (KKK: Kataas-taasang, Kagalang-galangang Katipunan ng mga Anak ng Bayan) ni Andres Bonifacio",,,,
Grade 6,Social Studies,"Mga Layunin, Aral (Kartilya ng Katipunan ni Emilio Jacinto), at Estruktura ng KKK",,,,
Grade 6,Social Studies,"Gampanin at Kontribusyon ng Kababaihan sa Katipunan (Teresa Magbanua, Gregoria de Jesus, Melchora Aquino, Trinidad Tecson)",,,,
Grade 6,Social Studies,"Pagsiklab ng Himagsikang 1896: Pagkakatuklas ng Katipunan, Sigaw sa Pugad Lawin, at Unang Sigwa",,,,
Grade 6,Social Studies,Ang Labanan sa Pinaglabanan at Pagpataw ng Batas Militar sa Walong Lalawigan,,,,
Grade 6,Social Studies,"Kumbensiyon sa Tejeros: Alitan ng Magdiwang at Magdalo, Pagkakahalal kay Emilio Aguinaldo, at Pagbitay sa Magkapatid na Bonifacio sa Maragondon",,,,
Grade 6,Social Studies,"Kasunduan sa Biak-na-Bato: Mga Probisyon, Pagkabigo ng Kasunduan, at Pagpapatapon kina Aguinaldo sa Hong Kong",,,,
Grade 6,Social Studies,Digmaang Espanyol-Amerikano: Labanan sa Look ng Maynila (Battle of Manila Bay) at ang Kasunduan nina Commodore George Dewey at Aguinaldo,,,,
Grade 6,Social Studies,"Pagpapahayag ng Kasarinlan ng Pilipinas sa Kawit, Cavite (Hunyo 12, 1898)",,,,
Grade 6,Social Studies,Pambansang Bandila ng Pilipinas (Marcelang Agoncillo) at Pambansang Awit (Julian Felipe at Jose Palma),,,,
Grade 6,Social Studies,"Kongreso ng Malolos, Saligang Batas ng Malolos, at Pagtatatag ng Unang Republika ng Pilipinas",,,,
Grade 6,Social Studies,"Lihim na Kasunduan sa Paris (Disyembre 10, 1898) at Pagsuko ng Espanya sa Pilipinas pabor sa Estados Unidos",,,,
Grade 6,Social Studies,"Pagsiklab ng Digmaang Pilipino-Amerikano: Insidente sa Tulay ng San Juan (Pebrero 4, 1899)",,,,
Grade 6,Social Studies,"Mga Labanan sa Digmaang Pilipino-Amerikano: Labanan sa Quingua, Labanan sa Caloocan, at Labanan sa Tirad Pass (Heneral Gregorio del Pilar)",,,,
Grade 6,Social Studies,"Mga Kilalang Heneral at Bayani sa Digmaang Pilipino-Amerikano (Heneral Antonio Luna, Apolinario Mabini, Macario Sakay, Miguel Malvar, Vicente Lukban)",,,,
Grade 6,Social Studies,"Mga Karahasan at Taktika ng mga Amerikano: Balangiga Massacre, Water Cure Torture, Reconcentration Act (Zona System)",,,,
Grade 6,Social Studies,"Pagdakip kay Pangulong Emilio Aguinaldo sa Palanan, Isabela at ang Pagwawakas ng Unang Republika",,,,
Grade 6,Social Studies,Mga Uri ng Pamahalaang Itinatag ng mga Amerikano: Pamahalaang Militar at Pamahalaang Sibil,,,,
Grade 6,Social Studies,Komisyong Schurman (First Philippine Commission) at Komisyong Taft (Second Philippine Commission),,,,
Grade 6,Social Studies,"Patakarang Pasipikasyon at Kooptasyon: Sedition Law (1901), Brigandage Act (1902), Reconcentration Act (1903), at Flag Law (1907)",,,,
Grade 6,Social Studies,Sistemang Pampolitika sa Ilalim ng Amerikano: Pagbubuo ng Asamblea ng Pilipinas (1907) at Batas Jones (Philippine Autonomy Act ng 1916),,,,
Grade 6,Social Studies,Mga Misyon sa Kalayaan ng Pilipinas tungo sa Estados Unidos (Os-Rox Mission),,,,
Grade 6,Social Studies,Batas Hare-Hawes-Cutting (1933) at Batas Tydings-McDuffie (Philippine Independence Act ng 1934),,,,
Grade 6,Social Studies,Ang Pamahalaang Komonwelt ng Pilipinas (1935): Saligang Batas ng 1935 at Pamumuno nina Manuel L. Quezon at Sergio Osmeña,,,,
Grade 6,Social Studies,"Mga Programa ng Pamahalaang Komonwelt: Katarungang Panlipunan (Social Justice), Pambansang Wika, Karapatan sa Pagboto ng Kababaihan (Suffrage), at Pambansang Tanggulan",,,,
Grade 6,Social Studies,"Pagbabagong Panlipunan at Pangkultura sa Panahon ng Amerikano: Libreng Edukasyon (Thomasites), Wikang Ingles, Kalusugan at Sanitasyon, Transportasyon at Komunikasyon",,,,
Grade 6,Social Studies,"Malayang Kalakalan (Free Trade): Payne-Aldrich Act (1909), Underwood-Simmons Act (1913), at ang Pagsandig ng Ekonomiya sa US",,,,
Grade 6,Social Studies,"Pagsiklab ng Ikalawang Digmaang Pandaigdig sa Asya at Pagbomba sa Pearl Harbor at Clark Air Base (Disyembre 8, 1941)",,,,
Grade 6,Social Studies,Pagsakop ng mga Hapones sa Maynila at Pagdedeklara ng Maynila bilang Open City,,,,
Grade 6,Social Studies,Labanan sa Bataan at Corregidor: Pagbagsak ng Bataan at ang Martsa ng Kamatayan (Bataan Death March),,,,
Grade 6,Social Studies,Ang Pamahalaang Komonwelt sa Pagpapatapon (Commonwealth in Exile sa Washington D.C.),,,,
Grade 6,Social Studies,Pananakop ng Hapon sa Pilipinas: Pagtatatag ng Philippine Executive Commission at ang Ikalawang Republika ng Pilipinas (Puppet Republic sa ilalim ni Jose P. Laurel),,,,
Grade 6,Social Studies,"Karahasan at Pagmamalupit sa Ilalim ng Hapon: Kempeitai, Comfort Women, Fort Santiago, at Zonipikasyon",,,,
Grade 6,Social Studies,"Kahirapan sa Ekonomiya sa Panahon ng Hapon: Mickey Mouse Money, Kakulangan sa Pagkain, at Bigasang Bayan (BIBA)",,,,
Grade 6,Social Studies,Kilusang Gerilya at ang Hukbalahap (Hukbo ng Bayan Laban sa Hapon) sa Pamumuno ni Luis Taruc,,,,
Grade 6,Social Studies,"Pagbabalik ng mga Sandatahang Amerikano: Leyte Landing (Oktubre 20, 1944) ni Heneral Douglas MacArthur",,,,
Grade 6,Social Studies,Labanan sa Golpo ng Leyte (Battle of Leyte Gulf) at ang Pagpapalaya sa Maynila (Battle of Manila),,,,
Grade 6,Social Studies,Pagwawakas ng Ikalawang Digmaang Pandaigdig at ang Pagsuko ng mga Puwersang Hapones sa Pangunguna ni Heneral Tomoyuki Yamashita,,,,
Grade 6,Social Studies,"Pagkakatatag ng Ikatlong Republika ng Pilipinas at Pagpapahayag ng Kalayaan mula sa Estados Unidos (Hulyo 4, 1946)",,,,
Grade 6,Social Studies,"Mga Hamon sa Pagsasarili: Pinsala ng Digmaan (Rehabilitasyon), Krisis sa Ekonomiya, at Suliranin sa Kapayapaan (Rebelyong Huk)",,,,
Grade 6,Social Studies,"Mga Hindi Pantay na Kasunduan sa pagitan ng Pilipinas at US: Bell Trade Act, Parity Rights, at Military Bases Agreement",,,,
Grade 6,Social Studies,"Mga Pangulo ng Ikatlong Republika, Kanilang mga Programa, at Patakaran: Manuel Roxas (Rehabilitasyon at Pakikipag-ugnayan sa US)",,,,
Grade 6,Social Studies,Mga Pangulo ng Ikatlong Republika: Elpidio Quirino (Presidential Action Committee on Social Amelioration o PACSA at Total Economic Mobilization),,,,
Grade 6,Social Studies,"Mga Pangulo ng Ikatlong Republika: Ramon Magsaysay (Pagbabalik ng Tiwala sa Pamahalaan, Land Reform, at Pagpuksa sa Rebelyong Huk)",,,,
Grade 6,Social Studies,Mga Pangulo ng Ikatlong Republika: Carlos P. Garcia (Filipino First Policy / Patakarang Pilipino Muna at Austerity Program),,,,
Grade 6,Social Studies,"Mga Pangulo ng Ikatlong Republika: Diosdado Macapagal (Agricultural Land Reform Code, Paglipat ng Araw ng Kalayaan sa Hunyo 12, at Pag-angkin sa Sabah)",,,,
Grade 6,Social Studies,"Unang Termino ni Ferdinand Marcos Sr.: Reporma sa Imprastraktura, Green Revolution, at Pagsiklab ng Krisis sa Ekonomiya at Politika",,,,
Grade 6,Social Studies,"Deklarasyon ng Batas Militar (Proklamasyon Blg. 1081 noong Setyembre 21, 1972) at ang Saligang Batas ng 1973",,,,
Grade 6,Social Studies,"Mga Dahilan at Katwiran sa Pagpataw ng Batas Militar (Banta ng Komunismo, Rebelyong Moro, at Karahasan sa Lipunan)",,,,
Grade 6,Social Studies,"Ang Bagong Lipunan: Mga Programa sa Repormang Pansakahan, Imprastraktura, Kultura, at Bagong Kaayusan",,,,
Grade 6,Social Studies,"Mga Epekto at Paglabag sa Karapatang Pantao sa Panahon ng Batas Militar: Salvaging, Torture, Desaparecidos, at Pagkawala ng Malayang Pamamahayag",,,,
Grade 6,Social Studies,"Crony Capitalism, Paglobo ng Utang Panlabas, at Pagbagsak ng Ekonomiya ng Bansa",,,,
Grade 6,Social Studies,"Pagpatay kay Senador Benigno ""Ninoy"" Aquino Jr. sa Manila International Airport (Agosto 21, 1983) at Pagsiklab ng Malawakang Protesta",,,,
Grade 6,Social Studies,Ang Snap Election ng 1986 at ang Pagkilos ng National Movement for Free Elections (NAMFREL),,,,
Grade 6,Social Studies,"Ang Rebolusyong EDSA People Power I (Pebrero 22-25, 1986): Pagkakaisa ng Simbahan, Militar, at Mamamayan sa Mapayapang Paraan",,,,
Grade 6,Social Studies,Pagwawakas ng Diktadurang Marcos at ang Pagpapanumbalik ng Demokrasya sa Ilalim ni Pangulong Corazon C. Aquino,,,,
Grade 6,Social Studies,"Pagtatatag ng Rebolusyonaryong Pamahalaan, Freedom Constitution, at ang Pagpapatibay ng Saligang Batas ng 1987",,,,
Grade 6,Social Studies,"Mga Hamon at Programa ng Ikaapat at Ikalimang Republika ng Pilipinas: Corazon C. Aquino (Comprehensive Agrarian Reform Program o CARP, mga Kudeta, at Pagsabog ng Bulkang Pinatubo)",,,,
Grade 6,Social Studies,"Mga Pangulo ng Ikalimang Republika: Fidel V. Ramos (Philippines 2000, Deregulasyon, Pribatisasyon, at Kasunduang Pangkapayapaan sa MNLF)",,,,
Grade 6,Social Studies,"Mga Pangulo ng Ikalimang Republika: Joseph Ejercito Estrada (Erap Para sa Mahirap, All-Out War sa MILF, Impeachment, at EDSA People Power II)",,,,
Grade 6,Social Studies,"Mga Pangulo ng Ikalimang Republika: Gloria Macapagal-Arroyo (Strong Republic, EVAT Law, Isyung Hello Garci, at Krisis Pampolitika)",,,,
Grade 6,Social Studies,"Mga Pangulo ng Ikalimang Republika: Benigno S. Aquino III (Daang Matuwid, K to 12 Basic Education Program, Pantawid Pamilyang Pilipino Program o 4Ps, at Arbitral Ruling sa West Philippine Sea)",,,,
Grade 6,Social Studies,"Mga Pangulo ng Ikalimang Republika: Rodrigo R. Duterte (War on Drugs, Build Build Build Program, Universal Health Care, Bangsamoro Organic Law)",,,,
Grade 6,Social Studies,"Mga Pangulo ng Ikalimang Republika: Ferdinand ""Bongbong"" Marcos Jr. (Bagong Pilipinas, Modernisasyon ng Agrikultura, at Ugnayang Panlabas)",,,,
Grade 6,Social Studies,Mga Kontemporaryong Isyu at Hamon sa Bansang Pilipinas: Teritoryo at Soberanya sa West Philippine Sea,,,,
Grade 6,Social Studies,"Mga Isyung Pangkapaligiran at Climate Change: Panganib ng Kalamidad, Basura, Deforestation, at Renewable Energy",,,,
Grade 6,Social Studies,"Kahirapan, Kawalan ng Trabaho, Edukasyon, Kalusugan, at Karapatang Pantao sa Kasalukuyang Panahon",,,,
Grade 6,Social Studies,"Gampanin ng Pilipinas sa Rehiyonal at Pandaigdigang Organisasyon: ASEAN, United Nations (UN), APEC, at WTO",,,,
Grade 6,Social Studies,"Tungkulin ng Mamamayan sa Pagpapanatili ng Demokrasya, Kapayapaan, at Likas-Kayang Kaunlaran ng Bansa",,,,
Grade 7,Science,"The Scientific Method: Identifying problems, formulating testable hypotheses, controlling variables, and analyzing data",,,,
Grade 7,Science,"Laboratory apparatus: Identification, correct usage, safety rules, and emergency procedures",,,,
Grade 7,Science,"Solutions: Solute and solvent dynamics, solubility curves, and factors affecting dissolution rates",,,,
Grade 7,Science,"Concentration of solutions: Percent by mass, percent by volume, and parts per million (ppm)",,,,
Grade 7,Science,"Saturated, unsaturated, and supersaturated solutions",,,,
Grade 7,Science,Substances vs. Mixtures: Distinguishing pure chemical substances from physical mixtures,,,,
Grade 7,Science,"Elements and Compounds: Chemical symbols, formulas, and structural representation",,,,
Grade 7,Science,The Periodic Table of Elements: Historical development (Mendeleev to Modern Periodic Table),,,,
Grade 7,Science,"Periodic trends and organization: Groups/families, periods, atomic numbers, and atomic masses",,,,
Grade 7,Science,"Metals, Non-metals, and Metalloids: Comparative physical and chemical properties",,,,
Grade 7,Science,"Acids and Bases: Properties, neutralization reactions, and practical applications",,,,
Grade 7,Science,"The pH Scale: Measuring acidity and basicity using litmus paper, universal indicators, and pH meters",,,,
Grade 7,Science,"Levels of biological organization: Cell, tissue, organ, organ system, organism, population, community, ecosystem, biosphere",,,,
Grade 7,Science,"Parts and functions of the compound light microscope: Mechanical, illuminating, and magnifying components",,,,
Grade 7,Science,"Proper focusing techniques, total magnification calculation, and slide preparation (wet mounts)",,,,
Grade 7,Science,"Cell structure and function: Plant cells vs. animal cells (organelles, cell wall, chloroplasts, central vacuole)",,,,
Grade 7,Science,Prokaryotic vs. Eukaryotic cellular organization,,,,
Grade 7,Science,"Reproduction in organisms: Asexual reproduction (binary fission, budding, spore formation, regeneration, vegetative propagation)",,,,
Grade 7,Science,"Reproduction in organisms: Sexual reproduction (gamete formation, fertilization, genetic variation)",,,,
Grade 7,Science,"Cell division: Mitosis (stages, purpose in growth and tissue repair) vs. Meiosis (stages, reduction division, gametogenesis)",,,,
Grade 7,Science,"Ecological relationships: Symbiosis (mutualism, commensalism, parasitism) and non-symbiotic interactions (predation, competition)",,,,
Grade 7,Science,"Energy flow in ecosystems: Trophic levels, ecological pyramids (energy, biomass, numbers), and 10% rule of energy transfer",,,,
Grade 7,Science,"Biogeochemical cycles: Water cycle, Carbon-Oxygen cycle, and Nitrogen cycle",,,,
Grade 7,Science,"Human impact on ecosystem stability, biodiversity loss, and habitat restoration",,,,
Grade 7,Science,Describing motion: Distance vs. Displacement (scalar vs. vector quantities),,,,
Grade 7,Science,"Speed vs. Velocity: Calculations and unit conversions ($m/s, km/h$)",,,,
Grade 7,Science,"Uniform acceleration: Concepts, formulas ($a = \frac{v_f - v_i}{t}$), and interpreting acceleration",,,,
Grade 7,Science,Motion graphs: Interpreting position-time ($d-t$) graphs and velocity-time ($v-t$) graphs,,,,
Grade 7,Science,"Waves: Definition, generation, and transfer of mechanical vs. electromagnetic energy",,,,
Grade 7,Science,Types of waves: Transverse waves vs. Longitudinal waves,,,,
Grade 7,Science,"Anatomy of a wave: Crest, trough, amplitude, wavelength ($\lambda$), frequency ($f$), period ($T$), and wave speed ($v = f\lambda$)",,,,
Grade 7,Science,"Sound waves: Nature as longitudinal mechanical waves, propagation through different media",,,,
Grade 7,Science,"Properties of sound: Pitch (frequency), loudness/intensity (amplitude), and timbre/quality",,,,
Grade 7,Science,The Doppler Effect: Pitch shifts in moving sources,,,,
Grade 7,Science,"Light: Nature of electromagnetic waves, dual nature (wave-particle duality basics)",,,,
Grade 7,Science,"The Electromagnetic Spectrum: Radio waves, microwaves, infrared, visible light, ultraviolet, X-rays, gamma rays",,,,
Grade 7,Science,"Visible spectrum dispersion, wavelengths, frequencies, and color perception",,,,
Grade 7,Science,Heat transfer: Thermal equilibrium and molecular kinetic energy,,,,
Grade 7,Science,"Mechanisms of heat transfer: Conduction, convection, and radiation calculations/examples",,,,
Grade 7,Science,Conductors vs. insulators and thermal expansion of materials,,,,
Grade 7,Science,"Electricity: Electrostatics, electric charge interactions (Coulomb's law intro), and static discharge",,,,
Grade 7,Science,"Current electricity: Electric current ($I$), voltage ($V$), and resistance ($R$)",,,,
Grade 7,Science,Ohm's Law: Mathematical relationship ($V = IR$) and circuit problem-solving,,,,
Grade 7,Science,"Earth's geographic coordinate system: Latitude (parallels), Longitude (meridians), and locating points on Earth",,,,
Grade 7,Science,"The Philippine environment: Geographic location, tropical climate, and natural resource richness",,,,
Grade 7,Science,"Watersheds: Role of mountain ranges, river basins, and groundwater replenishment in the Philippines",,,,
Grade 7,Science,"Atmospheric layers: Troposphere, Stratosphere (ozone layer), Mesosphere, Thermosphere, Exosphere",,,,
Grade 7,Science,"Atmospheric phenomena: Greenhouse effect, global warming, and atmospheric pressure systems",,,,
Grade 7,Science,"Land breeze, sea breeze, valley breeze, and mountain breeze formation",,,,
Grade 7,Science,Monsoons: Southwest Monsoon (Habagat) vs. Northeast Monsoon (Amihan) mechanics and seasonality,,,,
Grade 7,Science,Intertropical Convergence Zone (ITCZ) dynamics and cyclogenesis,,,,
Grade 7,Science,Seasons in the Philippines: Wet (Tag-ulan) and Dry (Tag-araw: Cool dry and Hot dry),,,,
Grade 7,Science,"Seasons of the world: Axial tilt ($23.5^\circ$), parallelism of axis, equinoxes, and solstices",,,,
Grade 7,Science,"Solar eclipses: Total, partial, and annular eclipses (umbra vs. penumbra alignment)",,,,
Grade 7,Science,"Lunar eclipses: Total, partial, and penumbral eclipses",,,,
Grade 7,Math,"Sets: Definition, elements, and cardinality of sets",,,,
Grade 7,Math,"Well-defined sets, universal sets, empty/null sets, and finite vs. infinite sets",,,,
Grade 7,Math,"Subsets, proper subsets, and power sets ($2^n$)",,,,
Grade 7,Math,"Set operations: Union ($\cup$), Intersection ($\cap$), Difference ($-$), and Complement ($A'$)",,,,
Grade 7,Math,Venn diagrams: Representing set relationships and solving 2- to 3-set word problems,,,,
Grade 7,Math,"The Real Number System: Subsets of real numbers (natural, whole, integers, rational, irrational numbers)",,,,
Grade 7,Math,Plotting real numbers on the real number line,,,,
Grade 7,Math,Absolute value of real numbers and geometric distance on the number line,,,,
Grade 7,Math,"Fundamental operations on integers: Addition, subtraction, multiplication, and division",,,,
Grade 7,Math,"Properties of operations on integers: Closure, Commutative, Associative, Distributive, Identity, and Inverse properties",,,,
Grade 7,Math,"Operations on rational numbers: Fractions and decimals (addition, subtraction, multiplication, division)",,,,
Grade 7,Math,Expressing rational numbers from fraction form to decimal form (terminating vs. repeating decimals) and vice versa,,,,
Grade 7,Math,"Square roots: Principal square roots, perfect squares, and estimating non-perfect square roots to the nearest hundredth",,,,
Grade 7,Math,Plotting irrational numbers on the number line using rational approximations,,,,
Grade 7,Math,Scientific notation: Converting very large and very small numbers between standard form and scientific notation ($a \times 10^n$),,,,
Grade 7,Math,Solving real-world problems involving real numbers,,,,
Grade 7,Math,Measurement: History and development of non-standard and standard measurement systems,,,,
Grade 7,Math,The Metric System (SI units) and the English System of measurement,,,,
Grade 7,Math,"Unit conversions within the metric system using prefixes (kilo-, hecto-, deka-, deci-, centi-, milli-)",,,,
Grade 7,Math,Unit conversions within the English system and between Metric and English systems,,,,
Grade 7,Math,"Measuring and calculating length, weight/mass, capacity/volume, time, angle, temperature, and rate",,,,
Grade 7,Math,Solving multi-step word problems involving measurement and unit rates,,,,
Grade 7,Math,Algebraic expressions: Translating verbal phrases to algebraic expressions and vice versa,,,,
Grade 7,Math,"Constants, variables, terms, and numerical/literal coefficients in algebraic expressions",,,,
Grade 7,Math,Evaluating algebraic expressions by substituting numerical values for variables,,,,
Grade 7,Math,"Polynomials: Definition, standard form, degree of a term, and degree of a polynomial",,,,
Grade 7,Math,"Classification of polynomials: Monomials, binomials, trinomials, and multinomials",,,,
Grade 7,Math,"Laws of exponents: Product rule, quotient rule, power of a power, power of a product, power of a quotient",,,,
Grade 7,Math,"Zero and negative integral exponents ($x^0 = 1$, $x^{-n} = \frac{1}{x^n}$)",,,,
Grade 7,Math,Addition and subtraction of polynomials (combining like terms),,,,
Grade 7,Math,"Multiplication of polynomials: Monomial by monomial, monomial by polynomial, and binomial by binomial (FOIL method)",,,,
Grade 7,Math,Multiplication of polynomials: Polynomial by polynomial using horizontal and vertical methods,,,,
Grade 7,Math,Special products: Product of two binomials ($x+a)(x+b$),,,,
Grade 7,Math,Special products: Square of a binomial ($(a \pm b)^2 = a^2 \pm 2ab + b^2$),,,,
Grade 7,Math,Special products: Sum and difference of two terms ($(a + b)(a - b) = a^2 - b^2$),,,,
Grade 7,Math,Special products: Cube of a binomial ($(a \pm b)^3 = a^3 \pm 3a^2b + 3ab^2 \pm b^3$),,,,
Grade 7,Math,Special products: Square of a trinomial ($(a + b + c)^2 = a^2 + b^2 + c^2 + 2ab + 2bc + 2ac$),,,,
Grade 7,Math,Division of polynomials: Polynomial divided by a monomial,,,,
Grade 7,Math,Division of polynomials: Polynomial divided by another polynomial using long division,,,,
Grade 7,Math,Synthetic division basics (introductory),,,,
Grade 7,Math,Linear equations in one variable: Algebraic properties of equality (Addition and Multiplication Properties of Equality),,,,
Grade 7,Math,"Solving linear equations in one variable involving integers, fractions, and grouping symbols",,,,
Grade 7,Math,Linear inequalities in one variable: Algebraic properties of inequality (reversing inequality signs when multiplying/dividing by a negative),,,,
Grade 7,Math,Solving linear inequalities in one variable and graphing solution sets on a number line using interval notation,,,,
Grade 7,Math,Absolute value equations in one variable ($\vert{}ax + b\vert{} = c$),,,,
Grade 7,Math,Absolute value inequalities in one variable ($\vert{}ax + b\vert{} < c$ and $\vert{}ax + b\vert{} > c$),,,,
Grade 7,Math,"Solving word problems involving linear equations and inequalities in one variable (number relations, age, geometry, mixture, coin, motion, and work problems)",,,,
Grade 7,Math,"Geometry: Undefined terms in geometry (point, line, plane) and defined geometric terms (collinear, coplanar, ray, line segment)",,,,
Grade 7,Math,Subsets of a line: Line segments and rays (notation and congruent segments),,,,
Grade 7,Math,"Angles: Definition, parts (vertex, sides), interior/exterior regions, and angle classification (acute, right, obtuse, straight, reflex)",,,,
Grade 7,Math,"Angle pairs: Adjacent angles, complementary angles, supplementary angles, vertical angles, and linear pairs",,,,
Grade 7,Math,"Perpendicular lines, perpendicular bisectors, and angle bisectors",,,,
Grade 7,Math,"Geometric constructions using a straightedge and compass: Copying segments/angles, bisecting segments/angles, constructing perpendiculars",,,,
Grade 7,Math,"Parallel lines cut by a transversal: Corresponding angles, alternate interior angles, alternate exterior angles, same-side interior/exterior angles",,,,
Grade 7,Math,Angle relationships and proving lines parallel given transversal angle measures,,,,
Grade 7,Math,"Polygons: Definition, convex vs. concave polygons, and regular vs. irregular polygons",,,,
Grade 7,Math,Properties of triangles: Interior angle sum theorem ($180^\circ$) and Exterior angle theorem,,,,
Grade 7,Math,"Classifying triangles by side lengths (equilateral, isosceles, scalene) and angle measures (acute, right, obtuse, equiangular)",,,,
Grade 7,Math,"Properties and classification of quadrilaterals: Parallelograms, rectangles, rhombi, squares, trapezoids, and kites",,,,
Grade 7,Math,"Formulas for regular polygons: Sum of interior angles ($S = (n - 2) \times 180^\circ$), measure of each interior angle, and sum of exterior angles ($360^\circ$)",,,,
Grade 7,Math,Number of diagonals in an $n$-sided polygon ($D = \frac{n(n - 3)}{2}$),,,,
Grade 7,Math,"Circles: Central angles, inscribed angles, chords, secants, tangents, arcs (minor arc, major arc, semicircle), and sectors",,,,
Grade 7,Math,"Statistics: Formulating statistical questions, collecting data, and sampling techniques (random vs. stratified sampling)",,,,
Grade 7,Math,"Organizing data: Ungrouped and grouped frequency distribution tables (class intervals, class limits, class boundaries, class marks, frequencies, cumulative frequencies)",,,,
Grade 7,Math,"Graphical representation of data: Histograms, frequency polygons, ogives (cumulative frequency curves), pie charts, and stem-and-leaf displays",,,,
Grade 7,Math,"Measures of central tendency for ungrouped data: Mean, median, and mode",,,,
Grade 7,Math,"Measures of central tendency for grouped data: Calculating grouped mean, median, and mode",,,,
Grade 7,Math,"Measures of variability / dispersion for ungrouped data: Range, mean deviation, variance ($s^2$), and standard deviation ($s$)",,,,
Grade 7,Math,"Measures of variability for grouped data: Range, variance, and standard deviation",,,,
Grade 7,Math,"Interpreting data distributions: Skewness (normal, positively skewed, negatively skewed)",,,,
Grade 7,Math,"Drawing conclusions, critical analysis, and making statistical inferences from data displays",,,,
Grade 7,English,"Philippine Pre-colonial Literature: Proverbs (Salawikain), Riddles (Bugtong), Tanaga, and Short Folk Sayings",,,,
Grade 7,English,"Philippine Folk Narratives: Creation Myths, Legends (Alamat), Fables, and Epics (e.g., Biag ni Lam-ang, Ibalon, Hinilawod, Darangan)",,,,
Grade 7,English,"Philippine Folk Songs and Chants (Bulong, Awiting-Bayan, Oyayi, Kumintang, Kundiman)",,,,
Grade 7,English,"Philippine Literature during the Spanish Colonial Period: Pasyon, Cenaculo, Komedya/Moro-Moro, Awit, and Corrido (e.g., Florante at Laura, Ibong Adarna)",,,,
Grade 7,English,"Philippine Literature during the American Period: Introduction of English, short stories, essays, and early Philippine poetry in English (e.g., Dead Stars)",,,,
Grade 7,English,"Philippine Literature during the Japanese Period and Contemporary Era: Haiku, Tanaga revivals, modern short stories, and social realism",,,,
Grade 7,English,"Morphological analysis: Greek and Latin roots, prefixes, and suffixes in content-area vocabulary",,,,
Grade 7,English,"Collocations, idioms, and figurative expressions in Philippine and global contexts",,,,
Grade 7,English,"Context clues: Definition, synonym, antonym, example, comparison-contrast, and inference clues",,,,
Grade 7,English,Denotative vs. connotative meanings of words and nuances in tone,,,,
Grade 7,English,"Using print and online reference materials: Dictionaries, thesauruses, glossaries, almanacs, and encyclopedias",,,,
Grade 7,English,"Parts of speech comprehensive review: Nouns, pronouns, verbs, adjectives, adverbs, prepositions, conjunctions, interjections",,,,
Grade 7,English,"Types of nouns and advanced pluralization rules (compound nouns, collective nouns, foreign borrowings)",,,,
Grade 7,English,"Pronoun-antecedent agreement: Rules for personal, relative, demonstrative, and indefinite pronouns",,,,
Grade 7,English,"Rules of subject-verb agreement: Compound subjects, intervening phrases, indefinite pronouns, collective nouns, and inverted sentences",,,,
Grade 7,English,"Verb tenses and aspects: Simple, perfect, progressive, and perfect progressive tenses",,,,
Grade 7,English,Active voice and passive voice: Transformation rules and stylistic use in literary vs. informational writing,,,,
Grade 7,English,"Direct speech and indirect/reported speech: Rules for shifts in verb tense, pronouns, time, and place markers",,,,
Grade 7,English,"Transitive and intransitive verbs, linking verbs, and auxiliary/modal verbs (expressing ability, permission, obligation, possibility)",,,,
Grade 7,English,"Adjectives: Coordinate vs. cumulative adjectives, order of adjectives in a series, and degrees of comparison",,,,
Grade 7,English,"Adverbs: Classification by manner, place, time, frequency, degree, and conjunctive adverbs",,,,
Grade 7,English,Prepositions and prepositional phrases functioning as adjective or adverb modifiers,,,,
Grade 7,English,"Coordinating, subordinating, and correlative conjunctions in sentence combining",,,,
Grade 7,English,"Sentence structures: Simple, compound, complex, and compound-complex sentences",,,,
Grade 7,English,"Identifying and correcting sentence errors: Sentence fragments, run-on sentences, comma splices, and misplaced/dangling modifiers",,,,
Grade 7,English,"Punctuation and capitalization mechanics: Commas, semicolons, colons, hyphens, dashes, quotation marks, and apostrophes",,,,
Grade 7,English,"Reading strategies: Skimming, scanning, extensive reading, intensive reading, and critical reading",,,,
Grade 7,English,"Analyzing literary elements: Characterization (direct and indirect / STEAL method), setting, plot structure (Freytag's Pyramid), and atmosphere/mood",,,,
Grade 7,English,"Types of literary conflict: Internal (character vs. self) and External (character vs. character, nature, society, technology, supernatural)",,,,
Grade 7,English,Theme analysis: Identifying stated vs. implied universal themes and moral lessons in Philippine literature,,,,
Grade 7,English,"Point of view in narratives: First-person, second-person, third-person limited, and third-person omniscient",,,,
Grade 7,English,"Analyzing literary devices: Simile, metaphor, personification, hyperbole, onomatopoeia, imagery, symbolism, alliteration, and irony",,,,
Grade 7,English,Distinguishing between literal and figurative language in poetry and prose,,,,
Grade 7,English,"Elements of poetry: Stanza structure, rhyme scheme, meter, rhythm, figurative devices, and tone",,,,
Grade 7,English,"Elements of drama: Script, dialogue, stage directions, acts/scenes, character motivation, and dramatic irony",,,,
Grade 7,English,"Distinguishing between fact, opinion, and substantiated assertion",,,,
Grade 7,English,"Identifying the author's purpose (persuade, inform, entertain, describe, explain) and point of view/bias",,,,
Grade 7,English,"Informational text structures: Description, sequence/chronological, cause and effect, compare and contrast, problem and solution",,,,
Grade 7,English,"Using non-linear texts: Interpreting graphs, tables, charts, maps, infographics, and concept diagrams",,,,
Grade 7,English,Transcoding information: Converting linear text to non-linear representations and vice versa,,,,
Grade 7,English,"Distinguishing between slang, colloquialisms, idioms, and formal academic language",,,,
Grade 7,English,"Oral language features: Suprasegmentals of speech (stress, intonation, pitch, juncture, pausing, volume, and rate of speech)",,,,
Grade 7,English,"Listening comprehension: Listening for specific details, main ideas, speaker's tone, and implied meanings",,,,
Grade 7,English,"Listening strategies: Note-taking, summarizing oral texts, and evaluating spoken arguments",,,,
Grade 7,English,"Oral communication: Delivering informative and persuasive oral speeches, book reviews, and personal narratives",,,,
Grade 7,English,"Oral communication: Participating in choral reading, readers' theater, panel discussions, and formal debates",,,,
Grade 7,English,"The writing process: Pre-writing (brainstorming, clustering, outlining), drafting, revising, editing/proofreading, and publishing",,,,
Grade 7,English,"Writing focused paragraphs: Topic sentences, supporting details, transition markers, and concluding sentences",,,,
Grade 7,English,Writing narrative compositions based on real-life experiences or Philippine folklore,,,,
Grade 7,English,Writing descriptive essays using sensory imagery and spatial organization,,,,
Grade 7,English,"Writing expository/informative essays: Process explanation, cause-and-effect, and compare-and-contrast essays",,,,
Grade 7,English,"Writing simple argumentative and persuasive essays with claims, evidence, and counterclaims",,,,
Grade 7,English,"Writing friendly letters, formal business letters (request, inquiry, excuse), and email communications",,,,
Grade 7,English,"Writing a summary, précis, or paraphrase of literary and informational texts",,,,
Grade 7,English,Writing a two-level sentence and topic outline (Roman numerals and capital letters),,,,
Grade 7,English,"Research skills: Formulating inquiry questions, gathering data from primary and secondary sources",,,,
Grade 7,English,"Evaluating sources: Assessing credibility, relevance, currency, and authority of print and web sources",,,,
Grade 7,English,"Ethical use of information: Avoiding plagiarism, summarizing/paraphrasing techniques, and basic bibliographic citation (APA style basics)",,,,
Grade 7,Filipino,"Mga Akdang Pampanitikan ng Mindanao: Kuwentong-Bayan, Pabula, Alamat, at Epiko (e.g., Indarapatra at Sulayman, Bantugan, Tuwaang)",,,,
Grade 7,Filipino,Mga Awiting-Bayan at Bulong mula sa Mindanao,,,,
Grade 7,Filipino,"Pagsusuri sa mga Kaugalian, Paniniwala, Tradisyon, at Kulturang Sumasalamin sa Panitikan ng Mindanao",,,,
Grade 7,Filipino,Mga Pahayag sa Pagbibigay ng mga Patunay at Ebidensya,,,,
Grade 7,Filipino,"Mga Retorikal na Pang-ugnay: Pangatnig, Pang-angkop, at Pang-ukol",,,,
Grade 7,Filipino,"Mga Salitang Nagpapahayag ng Posibilidad (maaari, baka, puwede, tila, marahil)",,,,
Grade 7,Filipino,Mga Salitang Naghahambing: Paghahambing na Magkatulad at Di-Magkatulad (Pasahol at Palamang),,,,
Grade 7,Filipino,Mga Pang-ugnay na Ginagamit sa Paghihinuha at Pagbibigay ng Sanhi at Bunga,,,,
Grade 7,Filipino,Panghihiram ng Salita at Paglalapi batay sa Ortograpiyang Pambansa,,,,
Grade 7,Filipino,"Mga Akdang Pampanitikan ng Kabisayaan: Kuwentong-Bayan, Alamat, at Pabula ng Visayas",,,,
Grade 7,Filipino,"Mga Awiting-Bayan ng Kabisayaan: Dandansoy, Ili-Ili Tulog Anay, Si Pelimon, Lawiswis Kawayan, Rosas Pandan",,,,
Grade 7,Filipino,"Mga Bulong, Bugtong, at Tugmang de Gulong ng Kabisayaan",,,,
Grade 7,Filipino,"Ang Epiko ng Kabisayaan: Hinilawod, Labaw Donggon, Maragtas",,,,
Grade 7,Filipino,"Ang Dula sa Panahon ng Katutubo at Espanyol: Duplo, Karagatan, at Moro-Moro / Komedya",,,,
Grade 7,Filipino,"Mga Pahayag sa Pag-aayos ng Datos at Pagkakasunod-sunod ng mga Pangyayari (Sekwensyal, Kronolohikal, Prosidyural)",,,,
Grade 7,Filipino,"Antas ng Wika batay sa Pormalidad: Pormal (Pambansa, Pampanitikan) at Di-Pormal (Balbal, Kolokyal, Lalawiganin)",,,,
Grade 7,Filipino,Mga Pahayag sa Pagpapahayag ng Sariling Damdamin at Emosyon,,,,
Grade 7,Filipino,Mga Salitang Nagpapahayag ng Pagsang-ayon at Pagsalungat sa Pagbibigay ng Opinyon,,,,
Grade 7,Filipino,"Mga Akdang Pampanitikan ng Luzon: Alamat, Pabula, Kuwentong-Bayan, at Sanaysay",,,,
Grade 7,Filipino,"Ang Epiko ng Luzon: Biag ni Lam-ang, Ibalon, Hudhud at Alim",,,,
Grade 7,Filipino,"Mga Tulang Panudyo, Tugmang de Gulong, Bugtong, at Palaisipan ng Katagalugan at Hilagang Luzon",,,,
Grade 7,Filipino,"Ang Maikling Kuwento ng Luzon: Elemento, Banghay, at Sosyo-Kultural na Implikasyon",,,,
Grade 7,Filipino,"Ang Sanaysay: Pormal at Di-Pormal na Sanaysay (Bahagi: Simula, Gitna, Wakas)",,,,
Grade 7,Filipino,"Ang Dula ng Luzon: Sarswela, Senakulo, at Tibag",,,,
Grade 7,Filipino,Mga Wastong Gamit ng mga Salita at Bantas sa Pagsulat ng Talata at Sanaysay,,,,
Grade 7,Filipino,Mga Pahayag sa Paghihinuha ng mga Pangyayari,,,,
Grade 7,Filipino,"Paggamit ng Wastong mga Panandang Pandiskurso sa Pagsasalaysay, Paglalarawan, at Paglalahad",,,,
Grade 7,Filipino,Paggamit ng Angkop na mga Pahayag sa Pagpapakilala ng mga Katotohanan at Opinyon,,,,
Grade 7,Filipino,"Pagpapakilala sa Obra Maestrang ""Ibong Adarna"" (Kaligirang Pangkasaysayan ng Korido)",,,,
Grade 7,Filipino,"Pagkakaiba ng Awit at Korido (Sukat, Tugma, Paksa, Himig, at Bilis ng Pag-awit)",,,,
Grade 7,Filipino,"Mga Mahahalagang Tauhan sa Ibong Adarna (Haring Fernando, Reyna Valeriana, Don Pedro, Don Diego, Don Juan, Ibong Adarna, Donya Juana, Donya Leonora, Donya Maria Blanca, Ermitanyo)",,,,
Grade 7,Filipino,Ang Pagkakasakit ng Hari at ang Paghahanap sa Mahiwagang Ibong Adarna,,,,
Grade 7,Filipino,Ang Paglalakbay at Pagkabigo nina Don Pedro at Don Diego sa Bundok Tabor (Piedras Platas),,,,
Grade 7,Filipino,Ang Tagumpay ni Don Juan sa Bundok Tabor sa Tulong ng Matandang Ermitanyo,,,,
Grade 7,Filipino,Ang Unang Pagtataksil ng Magkapatid kay Don Juan at ang Pagpapagaling sa Kanya,,,,
Grade 7,Filipino,Ang Mahiwagang Balon sa Bundok Armenya at ang Pagliligtas kina Donya Juana at Donya Leonora,,,,
Grade 7,Filipino,Ang Ikalawang Pagtataksil ng Magkapatid at ang Pagtakas patungong Kaharian ng Berbanya,,,,
Grade 7,Filipino,Ang Paglalakbay ni Don Juan patungong Reyno de los Cristales sa Tulong ng mga Ermitanyo at Agila,,,,
Grade 7,Filipino,Ang Pagsubok ni Haring Salermo kay Don Juan sa Reyno de los Cristales,,,,
Grade 7,Filipino,Ang Pagtakas nina Don Juan at Donya Maria Blanca at ang Paggamit ng Mahika Blanka,,,,
Grade 7,Filipino,"Ang Pagbabalik sa Berbanya, ang Sumpa, at ang Paglimot ni Don Juan kay Maria Blanca",,,,
Grade 7,Filipino,"Ang Pista, ang Dula-dulaan ng mga Negrito at Negrita, at ang Pagbabalik ng Alaala ni Don Juan",,,,
Grade 7,Filipino,Ang Pagtatapos at Pamumuno ng mga Bagong Hari at Reyna sa Berbanya at Reyno de los Cristales,,,,
Grade 7,Filipino,Pagsusuri sa mga Pagpapahalagang Pilipino at Aral na Nakapaloob sa Ibong Adarna,,,,
Grade 7,Filipino,Pagsulat ng Awtentikong Tula gamit ang Anyong Tradisyonal at Malayang Taludturan,,,,
Grade 7,Filipino,"Pagsulat ng Buod, Rebyu, at Sintesis ng mga Binasang Akdang Pampanitikan",,,,
Grade 7,Filipino,Pagsulat ng Iskrip ng Dula at Pagsasagawa ng Reader's Theater o Dulang Pantanghalan,,,,
Grade 7,Filipino,Pananaliksik: Paggawa ng Proyektong Panturismo at Pagbuo ng Travel Brochure batay sa Panitikan ng Rehiyon,,,,
Grade 7,Social Studies,"Konsepto ng Asya bilang Isang Kontinente: Sukat, Hugis, at Paghahating Rehiyonal (Hilagang Asya, Silangang Asya, Timog Asya, Timog-Silangang Asya, Kanlurang Asya)",,,,
Grade 7,Social Studies,"Katangiang Pisikal ng mga Rehiyon sa Asya: Anyong Lupa (mga bundok, bulubundukin, talampas, kapatagan, disyerto, kapuluan)",,,,
Grade 7,Social Studies,"Katangiang Pisikal ng mga Rehiyon sa Asya: Anyong Tubig (mga karagatan, dagat, ilog, lawa, golpo, kipot)",,,,
Grade 7,Social Studies,Klima at Panahon sa Asya: Mga Uri ng Klima sa Bawat Rehiyon at mga Salik na Nakaaapekto Rito,,,,
Grade 7,Social Studies,Mga Monsoon sa Asya: Habagat (Southwest Monsoon) at Amihan (Northeast Monsoon) at Epekto Nito sa Pamumuhay,,,,
Grade 7,Social Studies,"Mga Likas na Yaman ng Asya: Yamang Lupa, Yamang Tubig, Yamang Gubat, at Yamang Mineral sa Bawat Rehiyon",,,,
Grade 7,Social Studies,"Implikasyon ng Likas na Yaman sa Pamumuhay, Agrikultura, Ekonomiya, at Kultura ng mga Asyano",,,,
Grade 7,Social Studies,"Mga Isyu at Hamong Pangkapaligiran sa Asya: Deforestation, Desertification, Salinization, Polusyon, Pagkasira ng Biodiversity, at Global Warming",,,,
Grade 7,Social Studies,Konsepto ng Likas-Kayang Pag-unlad (Sustainable Development) at Pangangalaga sa Kapaligiran ng Asya,,,,
Grade 7,Social Studies,"Yamang Tao ng Asya: Katangian, Komposisyon, Distribusyon, at Densidad ng Populasyon",,,,
Grade 7,Social Studies,"Pagsusuri ng mga Demograpikong Datos sa Asya: Birth Rate, Death Rate, Life Expectancy, Literacy Rate, at Gross Domestic Product (GDP) bawat Tao",,,,
Grade 7,Social Studies,"Pangkat Etnolinggwistiko sa Asya: Pagkakakilanlan, Wika, Kultura, at Pamumuhay sa Bawat Rehiyon",,,,
Grade 7,Social Studies,Ebolusyong Biyolohikal at Sosyo-Kultural ng Sinaunang Tao sa Asya (Hominid patungong Homo Sapiens),,,,
Grade 7,Social Studies,"Mga Yugto ng Pag-unlad ng Sinaunang Kultura sa Asya: Panahong Paleolitiko, Mesolitiko, Neolitiko, at Panahon ng Metal",,,,
Grade 7,Social Studies,Konsepto at mga Batayang Salik sa Pagkabuo ng Kabihasnan at Sibilisasyon,,,,
Grade 7,Social Studies,"Sinaunang Kabihasnan sa Kanlurang Asya: Kabihasnang Mesopotamia sa Fertile Crescent (Sumer, Akkad, Babylonia, Assyria, Chaldea, Persia)",,,,
Grade 7,Social Studies,"Mga Ambag ng Mesopotamia: Cuneiform, Ziggurat, Kodigo ni Hammurabi, Epiko ni Gilgamesh, Hanging Gardens of Babylon",,,,
Grade 7,Social Studies,Sinaunang Kabihasnan sa Timog Asya: Kabihasnang Indus sa Lambak ng Indus (Harappa at Mohenjo-Daro),,,,
Grade 7,Social Studies,"Panahong Vedic sa India: Pagdating ng mga Aryan, Rig Veda, Sistemang Caste (Varnas), at mga Epikong Mahabharata at Ramayana",,,,
Grade 7,Social Studies,"Sinaunang Kabihasnan sa Silangang Asya: Kabihasnang Tsino sa Huang He / Yellow River Valley (Dinastiyang Xia, Shang, Zhou, Qin, Han)",,,,
Grade 7,Social Studies,Kaisipang Asyano sa Pamamahala: Mandate of Heaven at Son of Heaven sa Tsina,,,,
Grade 7,Social Studies,Kaisipang Asyano sa Pamamahala: Divine Origin ng Emperador sa Japan (Amaterasu) at Korea (Dangun),,,,
Grade 7,Social Studies,Kaisipang Asyano sa Pamamahala: Devaraja at Cakravartin sa Timog at Timog-Silangang Asya,,,,
Grade 7,Social Studies,Kaisipang Asyano sa Pamamahala: Konsepto ng Caliph / Caliphate sa Kanlurang Asya,,,,
Grade 7,Social Studies,"Mga Sinaunang Kaharian at Imperyo sa Timog-Silangang Asya: Funan, Chenla, Khmer (Angkor Wat), Champa, Srivijaya, Majapahit, Pagan, Ayutthaya, at Sailendra",,,,
Grade 7,Social Studies,"Mga Sinaunang Relihiyon at Paniniwala sa Asya: Hinduismo, Budismo (Theravada at Mahayana), Jainismo, at Sikhismo",,,,
Grade 7,Social Studies,"Mga Pilosopiya at Tradisyong Asyano: Confucianismo, Daoismo / Taoismo, Legalismo, at Shintoismo",,,,
Grade 7,Social Studies,"Mga Relihiyong Nagmula sa Kanlurang Asya: Judaismo, Kristiyanismo, Islam, at Zoroastrianismo",,,,
Grade 7,Social Studies,"Impluwensya ng mga Relihiyon at Pilosopiya sa Kulturang Asyano, Moralidad, Pamamahala, at Lipunan",,,,
Grade 7,Social Studies,"Kalagayan, Karapatan, at Gampanin ng Kababaihan sa Sinaunang Asya (Sati/Suttee, Foot Binding, Purdah)",,,,
Grade 7,Social Studies,"Mga Ambag ng Sinaunang Kabihasnang Asyano sa Sining, Arkitektura, Agham, Matematika, Medisina, at Teknolohiya",,,,
Grade 7,Social Studies,Kolonyalismo at Imperyalismo sa Timog at Kanlurang Asya: Unang Yugto (Ika-16 hanggang Ika-17 Siglo),,,,
Grade 7,Social Studies,"Mga Dahilan, Paraan, at Epekto ng Unang Yugto ng Kolonyalismo ng mga Kanluranin (Portugal, Espanya, Olanda, Gran Britanya, Pransya)",,,,
Grade 7,Social Studies,"Ikalawang Yugto ng Imperyalismong Kanluranin sa Asya (Ika-18 hanggang Ika-19 na Siglo): Motibo, Protectorate, Sphere of Influence, at Kolonya",,,,
Grade 7,Social Studies,"Pananakop at Pamamahala ng mga Briton sa India: British East India Company, Sepoy Mutiny (1857), at Direct Rule / British Raj",,,,
Grade 7,Social Studies,Pananakop at Pamamahala sa Kanlurang Asya: Paghina ng Imperyong Ottoman at ang Sistemang Mandato (Sykes-Picot Agreement),,,,
Grade 7,Social Studies,Pang-ekonomiya at Sosyo-Kultural na Epekto ng Kolonyalismo sa Timog at Kanlurang Asya,,,,
Grade 7,Social Studies,Pag-usbong ng Nasyonalismo sa Timog Asya: Kilusang Nasyonalista sa India (Indian National Congress at Muslim League),,,,
Grade 7,Social Studies,"Mga Paraan ng Pagpapamalas ng Nasyonalismo sa India: Mohandas Gandhi (Satyagraha, Ahimsa, Civil Disobedience, Salt March) at Muhammad Ali Jinnah",,,,
Grade 7,Social Studies,Pagkakahati ng India (Partition of India) at Pagkakatatag ng mga Malayang Bansa ng India at Pakistan,,,,
Grade 7,Social Studies,Pag-usbong ng Nasyonalismo sa Kanlurang Asya: Sekularisasyon at Modernisasyon sa Turkey sa Pamumuno ni Mustafa Kemal Atatürk,,,,
Grade 7,Social Studies,"Nasyonalismo sa Saudi Arabia (Ibn Saud), Iran (Reza Shah Pahlavi), at Kilusang Zionismo para sa mga Hudyo",,,,
Grade 7,Social Studies,Balfour Declaration (1917) at ang Pagkakatatag ng Estado ng Israel at Pagsiklab ng Sigalot na Arab-Israeli,,,,
Grade 7,Social Studies,Kolonyalismo at Imperyalismo sa Silangan at Timog-Silangang Asya: Unang Yugto at Ikalawang Yugto,,,,
Grade 7,Social Studies,"Pananakop sa Timog-Silangang Asya: Olanda sa Indonesia (Cultivation System), Britanya sa Burma at Malaya, Pransya sa Indochina, at Espanya/Amerika sa Pilipinas",,,,
Grade 7,Social Studies,Pananatili ng Thailand (Siam) bilang Malayang Bansa sa Gitna ng Kolonisasyon (Haring Mongkut at Haring Chulalongkorn),,,,
Grade 7,Social Studies,"Panghihimasok ng mga Kanluranin sa Tsina: Digmaang Opyo (Opium Wars), Kasunduang Nanking, Unequal Treaties, at Spheres of Influence",,,,
Grade 7,Social Studies,Mga Rebelyon sa Tsina: Rebelyong Taiping at Rebelyong Boxer,,,,
Grade 7,Social Studies,"Pagtugon ng Japan sa Kanluraning Banta: Pagtatapos ng Sakoku / Isolation Policy, Kasunduan sa Kanagawa, at ang Meiji Restoration",,,,
Grade 7,Social Studies,"Pag-usbong ng Nasyonalismo sa Tsina: Rebolusyong 1911 (Sun Yat-sen at ang Kuomintang), May Fourth Movement, at Digmaang Sibil (Chiang Kai-shek vs. Mao Zedong)",,,,
Grade 7,Social Studies,"Pag-usbong ng Nasyonalismo sa Japan: Modernisasyon, Industriyalismo, at Militarisasyon",,,,
Grade 7,Social Studies,"Pag-usbong ng Nasyonalismo sa Timog-Silangang Asya: Indonesia (Sukarno), Vietnam (Ho Chi Minh), Burma/Myanmar (Aung San), at Pilipinas",,,,
Grade 7,Social Studies,Epekto ng Una at Ikalawang Digmaang Pandaigdig sa Pagkamit ng Kalayaan ng mga Bansang Asyano,,,,
Grade 7,Social Studies,Karahasan ng Militarismong Hapon sa Asya: Greater East Asia Co-Prosperity Sphere at ang Paglaya ng mga Bansa Pagkatapos ng Digmaan,,,,
Grade 7,Social Studies,"Mga Hamon sa mga Bagong Layang Bansang Asyano: Pagbuo ng Pambansang Pagkakakilanlan, Ideolohiyang Politikal (Demokrasya vs. Komunismo), at Cold War sa Asya",,,,
Grade 7,Social Studies,Digmaang Koreano (Korean War) at ang Pagkakahati ng Hilagang Korea at Timog Korea sa 38th Parallel,,,,
Grade 7,Social Studies,Digmaang Vietnam (Vietnam War) at ang Pagkakaisa ng Bansa sa Ilalim ng Komunismo,,,,
Grade 7,Social Studies,"Mga Isyung Panlipunan, Pang-ekonomiya, at Pampolitika sa Kontemporaryong Asya: Kahirapan, Korapsyon, Karapatang Pantao, at Terorismo",,,,
Grade 7,Social Studies,"Kababaihan sa Kontemporaryong Asya: Pakikilahok sa Politika, Edukasyon, Ekonomiya, at Lipunan (mga Babaeng Pinuno sa Asya)",,,,
Grade 7,Social Studies,"Mga Kontemporaryong Isyu sa Teritoryo at Soberanya: West Philippine Sea / South China Sea, Kashmir Conflict, Taiwan Strait, at Kuril Islands",,,,
Grade 7,Social Studies,"Neokolonyalismo sa Asya: Pang-ekonomiya, Kultural, at Politikal na Impluwensya ng Makapangyarihang mga Bansa",,,,
Grade 7,Social Studies,"Integrasyong Rehiyonal at Kooperasyon sa Asya: ASEAN, SAARC, APEC, SCO, at Asian Development Bank (ADB)",,,,
Grade 7,Social Studies,"Gampanin ng Asya sa Pandaigdigang Ekonomiya, Kalakalan, Teknolohiya, at Kultura sa Kasalukuyang Panahon",,,,
Grade 8,Science,Forces and Motion: Balanced and unbalanced forces,,,,
Grade 8,Science,Newton's First Law of Motion: Law of Inertia (concept of mass as a measure of inertia),,,,
Grade 8,Science,"Newton's Second Law of Motion: Law of Acceleration ($F = ma$, relationship between force, mass, and acceleration)",,,,
Grade 8,Science,Newton's Third Law of Motion: Law of Interaction / Action-Reaction (action-reaction pairs and real-world applications),,,,
Grade 8,Science,"Circular motion: Centripetal force, tangential velocity, and inertia in circular paths",,,,
Grade 8,Science,"Work, Power, and Energy: Scientific definition of work ($W = F \times d \times \cos\theta$)",,,,
Grade 8,Science,Gravitational Potential Energy ($PE = mgh$) and Kinetic Energy ($KE = \frac{1}{2}mv^2$),,,,
Grade 8,Science,Law of Conservation of Mechanical Energy and energy transformations,,,,
Grade 8,Science,Power: Rate of doing work ($P = \frac{W}{t}$) and standard metric units (Watts),,,,
Grade 8,Science,"Sound: Propagation of sound waves through solids, liquids, and gases",,,,
Grade 8,Science,"Factors affecting the speed of sound: Temperature, density, and elasticity of the medium",,,,
Grade 8,Science,Relationship between temperature and the speed of sound in air ($v = 331 \text{ m/s} + 0.6 \times T$),,,,
Grade 8,Science,"Properties of sound: Pitch, frequency, loudness, intensity, and timbre",,,,
Grade 8,Science,Light: Nature of visible light as an electromagnetic wave,,,,
Grade 8,Science,Refraction of light: Snell's Law and index of refraction ($n = \frac{c}{v}$),,,,
Grade 8,Science,Dispersion of light: White light splitting through prisms and the visible color spectrum (ROYGBIV),,,,
Grade 8,Science,"Colors of light: Wavelength, frequency, and photon energy relationships",,,,
Grade 8,Science,"Heat and Temperature: Distinction between thermal energy, heat, and temperature",,,,
Grade 8,Science,"Methods of heat transfer: Conduction, convection, and radiation (microscopic mechanisms)",,,,
Grade 8,Science,"Heat capacity, specific heat capacity ($Q = mc\Delta T$), and thermal equilibrium",,,,
Grade 8,Science,Latent heat of fusion and latent heat of vaporization during phase changes,,,,
Grade 8,Science,"Electricity: Basic electric quantities (charge $Q$, current $I$, voltage $V$, resistance $R$)",,,,
Grade 8,Science,Ohm's Law: Mathematical calculations ($V = IR$) and circuit diagrams,,,,
Grade 8,Science,"Series circuits vs. Parallel circuits: Equivalent resistance, current flow, and voltage drops",,,,
Grade 8,Science,Electrical power ($P = IV = I^2R = \frac{V^2}{R}$) and energy consumption calculation ($E = P \times t$),,,,
Grade 8,Science,"Electrical safety devices: Fuses, circuit breakers, grounding, and surge protectors",,,,
Grade 8,Science,Earthquakes and Faults: Definition and mechanics of geological faults,,,,
Grade 8,Science,"Types of faults: Normal faults (tension), reverse/thrust faults (compression), strike-slip faults (shear)",,,,
Grade 8,Science,Active faults vs. Inactive faults and the Philippine Fault Zone,,,,
Grade 8,Science,Elastic Rebound Theory and earthquake generation,,,,
Grade 8,Science,Earthquake focus (hypocenter) vs. Epicenter,,,,
Grade 8,Science,Seismic waves: Body waves (Primary/P-waves and Secondary/S-waves) vs. Surface waves (Love and Rayleigh waves),,,,
Grade 8,Science,Locating an earthquake epicenter using triangulation method and lag time ($S - P$ time interval),,,,
Grade 8,Science,Earthquake intensity (PHIVOLCS Earthquake Intensity Scale / PEIS) vs. Magnitude (Richter Scale / Moment Magnitude Scale),,,,
Grade 8,Science,"Tsunamis: Generation by submarine earthquakes, undersea landslides, and coastal impacts",,,,
Grade 8,Science,Tropical Cyclones: Atmospheric conditions necessary for cyclone formation in the tropics,,,,
Grade 8,Science,"Structure of a tropical cyclone: Eye, eyewall, and spiral rainbands",,,,
Grade 8,Science,"Categories of tropical cyclones (Tropical Depression, Tropical Storm, Severe Tropical Storm, Typhoon, Super Typhoon)",,,,
Grade 8,Science,Philippine Area of Responsibility (PAR) and PAGASA tracking maps,,,,
Grade 8,Science,"Factors affecting typhoon tracks: Coriolis effect, trade winds, westerlies, high-pressure ridges, and topography",,,,
Grade 8,Science,"Typhoon hazards: Strong winds, heavy rainfall, storm surges, flash floods, and landslides",,,,
Grade 8,Science,"Other Celestial Bodies: Asteroids (origin, composition, Asteroid Belt, Near-Earth Asteroids)",,,,
Grade 8,Science,"Comets: Anatomy (nucleus, coma, ion tail, dust tail), Kuiper Belt, and Oort Cloud",,,,
Grade 8,Science,"Meteors: Differences between meteoroids (space), meteors (shooting stars in atmosphere), and meteorites (ground impact)",,,,
Grade 8,Science,"Impact events and geological evidence (craters, mass extinction theories)",,,,
Grade 8,Science,The Particle Nature of Matter: Kinetic Molecular Theory of matter,,,,
Grade 8,Science,"States of matter based on particle arrangement, motion, and attractive forces (solids, liquids, gases, plasma)",,,,
Grade 8,Science,"Phase changes explained through particle behavior (melting, freezing, evaporation, condensation, sublimation, deposition)",,,,
Grade 8,Science,"Atomic Structure: Historical atomic models (Dalton, Thomson, Rutherford, Bohr, Quantum Mechanical Model)",,,,
Grade 8,Science,"Subatomic particles: Protons, neutrons, and electrons (charges, relative masses, and locations)",,,,
Grade 8,Science,"Atomic number ($Z$), mass number ($A$), and standard nuclear notation",,,,
Grade 8,Science,"Isotopes: Definition, notation, and applications in medicine, carbon dating, and energy",,,,
Grade 8,Science,Ions: Formation of cations (loss of electrons) and anions (gain of electrons),,,,
Grade 8,Science,The Modern Periodic Table: Organization by atomic number (Moseley),,,,
Grade 8,Science,"Periodic trends: Atomic radius, ionization energy, electron affinity, and electronegativity",,,,
Grade 8,Science,"Valence electrons, Lewis electron dot structures (LEDS), and group properties",,,,
Grade 8,Science,"Digestive System: Organs and accessory organs of the alimentary canal (mouth, pharynx, esophagus, stomach, small intestine, large intestine, rectum, anus, liver, gallbladder, pancreas)",,,,
Grade 8,Science,"Mechanical digestion (mastication, peristalsis) vs. Chemical digestion (enzymatic breakdown)",,,,
Grade 8,Science,"Digestive enzymes: Salivary amylase, pepsin, trypsin, lipase, lactase, and maltase",,,,
Grade 8,Science,Nutrient absorption mechanisms (villi and microvilli in the small intestine),,,,
Grade 8,Science,"Diseases of the digestive system: GERD, peptic ulcers, appendicitis, gallstones, and dietary disorders",,,,
Grade 8,Science,"Cell Division: The Cell Cycle (Interphase: $G_1$, $S$, $G_2$, and $M$-phase)",,,,
Grade 8,Science,"Mitosis: Stages (Prophase, Metaphase, Anaphase, Telophase), cytokinesis, and biological importance (growth, repair, asexual reproduction)",,,,
Grade 8,Science,"Meiosis: Stages (Meiosis I and Meiosis II), crossing-over / genetic recombination, and gametogenesis (spermatogenesis and oogenesis)",,,,
Grade 8,Science,"Comparison between Mitosis and Meiosis (chromosome number, daughter cells, genetic variability)",,,,
Grade 8,Science,"Errors in cell division: Non-disjunction, chromosomal abnormalities (Down syndrome, Turner syndrome, Klinefelter syndrome), and uncontrolled cell division (cancer)",,,,
Grade 8,Science,Genetics and Heredity: Gregor Mendel's experiments with garden peas (Pisum sativum),,,,
Grade 8,Science,Mendelian Genetics: Law of Segregation and Law of Independent Assortment,,,,
Grade 8,Science,Monohybrid cross and Dihybrid cross using Punnett squares,,,,
Grade 8,Science,"Genotype vs. Phenotype, Homozygous vs. Heterozygous, Dominant vs. Recessive traits",,,,
Grade 8,Science,Non-Mendelian Genetics: Incomplete dominance (intermediate phenotype/blending),,,,
Grade 8,Science,"Non-Mendelian Genetics: Codominance (simultaneous expression of both alleles, e.g., AB blood type)",,,,
Grade 8,Science,Non-Mendelian Genetics: Multiple alleles (ABO blood group system),,,,
Grade 8,Science,"Sex-linked traits (color blindness, hemophilia), sex-influenced traits, and sex-limited traits",,,,
Grade 8,Science,"Biodiversity and Taxonomy: Hierarchical taxonomic classification (Domain, Kingdom, Phylum, Class, Order, Family, Genus, Species)",,,,
Grade 8,Science,"The Six-Kingdom Classification System (Archaebacteria, Eubacteria, Protista, Fungi, Plantae, Animalia)",,,,
Grade 8,Science,Binomial nomenclature and rules in writing scientific names (Linnaean system),,,,
Grade 8,Science,Dichotomous keys: Construction and identification of unknown organisms,,,,
Grade 8,Science,"Ecosystem Dynamics: Cycling of materials (Carbon-Oxygen cycle, Nitrogen cycle, Water cycle, Phosphorus cycle)",,,,
Grade 8,Science,"Energy flow in ecosystems: Food chains, food webs, trophic pyramids, and energy loss through metabolic heat",,,,
Grade 8,Science,Biomass pyramid and numbers pyramid,,,,
Grade 8,Science,"Human impacts on ecosystem stability: Habitat destruction, pollution, introduction of invasive species, overexploitation, and climate change",,,,
Grade 8,Math,Special products: Square of a binomial ($(a \pm b)^2 = a^2 \pm 2ab + b^2$),,,,
Grade 8,Math,Special products: Sum and difference of two terms ($(a + b)(a - b) = a^2 - b^2$),,,,
Grade 8,Math,Special products: Cube of a binomial ($(a \pm b)^3 = a^3 \pm 3a^2b + 3ab^2 \pm b^3$),,,,
Grade 8,Math,Special products: Square of a trinomial ($(a + b + c)^2 = a^2 + b^2 + c^2 + 2ab + 2bc + 2ac$),,,,
Grade 8,Math,Factoring polynomials with a greatest common monomial factor (GCMF),,,,
Grade 8,Math,Factoring by grouping terms,,,,
Grade 8,Math,Factoring the difference of two squares ($a^2 - b^2 = (a - b)(a + b)$),,,,
Grade 8,Math,Factoring the sum and difference of two cubes ($a^3 \pm b^3 = (a \pm b)(a^2 \mp ab + b^2)$),,,,
Grade 8,Math,Factoring perfect square trinomials ($a^2 \pm 2ab + b^2 = (a \pm b)^2$),,,,
Grade 8,Math,Factoring general quadratic trinomials of the form $x^2 + bx + c$,,,,
Grade 8,Math,Factoring general quadratic trinomials of the form $ax^2 + bx + c$ ($a \neq 1$) using trial and error / ac-method,,,,
Grade 8,Math,Solving real-world word problems using factoring techniques,,,,
Grade 8,Math,"Rational algebraic expressions: Definition, domain, and identifying excluded/restricted values",,,,
Grade 8,Math,Simplifying rational algebraic expressions to lowest terms,,,,
Grade 8,Math,Multiplying and dividing rational algebraic expressions,,,,
Grade 8,Math,Adding and subtracting rational algebraic expressions with like denominators (similar),,,,
Grade 8,Math,Adding and subtracting rational algebraic expressions with unlike denominators (dissimilar) using LCD,,,,
Grade 8,Math,Simplifying complex rational algebraic expressions,,,,
Grade 8,Math,Solving rational algebraic equations,,,,
Grade 8,Math,"Solving routine and non-routine word problems involving rational expressions (work problems, uniform motion problems, number relation problems)",,,,
Grade 8,Math,"The rectangular / Cartesian coordinate system: Axes, origin, quadrants, and plotting ordered pairs $(x, y)$",,,,
Grade 8,Math,Linear equations in two variables: Standard form ($Ax + By = C$) and slope-intercept form ($y = mx + b$),,,,
Grade 8,Math,The slope ($m$) of a line: Definition as rise over run ($m = \frac{y_2 - y_1}{x_2 - x_1}$),,,,
Grade 8,Math,"Interpreting slopes: Positive slope, negative slope, zero slope (horizontal lines), and undefined slope (vertical lines)",,,,
Grade 8,Math,Finding the $x$-intercept and $y$-intercept of a linear equation,,,,
Grade 8,Math,Graphing linear equations in two variables using two points,,,,
Grade 8,Math,Graphing linear equations in two variables using the $x$- and $y$-intercepts,,,,
Grade 8,Math,Graphing linear equations in two variables using the slope and a point / $y$-intercept,,,,
Grade 8,Math,Finding the equation of a line given the slope and $y$-intercept,,,,
Grade 8,Math,Finding the equation of a line given the slope and a point (point-slope form: $y - y_1 = m(x - x_1)$),,,,
Grade 8,Math,Finding the equation of a line given two points (two-point form: $y - y_1 = \frac{y_2 - y_1}{x_2 - x_1}(x - x_1)$),,,,
Grade 8,Math,Finding the equation of a line given the $x$- and $y$-intercepts (intercept form: $\frac{x}{a} + \frac{y}{b} = 1$),,,,
Grade 8,Math,Slopes of parallel lines ($m_1 = m_2$) and perpendicular lines ($m_1 \times m_2 = -1$),,,,
Grade 8,Math,"Systems of linear equations in two variables: Consistent and independent, consistent and dependent, and inconsistent systems",,,,
Grade 8,Math,Solving systems of linear equations in two variables by graphing,,,,
Grade 8,Math,Solving systems of linear equations in two variables by the substitution method,,,,
Grade 8,Math,Solving systems of linear equations in two variables by the elimination / addition method,,,,
Grade 8,Math,"Solving real-world word problems involving systems of linear equations (age, digit, mixture, investment/money, geometry, and motion problems)",,,,
Grade 8,Math,"Linear inequalities in two variables: Definition, standard form ($Ax + By < C$, $Ax + By > C$, etc.)",,,,
Grade 8,Math,"Graphing linear inequalities in two variables using test points, boundary lines (solid vs. dashed), and shaded half-planes",,,,
Grade 8,Math,Systems of linear inequalities in two variables: Graphing solution sets and identifying the feasible region,,,,
Grade 8,Math,Solving real-life word problems involving linear inequalities and systems of linear inequalities,,,,
Grade 8,Math,"Relations and Functions: Definitions, representations (ordered pairs, mapping diagrams, tables of values, graphs, equations)",,,,
Grade 8,Math,Domain and range of a relation and function,,,,
Grade 8,Math,The Vertical Line Test for identifying functions from graphs,,,,
Grade 8,Math,Function notation: $f(x)$ and evaluating functions,,,,
Grade 8,Math,"Linear functions: Definition, graph characteristics, and applications in direct modeling",,,,
Grade 8,Math,Direct linear variation and inverse linear modeling basics,,,,
Grade 8,Math,"Axiomatic structure of geometry: Undefined terms, defined terms, axioms / postulates, and theorems",,,,
Grade 8,Math,Inductive reasoning vs. Deductive reasoning,,,,
Grade 8,Math,Conditional statements: Hypothesis and conclusion ($p \rightarrow q$),,,,
Grade 8,Math,"Converse ($q \rightarrow p$), Inverse ($\neg p \rightarrow \neg q$), and Contrapositive ($\neg q \rightarrow \neg p$) of conditional statements",,,,
Grade 8,Math,Biconditional statements: If and only if ($p \leftrightarrow q$),,,,
Grade 8,Math,"Writing formal proofs: Two-column proofs, paragraph proofs, and flowchart proofs",,,,
Grade 8,Math,Triangle congruence: Definition and corresponding parts of congruent triangles (CPCTC),,,,
Grade 8,Math,Triangle congruence postulates and theorems: SSS (Side-Side-Side) Congruence Postulate,,,,
Grade 8,Math,Triangle congruence postulates and theorems: SAS (Side-Angle-Side) Congruence Postulate,,,,
Grade 8,Math,Triangle congruence postulates and theorems: ASA (Angle-Side-Angle) Congruence Postulate,,,,
Grade 8,Math,Triangle congruence postulates and theorems: AAS (Angle-Angle-Side) Congruence Theorem,,,,
Grade 8,Math,"Right triangle congruence theorems: LL (Leg-Leg), LA (Leg-Acute Angle), Hy-L (Hypotenuse-Leg), Hy-A (Hypotenuse-Acute Angle)",,,,
Grade 8,Math,Proving statements involving congruent triangles and CPCTC,,,,
Grade 8,Math,Properties and theorems of isosceles triangles (Isosceles Triangle Theorem and its converse),,,,
Grade 8,Math,Equilateral and equiangular triangle properties and proofs,,,,
Grade 8,Math,Triangle inequalities: Exterior Angle Inequality Theorem,,,,
Grade 8,Math,Triangle inequalities: Angle-Side Relationship Theorem (unequal sides opposite unequal angles),,,,
Grade 8,Math,Triangle Inequality Theorem (the sum of any two side lengths must exceed the third side length: $a + b > c$),,,,
Grade 8,Math,Hinge Theorem (SAS Inequality Theorem) and Converse of the Hinge Theorem (SSS Inequality Theorem),,,,
Grade 8,Math,Proving geometric statements involving triangle inequalities (direct and indirect proofs),,,,
Grade 8,Math,"Parallel lines and transversals: Proving lines parallel using angle relationships (alternate interior, alternate exterior, corresponding, consecutive interior)",,,,
Grade 8,Math,"Perpendicular lines and angle bisectors: Theorems, properties, and geometric proofs",,,,
Grade 8,Math,"Basic concepts of probability: Experiments, outcomes, sample spaces, and events",,,,
Grade 8,Math,Counting techniques: The Fundamental Counting Principle,,,,
Grade 8,Math,"Counting techniques: Systematic lists, tree diagrams, and table of outcomes",,,,
Grade 8,Math,Probability of simple events: Theoretical probability ($P(E) = \frac{n(E)}{n(S)}$),,,,
Grade 8,Math,Experimental probability vs. Theoretical probability of events,,,,
Grade 8,Math,Probability of compound events: Union and intersection of events,,,,
Grade 8,Math,Probability of mutually exclusive events vs. non-mutually exclusive events ($P(A \cup B) = P(A) + P(B) - P(A \cap B)$),,,,
Grade 8,Math,Probability of independent events ($P(A \cap B) = P(A) \times P(B)$) and dependent events (conditional probability basics: $P(A \text{ and } B) = P(A) \times P(B\vert{}A)$),,,,
Grade 8,Math,Solving real-world problems involving probability and experimental decision analysis,,,,
Grade 8,English,"African Literature: Pre-colonial traditions, oral narratives, proverbs, trickster tales, and riddles",,,,
Grade 8,English,"African Literature: Colonial and post-colonial themes, Negritude movement, apartheid literature, and social realism (e.g., Chinua Achebe, Wole Soyinka, Leopold Senghor, Nelson Mandela)",,,,
Grade 8,English,"African poetry, chants, call-and-response structures, and drum poetry",,,,
Grade 8,English,"East Asian Literature (Chinese): Classical poetry (Li Po, Tu Fu), philosophical texts (The Analects of Confucius, Tao Te Ching of Lao Tzu), and historical parables",,,,
Grade 8,English,"East Asian Literature (Japanese): Classical forms (Haiku, Tanka, Senryu, Renga), Noh and Kabuki theatre traditions, and folklore (e.g., The Tale of the Bamboo Cutter, The Story of the Aged Mother by Matsuo Basho)",,,,
Grade 8,English,"East Asian Literature (Korean): Sijo poetry, traditional folk tales, and contemporary short fiction",,,,
Grade 8,English,"South Asian Literature (Indian): Vedic hymns, Sanskrit epics (The Mahabharata, The Ramayana), Panchatantra fables, and modern Indian literature (e.g., Rabindranath Tagore, R.K. Narayan)",,,,
Grade 8,English,"Southeast Asian Literature: Traditional folklore, shadow puppetry (Wayang Kulit), epics, and modern short stories from Thailand, Vietnam, Indonesia, Malaysia, and Singapore",,,,
Grade 8,English,"West Asian / Middle Eastern Literature: Persian poetry (The Rubaiyat of Omar Khayyam, Rumi, Hafez), Arabian Nights / One Thousand and One Nights, and Islamic wisdom literature",,,,
Grade 8,English,"Context clues: Definition, synonym, antonym, example, comparison-contrast, cause-effect, and mood/tone context clues",,,,
Grade 8,English,"Structural analysis: Advanced Greek and Latin roots, affixes, and morphological word derivation",,,,
Grade 8,English,"Collocations, idioms, culturally rooted expressions, and domain-specific vocabulary",,,,
Grade 8,English,Denotation (literal meaning) vs. Connotation (associative and emotional shades of meaning),,,,
Grade 8,English,"Synonyms, antonyms, and graded shades of meaning (clining)",,,,
Grade 8,English,"Navigating primary, secondary, and tertiary print and digital reference sources (dictionaries, thesauruses, encyclopedias, almanacs, concordances, academic indexes)",,,,
Grade 8,English,Review of parts of speech and grammatical functions in complex sentences,,,,
Grade 8,English,"Nouns: Singular, plural, collective, countable, mass, abstract, and compound nouns",,,,
Grade 8,English,"Pronouns: Personal, reflexive, intensive, demonstrative, relative, interrogative, and indefinite pronouns",,,,
Grade 8,English,Rules of Pronoun-Antecedent Agreement with indefinite and compound antecedents,,,,
Grade 8,English,"Subject-Verb Agreement: Advanced rules (compound subjects with correlative conjunctions, intervening prepositional phrases, collective nouns as single units vs. individuals, inverted sentence structures, indefinite pronouns, and fractional expressions)",,,,
Grade 8,English,"Verbs: Transitive and intransitive verbs, linking verbs, auxiliary verbs",,,,
Grade 8,English,"Verb tenses: Simple, progressive, perfect, and perfect progressive tenses",,,,
Grade 8,English,Consistency of verb tenses across multi-paragraph discourse,,,,
Grade 8,English,"Modal auxiliaries and modal verbs expressing ability, permission, obligation, possibility, necessity, prohibition, conditionality, and preference (can, could, may, might, must, shall, should, will, would, ought to, had better)",,,,
Grade 8,English,"Voice of the verb: Active voice vs. Passive voice (formation, transformation, and rhetorical choices in news reports and scientific writing)",,,,
Grade 8,English,"Verbals: Gerunds and gerund phrases (functioning as subject, direct object, subject complement, object of the preposition, appositive)",,,,
Grade 8,English,Verbals: Participles and participial phrases (present and past participles functioning as adjective modifiers),,,,
Grade 8,English,"Verbals: Infinitives and infinitive phrases (functioning as nouns, adjectives, and adverbs)",,,,
Grade 8,English,"Identifying and correcting dangling participles, misplaced modifiers, and split infinitives",,,,
Grade 8,English,"Adjectives: Coordinate vs. cumulative adjectives, order of cumulative adjectives in a series, and degrees of comparison",,,,
Grade 8,English,"Adverbs: Manner, place, time, frequency, degree, and conjunctive adverbs (however, furthermore, therefore, consequently, nevertheless, moreover)",,,,
Grade 8,English,"Prepositions, complex prepositional phrases, and their syntactic functions as adjectival and adverbial modifiers",,,,
Grade 8,English,"Coordinating conjunctions (FANBOYS), correlative conjunctions, and subordinating conjunctions",,,,
Grade 8,English,"Parallelism / Parallel grammatical structure in series, pairs, and correlative comparisons",,,,
Grade 8,English,"Sentence structures: Simple, compound, complex, and compound-complex sentences",,,,
Grade 8,English,"Dependent clauses: Adjective/relative clauses (restrictive vs. non-restrictive), adverb clauses, and noun clauses",,,,
Grade 8,English,"Identifying and correcting sentence fragments, comma splices, and run-on / fused sentences",,,,
Grade 8,English,"Direct speech vs. Indirect / reported speech: Rules for shifts in tense, modals, pronouns, adverbs of time, and demonstratives",,,,
Grade 8,English,"Punctuation: Commas, semicolons, colons, apostrophes, quotation marks, hyphens, dashes, parentheses, ellipses, and brackets",,,,
Grade 8,English,"Capitalization rules: Proper nouns, literary titles, historical eras, institutions, and cultural terms",,,,
Grade 8,English,"Reading strategies: Skimming, scanning, intensive reading, extensive reading, and critical reading",,,,
Grade 8,English,"Literary elements: Direct and indirect characterization (STEAL framework), static vs. dynamic characters, round vs. flat characters",,,,
Grade 8,English,"Setting analysis: Physical, socio-cultural, temporal, and historical milieu influencing narrative conflict and theme",,,,
Grade 8,English,"Plot structure: Linear and non-linear structures (exposition, inciting incident, rising action, climax, falling action, denouement / resolution, flashbacks, foreshadowing, in media res)",,,,
Grade 8,English,"Types of literary conflict: Internal (character vs. self) and External (character vs. character, society, nature, technology, supernatural, fate)",,,,
Grade 8,English,"Theme analysis: Identifying stated vs. implied universal themes, archetypes, and cultural values across Afro-Asian literature",,,,
Grade 8,English,"Narrative point of view: First-person, second-person, third-person limited, and third-person omniscient; evaluating narrator reliability",,,,
Grade 8,English,"Tone (author's attitude), Mood (atmosphere / reader's emotion), and Voice in literary prose and poetry",,,,
Grade 8,English,"Figurative language and literary devices: Simile, metaphor, personification, hyperbole, onomatopoeia, imagery, symbolism, alliteration, assonance, consonance, irony (verbal, situational, dramatic), paradox, oxymoron, and allusion",,,,
Grade 8,English,"Elements of poetry: Stanzaic forms, rhyme schemes, meter, rhythm, sound devices, sensory imagery, and diction",,,,
Grade 8,English,"Elements of drama and theatrical performance: Script structure, dialogue, monologue, soliloquy, aside, stage directions, acts/scenes, dramatic tension, and character motives",,,,
Grade 8,English,"Distinguishing between facts, opinions, beliefs, assertions, and value judgments",,,,
Grade 8,English,"Identifying author's purpose (persuade, inform, entertain, explain, describe), perspective, tone, and underlying bias",,,,
Grade 8,English,"Recognizing propaganda techniques and persuasive devices: Bandwagon, testimonial, card stacking, plain folks, name-calling, glittering generalities, transfer, emotional appeal, and logical fallacies",,,,
Grade 8,English,"Informational text structures: Description, sequence/chronological, cause and effect, compare and contrast, problem and solution, hierarchical/order of importance",,,,
Grade 8,English,"Analyzing non-linear texts and visual aids: Tables, flowcharts, graphs, timelines, maps, infographics, and concept webs",,,,
Grade 8,English,Transcoding information: Converting linear text to non-linear visual representations and vice versa,,,,
Grade 8,English,"Evaluating visual and digital media: Visual elements (framing, color symbolism, lighting, angles, gaze) in still images, films, advertisements, and news broadcasts",,,,
Grade 8,English,"Oral communication: Suprasegmentals of speech (stress, pitch, intonation, pause/juncture, volume, rate, and speech rhythm)",,,,
Grade 8,English,"Listening comprehension: Listening for specific details, main ideas, speaker's purpose, tone, and implicit attitudes",,,,
Grade 8,English,"Note-taking strategies while listening: Cornell note-taking, outline method, and mind mapping",,,,
Grade 8,English,"Oral delivery: Impromptu speaking, extemporaneous speaking, memorized speech, manuscript reading, storytelling, and declamation",,,,
Grade 8,English,"Participating in structured oral discourse: Group discussions, panels, symposiums, Socratic seminars, and formal parliamentary/Oxford-Oregon debates",,,,
Grade 8,English,"The writing process: Pre-writing (brainstorming, clustering, looping, formal outlining), drafting, revising, editing/proofreading, and publishing",,,,
Grade 8,English,"Constructing a two-level to three-level topic and sentence outline (Roman numerals, capital letters, Arabic numbers)",,,,
Grade 8,English,"Paragraph development: Formulating focused topic sentences, relevant supporting evidence, logical coherence, and strong clincher/concluding sentences",,,,
Grade 8,English,"Cohesive devices and transition markers: Adding information, contrasting, emphasizing, showing causality, sequence, and concluding",,,,
Grade 8,English,"Expository / Informative essay writing: Process analysis, cause-and-effect essays, and comparative analysis essays",,,,
Grade 8,English,"Argumentative and Persuasive essay writing: Formulating clear thesis statements and claims, presenting logical arguments, providing empirical evidence, addressing counterarguments/counterclaims, and crafting persuasive conclusions",,,,
Grade 8,English,"Narrative and descriptive essay writing featuring character growth, narrative arc, sensory details, and thematic depth",,,,
Grade 8,English,"Functional writing: Formal business letters (inquiry, application, complaint, request, endorsement), formal emails, and memoranda",,,,
Grade 8,English,"Writing objective summaries, abstracts, précis, and paraphrases of complex texts",,,,
Grade 8,English,"Research methodology: Formulating research questions, narrowing topics, gathering data from primary and secondary sources",,,,
Grade 8,English,"Evaluating sources using the CRAAP test (Currency, Relevance, Authority, Accuracy, Purpose)",,,,
Grade 8,English,"Ethical research practices: Avoiding intentional and unintentional plagiarism, synthesizing multiple viewpoints, and taking accurate notes",,,,
Grade 8,English,Mechanics of bibliographic citation: In-text citations and reference list formatting using APA and MLA styles,,,,
Grade 8,English,"Proofreading symbols and systematic revision: Evaluating structural unity, logical coherence, syntax variety, diction, and mechanical accuracy",,,,
Grade 8,Filipino,"Panitikan sa Panahon ng Katutubo: Karunungang-bayan (Salawikain, Sawikain, Kasabihan, Bugtong, Palaisipan, Bulong)",,,,
Grade 8,Filipino,Paghahambing ng mga Katangian ng iba't ibang Karunungang-bayan,,,,
Grade 8,Filipino,"Panitikan sa Panahon ng Katutubo: Alamat, Kuwentong-Bayan, at Mito",,,,
Grade 8,Filipino,"Panitikan sa Panahon ng Katutubo: Epiko (hal. Biag ni Lam-ang, Ibalon, Hinilawod, Tuwaang, Indarapatra at Sulayman)",,,,
Grade 8,Filipino,"Pagsusuri sa Kultura, Tradisyon, at Kaugaliang Pilipino sa Sinaunang Panitikan",,,,
Grade 8,Filipino,"Pang-abay na Pamaraan, Pamanahon, at Panlunan",,,,
Grade 8,Filipino,Mga Eupemistiko o Masining na Pahayag sa Pagpapahayag ng Damdamin at Kaisipan,,,,
Grade 8,Filipino,Mga Pahayag sa Paghahambing (Paghahambing na Magkatulad at Di-Magkatulad: Pasahol at Palamang),,,,
Grade 8,Filipino,"Mga Pang-abay at Pangatnig na Ginagamit sa Pagsusunod-sunod ng mga Pangyayari (Hakbang, Prosidyural, Sekwensyal)",,,,
Grade 8,Filipino,Paggamit ng mga Angkop na Salita sa Pagbuo ng Talata at Paglalahad ng Sariling Opinyon,,,,
Grade 8,Filipino,Panitikan sa Panahon ng Espanyol at Rebolusyon: Awit at Korido,,,,
Grade 8,Filipino,"Panitikan sa Panahon ng Espanyol: Komedya / Moro-Moro, Senakulo, Tibag, Duplo, at Karagatan",,,,
Grade 8,Filipino,Panitikan sa Panahon ng Amerikano: Sarswela (hal. Walang Sugat ni Severino Reyes),,,,
Grade 8,Filipino,"Elemento at Bahagi ng Sarswela (Iskrip, Tanghalan, Aktor, Direktor, Musika, Diyalogo)",,,,
Grade 8,Filipino,Panitikan sa Panahon ng Amerikano: Dula at Sanaysay,,,,
Grade 8,Filipino,"Panitikan sa Panahon ng Amerikano: Balagtasan (Kasaysayan, Elemento: Lakandiwa, Mambabalagtas, Manonood, Paksa, Mensahe)",,,,
Grade 8,Filipino,"Panitikan sa Panahon ng Amerikano: Tula (Tradisyonal at Malayang Taludturan, Sukat, Tugma, Talinghaga, Kariktan)",,,,
Grade 8,Filipino,"Panitikan sa Panahon ng Amerikano: Maikling Kuwento (Elemento, Banghay, Tunggalian, Paksang-Diwa)",,,,
Grade 8,Filipino,"Iba't ibang Paraan ng Pagpapahayag ng Emosyon at Damdamin (Padamdam, Maikling Sambitla, Tuwirang Pagpapahayag, Pahiwatig)",,,,
Grade 8,Filipino,Mga Pangatnig at Transisyonal na Pantulong sa Pagbuo ng Hugnayang Pangungusap,,,,
Grade 8,Filipino,Mga Pahayag sa Pagsang-ayon at Pagsalungat sa Pagpapahayag ng Opinyon sa Balagtasan,,,,
Grade 8,Filipino,Mga Pang-ugnay sa Paglalahad ng Sanhi at Bunga,,,,
Grade 8,Filipino,Wastong Gamit ng mga Kaantasan ng Pang-uri at Pang-abay,,,,
Grade 8,Filipino,Panitikan sa Kasalukuyang Panahon: Popular na Babasahin (Pahayagan: Tabloid at Broadsheet),,,,
Grade 8,Filipino,"Popular na Babasahin: Komiks (Kasaysayan, Bahagi: Kuwadro, Lobo ng Usapan, Kahon ng Salaysay, Pamagat)",,,,
Grade 8,Filipino,"Popular na Babasahin: Magasin (Liwayway, Candy, Men's Health, Entrepreneur, FHM, Cosmopolitan)",,,,
Grade 8,Filipino,"Popular na Babasahin: Dagli (Katangian, Estruktura, Kaibahan sa Maikling Kuwento)",,,,
Grade 8,Filipino,"Kontemporaryong Panitikang Popular: Kulturang Popular sa Musika (OPM, Rap, Spoken Word Poetry)",,,,
Grade 8,Filipino,"Kontemporaryong Anyo ng Media: Broadcast Media (Radyo: Dokumentaryo sa Radyo, Radio Broadcasting, Scriptwriting)",,,,
Grade 8,Filipino,"Kontemporaryong Anyo ng Media: Broadcast Media (Telebisyon: Dokumentaryong Pantelebisyon, Balita, Talk Show)",,,,
Grade 8,Filipino,"Kontemporaryong Anyo ng Media: Pelikula (Elemento: Direksyon, Sinematograpiya, Iskrip, Pag-arte, Disenyong Pamproduksyon, Tunog at Musika)",,,,
Grade 8,Filipino,"Mga Salitang Gamit sa Impormal na Komunikasyon (Balbal, Kolokyal, Lalawiganin, Banyaga/Hiram)",,,,
Grade 8,Filipino,"Mga Konseptong May Kaugnayang Lohikal (Dahilan at Bunga, Paraan at Layunin, Paraan at Resulta, Kondisyon at Bunga)",,,,
Grade 8,Filipino,"Paggamit ng mga Angkop na Komunikatibong Pahayag sa Pagbuo ng Social Media Campaign, Blog, at Vlogging Script",,,,
Grade 8,Filipino,Mga Pahayag na Ginagamit sa Pagsusuri ng Pelikula at Programang Pantelebisyon,,,,
Grade 8,Filipino,"Kaligirang Pangkasaysayan ng Obra Maestrang ""Florante at Laura"" ni Francisco ""Balagtas"" Baltazar",,,,
Grade 8,Filipino,"Talambuhay ni Francisco Balagtas at ang Kanyang Inspirasyon (Maria Asuncion Rivera o ""Selya"")",,,,
Grade 8,Filipino,Paghahandog: Kay Selya at Sa Babasa Nito (Mga Tagubilin at Simbolismo),,,,
Grade 8,Filipino,"Mga Mahahalagang Tauhan sa Florante at Laura (Florante, Laura, Aladin, Flerida, Duke Briseo, Prinsesa Floresca, Haring Linceo, Sultan Ali-Adab, Konde Adolfo, Menandro, Antenor, Menalipo, Emir)",,,,
Grade 8,Filipino,Ang Mapanglaw na Gubat: Kalagayan ni Florante at Simbolismo ng Madilim na Gubat,,,,
Grade 8,Filipino,Ang Pagdating ni Aladin: Monologo ng Moro at Pagkakatagpo sa Nakataling Kristiyano,,,,
Grade 8,Filipino,Ang Pagliligtas ni Aladin kay Florante mula sa Dalawang Mababangis na Leon,,,,
Grade 8,Filipino,"Ang Pagsasalaysay ni Florante: Kabataan sa Atenas, Pag-aaral sa Ilalim ni Antenor, at Pagkikilala kay Adolfo",,,,
Grade 8,Filipino,Ang Dula sa Atenas at ang Unang Pagtatangka ni Adolfo sa Buhay ni Florante,,,,
Grade 8,Filipino,Ang Pakikidigma sa Krotona: Tagumpay ni Florante at Pagiging Heneral ng Albanya,,,,
Grade 8,Filipino,Ang Pag-iibigan nina Florante at Laura at ang Panibugho ni Adolfo,,,,
Grade 8,Filipino,Ang Pagtataksil at Kudeta ni Adolfo: Pagpatay kay Duke Briseo at Haring Linceo,,,,
Grade 8,Filipino,"Ang Pagpapakulong, Pagpapatapon, at Pagtatali kay Florante sa Gubat",,,,
Grade 8,Filipino,Ang Pagsasalaysay ni Aladin: Pagtataksil ng Kanyang Amang si Sultan Ali-Adab at ang Pag-agaw kay Flerida,,,,
Grade 8,Filipino,Ang Pagliligtas ni Flerida kay Laura mula sa Pagtatangkang Panggagahasa ni Adolfo sa Gubat,,,,
Grade 8,Filipino,Ang Muling Pagkikita ng Apat na Magkasintahan (Florante at Laura; Aladin at Flerida),,,,
Grade 8,Filipino,"Ang Pagbabalik ng Kapayapaan, Pagbibinyag sa Dalawang Moro, at Pamumuno sa Albanya at Persya",,,,
Grade 8,Filipino,"Pagsusuri sa mga Kaisipan, Aral, at Simbolismong Panlipunan sa Florante at Laura (Katiwalian, Pag-ibig, Relihiyon, Pamamahala, Pagiging Magulang)",,,,
Grade 8,Filipino,"Pagsusuri ng mga Tayutay at Talinghaga sa Florante at Laura (Pagtutulad, Pagwawangis, Pagsasatao, Pagmamalabis, Pagtawag, Pag-uyam)",,,,
Grade 8,Filipino,"Pagsulat ng Awtentikong Tula, Spoken Word Poetry, at Balagtasan",,,,
Grade 8,Filipino,Pagsulat ng Rebyu / Suring-Pelikula at Suring-Basa ng Nobela/Dula,,,,
Grade 8,Filipino,Pagsulat ng Iskrip para sa Pantelebisyon at Panradyong Dokumentaryo,,,,
Grade 8,Filipino,"Pananaliksik: Pagsasagawa ng Sarbey, Pagsulat ng Konseptong Papel, at Pagbuo ng Social Awareness Campaign",,,,
Grade 8,Social Studies,"Heograpiya ng Daigdig: Estruktura at Katangiang Pisikal ng Daigdig (Crust, Mantle, Core, Lithosphere, Hydrosphere, Atmosphere, Biosphere)",,,,
Grade 8,Social Studies,"Mga Kontinente ng Daigdig: Sukat, Hugis, at Katangiang Pisikal ng Pitong Kontinente (Asya, Africa, North America, South America, Antarctica, Europe, Australia/Oceania)",,,,
Grade 8,Social Studies,"Klima at Panahon sa Daigdig: Mga Sonang Pang-klima (Tropical, Temperate, Polar) at mga Salik na Nakaaapekto sa Klima",,,,
Grade 8,Social Studies,"Heograpiyang Pantao: Lahi, Pangkat Etniko, Wika, at mga Pangunahing Relihiyon sa Daigdig",,,,
Grade 8,Social Studies,Kahalagahan ng Heograpiya sa Paghubog ng Sinaunang Kasaysayan at Kabihasnan ng Tao,,,,
Grade 8,Social Studies,"Ebolusyong Biyolohikal ng Tao: Hominid, Australopithecus, Homo Habilis, Homo Erectus, at Homo Sapiens",,,,
Grade 8,Social Studies,Ebolusyong Kultural ng Tao sa Sinaunang Panahon: Panahong Paleolitiko (Lumang Bato at Paggamit ng Apoy),,,,
Grade 8,Social Studies,Panahong Mesolitiko (Gitnang Bato) at Panahong Neolitiko (Rebolusyong Agrikultural at Pagkatatag ng mga Pamayanan),,,,
Grade 8,Social Studies,"Panahon ng Metal: Panahon ng Tanso (Copper), Bronse (Bronze), at Bakal (Iron)",,,,
Grade 8,Social Studies,Mga Batayang Salik sa Pag-usbong ng Sinaunang Kabihasnan (Mga Lambak-Ilog / River Valley Civilizations),,,,
Grade 8,Social Studies,"Kabihasnang Mesopotamia sa Lambak ng Tigris at Euphrates: Sumer, Akkad, Babylonia, Assyria, Chaldea, at Imperyong Persian",,,,
Grade 8,Social Studies,"Mga Kontribusyon ng Mesopotamia: Cuneiform, Ziggurat, Kodigo ni Hammurabi, Sexagesimal System, Epiko ni Gilgamesh, Hanging Gardens of Babylon",,,,
Grade 8,Social Studies,"Kabihasnang Ehipto sa Lambak ng Ilog Nile: Heograpiya, Matandang Kaharian (Panahon ng Pyramids), Gitnang Kaharian, at Bagong Kaharian (Imperyo)",,,,
Grade 8,Social Studies,"Mga Namumuno at Kontribusyon ng Ehipto: Pharaoh, Mummification, Hieroglyphics, Papyrus, Rosetta Stone, Hatshepsut, Ramses II, Tutankhamun",,,,
Grade 8,Social Studies,"Kabihasnang Indus sa Lambak ng Ilog Indus at Ganges: Harappa, Mohenjo-Daro, Sistemang Grid sa Lungsod, at Sanitasyon",,,,
Grade 8,Social Studies,"Panahong Vedic sa India: Pagdating ng mga Aryan, Apat na Veda, Sistemang Caste, at mga Imperyong Maurya at Gupta",,,,
Grade 8,Social Studies,"Kabihasnang Tsino sa Lambak ng Ilog Huang He (Yellow River) at Yangtze: Dinastiyang Xia, Shang, Zhou, Qin, Han, Tang, Song, Ming",,,,
Grade 8,Social Studies,"Mga Kaisipan at Kontribusyon ng Tsina: Mandate of Heaven, Confucianismo, Taoismo, Legalismo, Great Wall, Silk Road, Apat na Dakilang Imbensyon (Papel, Pulbura, Kompas, Movable Type Printing)",,,,
Grade 8,Social Studies,Kabihasnang Minoan at Mycenaean sa Isla ng Crete at Tangway ng Balkan (Sinaunang Aegean),,,,
Grade 8,Social Studies,Sinaunang Gresya: Heograpiya at Pag-usbong ng mga Lungsod-Estado (Polis: Acropolis at Agora),,,,
Grade 8,Social Studies,"Paghahambing sa Dalawang Pangunahing Polis: Athens (Demokrasya, Pilosopiya, Edukasyon) vs. Sparta (Militarismo, Oligarkiya)",,,,
Grade 8,Social Studies,"Digmaang Greco-Persian (Labanan sa Marathon, Thermopylae, Salamis, Plataea)",,,,
Grade 8,Social Studies,Ginintuang Panahon ng Athens sa Pamumuno ni Pericles,,,,
Grade 8,Social Studies,Digmaang Peloponnesian (Tunggalian ng Delian League at Peloponnesian League),,,,
Grade 8,Social Studies,Imperyong Macedonian at ang Pamumuno ni Alexander the Great (Paglaganap ng Kulturang Hellenistiko),,,,
Grade 8,Social Studies,"Mga Kontribusyon ng Klasikong Gresya sa Pilosopiya (Socrates, Plato, Aristotle), Kasaysayan (Herodotus, Thucydides), Agham, Medisina (Hippocrates), Arkitektura, Teatro, at Palakasan (Olympic Games)",,,,
Grade 8,Social Studies,"Sinaunang Roma: Heograpiya, Alamat nina Romulus at Remus, at ang Pamamahala ng mga Etruscan",,,,
Grade 8,Social Studies,"Ang Republikang Romano: Estruktura ng Pamahalaan (Senado, Konsul, Tribuno), Patrician vs. Plebeian, at ang Twelve Tables",,,,
Grade 8,Social Studies,Paglawak ng Kapangyarihan ng Roma: Digmaang Punic laban sa Carthage (Hannibal Barca at Scipio Africanus),,,,
Grade 8,Social Studies,"Krisis sa Republika, Unang Triumvirate (Julius Caesar, Pompey, Crassus), at Ikalawang Triumvirate (Octavian, Mark Antony, Lepidus)",,,,
Grade 8,Social Studies,Pagsilang ng Imperyong Romano sa Ilalim ni Augustus Caesar at ang Panahon ng Pax Romana,,,,
Grade 8,Social Studies,"Pagsilang, Paglaganap, at Pagtanggap sa Relihiyong Kristiyanismo (Edict of Milan ni Constantine the Great)",,,,
Grade 8,Social Studies,Pagkahati ng Imperyong Romano (Kanluran at Silangang Imperyo) at ang Pagbagsak ng Kanlurang Imperyong Romano,,,,
Grade 8,Social Studies,"Mga Kontribusyon ng Klasikong Roma: Batas Romano (Jus Gentium at Jus Civile), Arkitektura (Colosseum, Pantheon, Aqueducts, Roman Roads), Latin, at Inhinyerya",,,,
Grade 8,Social Studies,"Imperyong Byzantine: Pagtatag ng Constantinople, Pamumuno ni Justinian I (Corpus Juris Civilis), at ang Great Schism ng 1054",,,,
Grade 8,Social Studies,"Mga Sinaunang Kabihasnan sa Mesoamerica: Olmec, Maya, Aztec, at Inca (Arkitektura, Agrikultura, Relihiyon, at Kalendaryo)",,,,
Grade 8,Social Studies,"Mga Sinaunang Kaharian at Imperyo sa Africa: Ghana, Mali (Mansa Musa), Songhai, Axum, at Kush",,,,
Grade 8,Social Studies,"Mga Sinaunang Kabihasnan sa Isla ng Pasipiko: Polynesia, Micronesia, at Melanesia",,,,
Grade 8,Social Studies,Ang Daigdig sa Gitnang Panahon (Middle Ages): Panahon ng Karimlan (Dark Ages) sa Kanlurang Europe,,,,
Grade 8,Social Studies,"Paglakas ng Simbahang Katoliko Romano bilang Makapangyarihang Institusyon sa Europe (Papacy, Monastisismo, Excommunication)",,,,
Grade 8,Social Studies,Ang Banal na Imperyong Romano (Holy Roman Empire) sa Pamumuno ni Charlemagne,,,,
Grade 8,Social Studies,"Sistemang Pyudalismo (Feudalism): Ugnayan ng Panginoong Maylupa (Lord), Basalyo (Vassal), Kabalyero (Knight), at Alipin/Magsasaka (Serf)",,,,
Grade 8,Social Studies,Sistemang Manoryalismo (Manorialism): Ekonomiyang Pansarili sa Loob ng Manor (Three-field System),,,,
Grade 8,Social Studies,"Ang mga Krusada (Crusades): Mga Dahilan, Mahahalagang Kaganapan, at Epekto sa Kalakalan at Kaayusang Panlipunan",,,,
Grade 8,Social Studies,"Pagsulong ng mga Bayan at Lungsod, Paglitaw ng Sistemang Guild, at ang Pagsilang ng Bagong Pangkat ng Lipunan (Bourgeoisie)",,,,
Grade 8,Social Studies,Ang Black Death (Bubonic Plague) at ang Epekto Nito sa Ekonomiya at Demograpiya ng Europe,,,,
Grade 8,Social Studies,"Pag-usbong ng mga Nation-State sa Europe: Paglakas ng Monarkiya sa England, France, Spain, at Russia",,,,
Grade 8,Social Studies,"Pagsilang ng Renaissance sa Italy: Mga Salik, Humanismo, at ang Pamilyang Medici",,,,
Grade 8,Social Studies,"Mga Natatanging Tao at Ambag sa Panahon ng Renaissance sa Sining, Panitikan, at Agham (Da Vinci, Michelangelo, Raphael, Machiavelli, Shakespeare, Petrarch, Boccaccio, Gutenberg)",,,,
Grade 8,Social Studies,"Ang Repormasyong Protestante: Mga Dahilan, 95 Theses ni Martin Luther, John Calvin, Ulrich Zwingli, at Henry VIII",,,,
Grade 8,Social Studies,Ang Kontra-Repormasyon ng Simbahang Katoliko: Konseho ng Trent (Council of Trent) at ang Society of Jesus (Heswita),,,,
Grade 8,Social Studies,"Epekto ng Repormasyon at Kontra-Repormasyon sa Relihiyon, Pulitika, at Lipunan ng Daigdig",,,,
Grade 8,Social Studies,"Unang Yugto ng Imperyalismo at Kolonisasyong Kanluranin: Motibo (God, Gold, Glory), Teknolohiya sa Paglalayag (Astrolabe, Caravel, Compass), at mga Pangunahing Bansang Manlalakbay (Portugal at Spain)",,,,
Grade 8,Social Studies,"Mga Pangunahing Manlalakbay at Pagtuklas ng mga Bagong Ruta: Prince Henry the Navigator, Bartolomeu Dias, Vasco da Gama, Christopher Columbus, Ferdinand Magellan",,,,
Grade 8,Social Studies,Kasunduan sa Tordesillas (1494) at Kasunduan sa Zaragoza (1529),,,,
Grade 8,Social Studies,"Rebolusyong Siyentipiko: Pagbabago sa Kaisipan ukol sa Sansinukob (Copernicus, Kepler, Galileo Galilei, Isaac Newton, Francis Bacon, René Descartes)",,,,
Grade 8,Social Studies,"Panahon ng Kaliwanagan (The Enlightenment / Age of Reason): Mga Pilosopong Politikal (John Locke, Thomas Hobbes, Baron de Montesquieu, Jean-Jacques Rousseau, Voltaire)",,,,
Grade 8,Social Studies,"Rebolusyong Industriyal: Pagsilang sa Great Britain, Imbensyon sa Industriya ng Tela at Enerhiya (Steam Engine), Urbanisasyon, Kapitalismo, at Pagsilang ng Sosyalismo/Komunismo (Karl Marx)",,,,
Grade 8,Social Studies,"Rebolusyong Amerikano: Boston Tea Party, Deklarasyon ng Kasarinlan (1776), at Pagtatag ng Estados Unidos",,,,
Grade 8,Social Studies,"Rebolusyong Pranses: Tatlong Estado (Estates), Pagbagsak ng Bastille, Reign of Terror (Robespierre), Deklarasyon ng mga Karapatan ng Tao at Mamamayan, at ang Pamumuno ni Napoleon Bonaparte",,,,
Grade 8,Social Studies,"Ikalawang Yugto ng Imperyalismong Kanluranin: Mga Motibo (Pang-ekonomiya, White Man's Burden, Social Darwinism)",,,,
Grade 8,Social Studies,Pag-aagawan sa Africa (Scramble for Africa / Berlin Conference 1884) at Imperyalismo sa Asya,,,,
Grade 8,Social Studies,"Unang Digmaang Pandaigdig (WWI): Mga Sanhi (Militarismo, Alyansa, Imperyalismo, Nasyonalismo), Pagpatay kay Archduke Franz Ferdinand",,,,
Grade 8,Social Studies,"Mga Alyansa sa WWI: Allied Powers vs. Central Powers, Trench Warfare, at Pagtatapos sa pamamagitan ng Kasunduan sa Versailles (1919)",,,,
Grade 8,Social Studies,Pagtatatag at Pagkabigo ng League of Nations (Liga ng mga Bansa),,,,
Grade 8,Social Studies,"Ang Dakilang Depresyon (Great Depression ng 1929) at ang Pag-usbong ng Pasismo sa Italy (Benito Mussolini), Nazismo sa Germany (Adolf Hitler), at Militarismo sa Japan",,,,
Grade 8,Social Studies,"Ikalawang Digmaang Pandaigdig (WWII): Mga Sanhi, Pagsakop sa Poland (Blitzkrieg), Axis Powers vs. Allied Powers",,,,
Grade 8,Social Studies,"Mga Mahahalagang Kaganapan sa WWII: Labanan sa Stalingrad, D-Day Invasion sa Normandy, Holocaust, Pagbomba sa Pearl Harbor, at Pagbagsak ng Hiroshima at Nagasaki",,,,
Grade 8,Social Studies,"Pagtatapos ng WWII, Paglilitis sa Nuremberg, at Pagtatatag ng United Nations (UN)",,,,
Grade 8,Social Studies,Ang Cold War: Ideolohikal na Tunggalian sa pagitan ng Estados Unidos (Kapitalismo/Demokrasya) at Unyong Sobyet (Komunismo),,,,
Grade 8,Social Studies,"Mga Kaganapan sa Panahon ng Cold War: Truman Doctrine, Marshall Plan, NATO vs. Warsaw Pact, Berlin Wall, Space Race, Arms Race, Cuban Missile Crisis",,,,
Grade 8,Social Studies,Mga Proxy War noong Cold War: Digmaang Koreano at Digmaang Vietnam,,,,
Grade 8,Social Studies,Pagbagsak ng Unyong Sobyet (USSR) sa Ilalim nina Mikhail Gorbachev (Glasnost at Perestroika) at Pagwawakas ng Cold War,,,,
Grade 8,Social Studies,"Mga Kontemporaryong Isyu sa Daigdig: Globalisasyon, Pandaigdigang Kalakalan (WTO), at Integrasyong Pang-ekonomiya",,,,
Grade 8,Social Studies,"Mga Hamong Pandaigdig: Terorismo, Paglaganap ng Sandatang Nukleyar, Kahirapan, Pandemya, Paglabag sa Karapatang Pantao, at Climate Change",,,,
Grade 9,Science,"Respiratory System: Organs and structures of the human respiratory tract (nose, nasal cavity, pharynx, larynx, trachea, bronchi, bronchioles, alveoli, diaphragm)",,,,
Grade 9,Science,Mechanics of breathing: Inhalation / inspiration vs. exhalation / expiration (pressure and volume changes via Boyle's Law),,,,
Grade 9,Science,Gas exchange mechanisms in the alveoli: Diffusion of oxygen and carbon dioxide across the respiratory membrane,,,,
Grade 9,Science,"Circulatory System: Systemic, pulmonary, and coronary circulation circuits",,,,
Grade 9,Science,"Anatomy of the heart: Chambers, valves, major vessels, and the cardiac conduction system (SA node, AV node, bundle branches, Purkinje fibers)",,,,
Grade 9,Science,"Cardiac cycle: Systole, diastole, pulse rate, and blood pressure regulation ($BP = \text{systolic / diastolic}$)",,,,
Grade 9,Science,"Blood components and specialized functions: Erythrocytes, leukocytes, thrombocytes, and plasma proteins",,,,
Grade 9,Science,Functional coordination and transport dynamics between the respiratory and circulatory systems,,,,
Grade 9,Science,"Diseases and lifestyle impacts on respiratory and circulatory health (asthma, COPD, atherosclerosis, hypertension, effects of cigarette smoking)",,,,
Grade 9,Science,Non-Mendelian Inheritance: Incomplete dominance and intermediate phenotype expression,,,,
Grade 9,Science,Non-Mendelian Inheritance: Codominance and simultaneous phenotypic expression,,,,
Grade 9,Science,Non-Mendelian Inheritance: Multiple alleles (ABO blood group inheritance and compatibility),,,,
Grade 9,Science,"Sex determination and sex-linked traits: X-linked recessive disorders (hemophilia, red-green color blindness)",,,,
Grade 9,Science,"Sex-influenced traits (e.g., pattern baldness) vs. sex-limited traits (e.g., lactation)",,,,
Grade 9,Science,Pedigree analysis: Interpreting familial inheritance patterns across multiple generations,,,,
Grade 9,Science,"Biodiversity and Population Dynamics: Species diversity, genetic diversity, and ecosystem diversity",,,,
Grade 9,Science,"Population density, distribution patterns (clumped, uniform, random), and carrying capacity",,,,
Grade 9,Science,Limiting factors affecting population size: Density-dependent vs. density-independent factors,,,,
Grade 9,Science,"Causes and mechanisms of species extinction: Natural vs. anthropogenic causes (deforestation, habitat fragmentation, pollution, overexploitation)",,,,
Grade 9,Science,"Photosynthesis: Chloroplast ultrastructure (thylakoids, grana, stroma) and photosynthetic pigments (chlorophyll a, b, carotenoids)",,,,
Grade 9,Science,"Light-dependent reactions of photosynthesis: Photolysis of water, electron transport chain, and generation of ATP and NADPH",,,,
Grade 9,Science,"Light-independent reactions (Calvin cycle): Carbon fixation (RuBisCO), reduction, and regeneration of RuBP to synthesize glucose",,,,
Grade 9,Science,"Factors affecting the rate of photosynthesis (light intensity, carbon dioxide concentration, temperature)",,,,
Grade 9,Science,"Cellular Respiration: Mitochondrion ultrastructure (outer membrane, inner membrane, cristae, matrix)",,,,
Grade 9,Science,"Aerobic cellular respiration: Glycolysis (cytoplasm), Pyruvate oxidation (mitochondrial matrix), Krebs / Citric Acid cycle, and Oxidative Phosphorylation (ETC and chemiosmosis)",,,,
Grade 9,Science,Theoretical energy yield and ATP calculation of aerobic respiration ($C_6H_{12}O_6 + 6O_2 \rightarrow 6CO_2 + 6H_2O + 36\text{--}38\text{ ATP}$),,,,
Grade 9,Science,Anaerobic cellular respiration and fermentation pathways: Lactic acid fermentation and alcoholic fermentation,,,,
Grade 9,Science,Comparative analysis of energy flow: Photosynthesis vs. Cellular Respiration,,,,
Grade 9,Science,Quantum Mechanical Model of the Atom: Wave-particle duality (de Broglie hypothesis) and Heisenberg Uncertainty Principle,,,,
Grade 9,Science,"Atomic orbitals ($s, p, d, f$), orbital shapes, and energy levels",,,,
Grade 9,Science,"Quantum numbers: Principal ($n$), Azimuthal / Angular momentum ($l$), Magnetic ($m_l$), and Spin ($m_s$)",,,,
Grade 9,Science,"Electron configuration: Aufbau Principle, Pauli Exclusion Principle, and Hund's Rule of Maximum Multiplicity",,,,
Grade 9,Science,Lewis Electron Dot Structures (LEDS) and the Octet Rule,,,,
Grade 9,Science,"Chemical Bonding: Ionic bonding (transfer of electrons between metals and non-metals, lattice energy, crystal formation)",,,,
Grade 9,Science,"Chemical Bonding: Covalent bonding (sharing of electrons between non-metals, single, double, and triple bonds)",,,,
Grade 9,Science,Polar covalent vs. non-polar covalent bonds based on electronegativity differences ($\Delta EN$),,,,
Grade 9,Science,"Metallic bonding: Electron sea model and physical properties of metals (malleability, ductility, electrical/thermal conductivity)",,,,
Grade 9,Science,"Organic Chemistry: Unique tetravalent bonding properties of Carbon (catenation, hybridization: $sp^3, sp^2, sp$)",,,,
Grade 9,Science,"Hydrocarbons: Alkanes, alkenes, and alkynes (nomenclature, structural formulas, isomers, and physical properties)",,,,
Grade 9,Science,"Functional groups in organic compounds: Alcohols, ethers, aldehydes, ketones, carboxylic acids, esters, and amines",,,,
Grade 9,Science,"Everyday applications and safety of organic compounds (fuels, solvents, pharmaceuticals, polymers)",,,,
Grade 9,Science,The Mole Concept: Definition of the mole and Avogadro's constant ($6.022 \times 10^{23} \text{ particles/mol}$),,,,
Grade 9,Science,Molar mass calculations of elements and compounds ($g/\text{mol}$),,,,
Grade 9,Science,"Mole conversions: Mass-to-mole, mole-to-particles, mass-to-particles, and volume of gases at STP",,,,
Grade 9,Science,Percentage composition of compounds by mass,,,,
Grade 9,Science,Determining empirical and molecular formulas from percentage composition and molar mass,,,,
Grade 9,Science,"Volcanoes: Types of volcanoes based on structure and eruptive style (shield, composite / stratovolcano, cinder cone)",,,,
Grade 9,Science,"Magma composition and eruptive behavior: Viscosity, silica content, temperature, and dissolved gas content",,,,
Grade 9,Science,"Volcanic eruption types: Phreatic, phreatomagmatic, Strombolian, Vulcanian, Plinian, and Pelean",,,,
Grade 9,Science,"Energy from Volcanoes: Geothermal energy generation (flash steam, dry steam, and binary cycle power plants)",,,,
Grade 9,Science,Climate: Difference between weather and climate,,,,
Grade 9,Science,"Factors affecting climate: Latitude, altitude, distance from large bodies of water (continentality), ocean currents, and topography (rain shadow effect)",,,,
Grade 9,Science,"Global climate phenomena: Greenhouse effect, enhanced greenhouse effect, global warming, and climate change",,,,
Grade 9,Science,Ocean-atmospheric interactions: El Niño and La Niña (ENSO cycle mechanisms and ecological/agricultural impacts),,,,
Grade 9,Science,"Constellations: Characteristics of stars (apparent vs. absolute magnitude, luminosity, color-temperature relationship, Wien's Law, Hertzsprung-Russell diagram)",,,,
Grade 9,Science,Apparent motion vs. actual motion of stars: Diurnal motion (Earth's rotation) and annual motion (Earth's revolution),,,,
Grade 9,Science,Circumpolar constellations and seasonal constellations visible in the Northern and Southern Hemispheres,,,,
Grade 9,Science,"Use of constellations in celestial navigation, ancient agricultural calendars, and modern astronomy",,,,
Grade 9,Science,Kinematics: Uniformly Accelerated Motion (UAM) in one dimension (horizontal motion formulas),,,,
Grade 9,Science,"Free fall motion: Acceleration due to gravity ($g = 9.8\text{ m/s}^2$), vertical velocity, and maximum height calculations",,,,
Grade 9,Science,Two-dimensional motion: Projectile motion principles (independence of horizontal and vertical velocity components),,,,
Grade 9,Science,"Projectile motion calculations: Initial velocity components ($v_{0x}, v_{0y}$), time of flight, maximum height, and horizontal range",,,,
Grade 9,Science,"Momentum: Definition ($p = mv$), vector nature, and units ($kg\cdot m/s$)",,,,
Grade 9,Science,"Impulse: Definition ($J = F\Delta t$), units ($N\cdot s$), and the Impulse-Momentum Theorem ($J = \Delta p$)",,,,
Grade 9,Science,Law of Conservation of Momentum in isolated systems,,,,
Grade 9,Science,Collisions: Elastic collisions vs. inelastic / perfectly inelastic collisions,,,,
Grade 9,Science,"Mechanical Work, Power, and Energy transformations in mechanical systems",,,,
Grade 9,Science,Conservation of Mechanical Energy ($ME = PE + KE = \text{constant}$) in falling bodies and projectile trajectories,,,,
Grade 9,Science,"Thermal Energy and Thermodynamics: Heat, internal energy, and mechanical work equivalence",,,,
Grade 9,Science,"First Law of Thermodynamics: Statement, mathematical form ($\Delta U = Q - W$), and heat engines",,,,
Grade 9,Science,"Heat engine operation cycles, thermal efficiency calculations ($e = 1 - \frac{Q_C}{Q_H}$), and Carnot limit",,,,
Grade 9,Science,"Second Law of Thermodynamics: Entropy, direction of spontaneous heat transfer, refrigerators, and heat pumps",,,,
Grade 9,Science,"Electricity and Magnetism: Generation, transmission, and distribution of electrical energy from power plants to consumers",,,,
Grade 9,Science,Step-up and step-down transformers: Operating principles and turns-ratio calculations ($\frac{V_p}{V_s} = \frac{N_p}{N_s}$),,,,
Grade 9,Science,Electromagnetic induction: Faraday's Law and Lenz's Law,,,,
Grade 9,Science,Electric motors (electrical energy to mechanical energy) vs. Electric generators (mechanical energy to electrical energy),,,,
Grade 9,Math,"Quadratic equations: Standard form ($ax^2 + bx + c = 0, a \neq 0$) and identifying quadratic vs. non-quadratic equations",,,,
Grade 9,Math,Solving quadratic equations by extracting square roots ($x^2 = k$),,,,
Grade 9,Math,Solving quadratic equations by factoring zero-product property,,,,
Grade 9,Math,Solving quadratic equations by completing the square,,,,
Grade 9,Math,Solving quadratic equations using the Quadratic Formula ($x = \frac{-b \pm \sqrt{b^2 - 4ac}}{2a}$),,,,
Grade 9,Math,"The Discriminant ($D = b^2 - 4ac$): Determining the nature of the roots (real, rational, irrational, equal, unequal, imaginary/complex)",,,,
Grade 9,Math,Relationships between the coefficients and the roots: Sum of roots ($-\frac{b}{a}$) and Product of roots ($\frac{c}{a}$),,,,
Grade 9,Math,Formulating quadratic equations given the roots or given their sum and product,,,,
Grade 9,Math,Equations transformable to quadratic equations (rational algebraic equations and radical equations reducible to quadratics),,,,
Grade 9,Math,"Solving real-world word problems involving quadratic equations (area, consecutive integers, projectile motion, rate, geometry)",,,,
Grade 9,Math,Quadratic inequalities in one variable: Finding critical values and solution sets using test intervals and sign charts,,,,
Grade 9,Math,Graphing solution sets of quadratic inequalities in one variable on the real number line,,,,
Grade 9,Math,"Quadratic functions: Definition, standard form ($y = ax^2 + bx + c$), and vertex form ($y = a(x - h)^2 + k$)",,,,
Grade 9,Math,"Transforming quadratic functions from standard form to vertex form (by completing the square and formula method: $h = -\frac{b}{2a}, k = c - \frac{b^2}{4a}$) and vice versa",,,,
Grade 9,Math,"Graphing quadratic functions: Characteristics of parabolas (opening upward/downward, vertex $(h, k)$, axis of symmetry $x = h$, $x$-intercepts, $y$-intercept)",,,,
Grade 9,Math,Domain and range of quadratic functions,,,,
Grade 9,Math,"Effects of changing parameters $a, h,$ and $k$ on the graph of $y = a(x - h)^2 + k$ (dilations, reflections, vertical/horizontal translations)",,,,
Grade 9,Math,"Determining the equation of a quadratic function given its graph, vertex and a point, or three non-collinear points",,,,
Grade 9,Math,"Solving real-world optimization problems involving quadratic functions (maximum profit, maximum height, minimum cost, maximum area)",,,,
Grade 9,Math,"Direct variation: Concept, constant of variation ($k$), equation of variation ($y = kx$), graphs, and real-life problems",,,,
Grade 9,Math,"Inverse variation: Concept, constant of variation ($k$), equation of variation ($y = \frac{k}{x}$ or $xy = k$), graphs, and real-life problems",,,,
Grade 9,Math,"Joint variation: Concept, constant of variation ($k$), equation of variation ($z = kxy$), and word problems",,,,
Grade 9,Math,"Combined variation: Concept, constant of variation ($k$), equation of variation ($z = \frac{kx}{y}$), and word problems",,,,
Grade 9,Math,"Integral exponents: Review of laws of exponents, zero exponent ($a^0 = 1$), and negative integral exponents ($a^{-n} = \frac{1}{a^n}$)",,,,
Grade 9,Math,"Rational exponents: Concept, simplifying expressions with fractional/rational exponents ($a^{\frac{m}{n}} = \sqrt[n]{a^m} = (\sqrt[n]{a})^m$)",,,,
Grade 9,Math,Radicals: Converting expressions between radical form and rational exponent form,,,,
Grade 9,Math,"Laws of radicals: Product rule for radicals ($\sqrt[n]{ab} = \sqrt[n]{a}\sqrt[n]{b}$), quotient rule ($\sqrt[n]{\frac{a}{b}} = \frac{\sqrt[n]{a}}{\sqrt[n]{b}}$), and radical of a radical ($\sqrt[m]{\sqrt[n]{a}} = \sqrt[mn]{a}$)",,,,
Grade 9,Math,"Simplifying radicals: Removing perfect $n\text{th}$ powers, reducing the index, and rationalizing denominators",,,,
Grade 9,Math,Operations on radicals: Addition and subtraction of similar/like radical expressions,,,,
Grade 9,Math,"Operations on radicals: Multiplication of radicals (monomials, binomials with conjugates)",,,,
Grade 9,Math,Operations on radicals: Division of radicals and rationalizing monomial and binomial denominators using conjugates,,,,
Grade 9,Math,Solving radical equations in one variable and checking for extraneous solutions,,,,
Grade 9,Math,"Solving real-world word problems involving radicals (Pythagorean distance, formulas involving square roots, kinematics)",,,,
Grade 9,Math,Quadrilaterals: Conditions and properties that make a quadrilateral a parallelogram,,,,
Grade 9,Math,"Properties of parallelograms: Opposite sides are congruent, opposite angles are congruent, consecutive angles are supplementary, diagonals bisect each other",,,,
Grade 9,Math,"Special parallelograms: Properties and theorems of Rectangles (congruent diagonals, equiangular)",,,,
Grade 9,Math,"Special parallelograms: Properties and theorems of Rhombi (perpendicular diagonals, bisecting opposite angles, equilateral)",,,,
Grade 9,Math,Special parallelograms: Properties and theorems of Squares (combining properties of rectangle and rhombus),,,,
Grade 9,Math,"Trapezoids: Definition, base angles, median/midsegment theorem for trapezoids ($M = \frac{b_1 + b_2}{2}$)",,,,
Grade 9,Math,"Isosceles trapezoids: Properties (congruent legs, congruent base angles, congruent diagonals, supplementary opposite angles)",,,,
Grade 9,Math,"Kites: Properties and theorems (perpendicular diagonals, area formula: $A = \frac{1}{2}d_1 d_2$, one diagonal bisecting the other)",,,,
Grade 9,Math,"Solving problems and proving statements involving parallelograms, trapezoids, and kites",,,,
Grade 9,Math,Similarity: Definition of ratio and proportion in geometric figures,,,,
Grade 9,Math,Fundamental theorem of proportionality / Triangle Proportionality Theorem and its converse,,,,
Grade 9,Math,Triangle Angle-Bisector Theorem,,,,
Grade 9,Math,"Similar polygons: Definition, corresponding angles congruent, and corresponding sides proportional",,,,
Grade 9,Math,Triangle similarity theorems: AAA / AA Similarity Postulate,,,,
Grade 9,Math,Triangle similarity theorems: SSS (Side-Side-Side) Similarity Theorem,,,,
Grade 9,Math,Triangle similarity theorems: SAS (Side-Angle-Side) Similarity Theorem,,,,
Grade 9,Math,Right Triangle Similarity Theorem: Altitude drawn to the hypotenuse (geometric mean / mean proportional theorems),,,,
Grade 9,Math,Special Right Triangle Theorems: $45^\circ-45^\circ-90^\circ$ (Isosceles Right Triangle: hypotenuse $= \text{leg}\sqrt{2}$),,,,
Grade 9,Math,"Special Right Triangle Theorems: $30^\circ-60^\circ-90^\circ$ (hypotenuse $= 2 \times \text{shorter leg}$, longer leg $= \text{shorter leg}\sqrt{3}$)",,,,
Grade 9,Math,"The Pythagorean Theorem ($a^2 + b^2 = c^2$) and its converse (classifying acute, right, and obtuse triangles)",,,,
Grade 9,Math,"Solving word problems involving similarity, scale drawings, indirect measurement, and shadow reckoning",,,,
Grade 9,Math,Trigonometry: Introduction to right triangle trigonometry,,,,
Grade 9,Math,"Six primary and reciprocal trigonometric ratios: Sine ($\sin$), Cosine ($\cos$), Tangent ($\tan$), Cosecant ($\csc$), Secant ($\sec$), Cotangent ($\cot$) using SOH-CAH-TOA",,,,
Grade 9,Math,"Trigonometric ratios of special acute angles ($30^\circ, 45^\circ, 60^\circ$)",,,,
Grade 9,Math,"Using scientific calculators to find trigonometric values and inverse trigonometric functions ($\sin^{-1}, \cos^{-1}, \tan^{-1}$)",,,,
Grade 9,Math,Solving right triangles given one side and one acute angle,,,,
Grade 9,Math,Solving right triangles given two side lengths,,,,
Grade 9,Math,Concepts of Angle of Elevation and Angle of Depression,,,,
Grade 9,Math,"Solving real-life word problems involving angles of elevation and depression (heights, distances, navigation)",,,,
Grade 9,Math,Oblique triangles: Definition and classification (acute vs. obtuse non-right triangles),,,,
Grade 9,Math,"The Law of Sines: Formula ($\frac{a}{\sin A} = \frac{b}{\sin B} = \frac{c}{\sin C}$) and applications (SAA, ASA, and Ambiguous Case / SSA conditions)",,,,
Grade 9,Math,The Law of Cosines: Formulas ($a^2 = b^2 + c^2 - 2bc\cos A$) and applications (SAS and SSS conditions),,,,
Grade 9,Math,Area of oblique triangles using trigonometry: $A = \frac{1}{2}ab\sin C$ and Heron's Formula ($A = \sqrt{s(s-a)(s-b)(s-c)}$ where $s = \frac{a+b+c}{2}$),,,,
Grade 9,Math,"Solving real-world multi-step problems involving oblique triangles (surveying, bearings, structural engineering)",,,,
Grade 9,English,"Anglo-Saxon / Old English Literature: Historical context, pagan vs. Christian elements, and heroic epic traditions",,,,
Grade 9,English,"Beowulf: Themes of heroism, fate (Wyrd), loyalty, monster archetypes (Grendel, Grendel's Mother, the Dragon), and kennings",,,,
Grade 9,English,"Medieval English Literature: Chivalric romances, Arthurian legends (King Arthur, Sir Gawain and the Green Knight), and morality plays (Everyman)",,,,
Grade 9,English,"Geoffrey Chaucer and The Canterbury Tales: The General Prologue, estates satire, frame narrative structure, and medieval character archetypes",,,,
Grade 9,English,"The English Renaissance and Elizabethan Era: Historical background, humanism, and the rise of secular theatre",,,,
Grade 9,English,"William Shakespeare and the Elizabethan Drama: Elizabethan theatre conventions (Globe Theatre), tragic structure, and dramatic irony",,,,
Grade 9,English,"Romeo and Juliet: Plot architecture, themes (fate, love vs. hate, individual vs. society), tragic flaws (hamartia), soliloquies, and character foils",,,,
Grade 9,English,"English and Italian / Petrarchan Sonnets: Structure, iambic pentameter, rhyme schemes (Shakespearean vs. Petrarchan), octave/sestet vs. quatrains/couplet, and the volta / turn",,,,
Grade 9,English,"The Enlightenment and Victorian Literature: Industrialization, social realism, Victorian poetry, and dramatic monologue (e.g., Alfred Lord Tennyson, Robert Browning)",,,,
Grade 9,English,"Modern and Contemporary Anglo-American Literature: Harlem Renaissance, Jazz Age, Modernist poetry, and 20th-century social drama (e.g., Arthur Miller's The Crucible or Death of a Salesman)",,,,
Grade 9,English,Morphological and structural analysis of advanced academic and domain-specific vocabulary,,,,
Grade 9,English,"Greek and Latin roots, prefixes, and suffixes applied to multi-syllabic and technical vocabulary",,,,
Grade 9,English,"Context clues: Definition, synonym, antonym, example, comparison-contrast, cause-effect, and inference clues",,,,
Grade 9,English,Denotative vs. connotative meanings and nuances in tone and authorial diction,,,,
Grade 9,English,"Collocations, idioms, culturally rooted expressions, and euphemisms in Anglo-American contexts",,,,
Grade 9,English,"Using advanced print and online reference materials: Unabridged dictionaries, thesauruses, specialized glossaries, and academic databases",,,,
Grade 9,English,Grammar review: Parts of speech and their syntactic functions in complex sentence structures,,,,
Grade 9,English,"Advanced rules of Subject-Verb Agreement: Intervening phrases, compound subjects, inverted sentence structures, collective nouns, and singular/plural indefinite pronouns",,,,
Grade 9,English,"Verb tenses: Review of simple, progressive, perfect, and perfect progressive aspects",,,,
Grade 9,English,Maintaining consistent verb tenses across complex analytical and narrative writing,,,,
Grade 9,English,"Modal auxiliaries: Using modals of ability, permission, obligation, possibility, necessity, prohibition, conditionality, and preference (can, could, may, might, must, shall, should, will, would, ought to)",,,,
Grade 9,English,"Modal verbs in expressing social functions: Making polite requests, offers, suggestions, and giving advice",,,,
Grade 9,English,Conditionals: Zero conditional (general truths and scientific facts),,,,
Grade 9,English,Conditionals: First conditional (real and possible future conditions),,,,
Grade 9,English,Conditionals: Second conditional (unreal / hypothetical present or future situations),,,,
Grade 9,English,Conditionals: Third conditional (unreal / hypothetical past situations and regrets),,,,
Grade 9,English,Mixed conditionals and expressing wishes / regrets ($wish$ / $if\ only$),,,,
Grade 9,English,"Verbals: Gerunds and gerund phrases (functioning as subject, direct object, indirect object, subject complement, object of the preposition, appositive)",,,,
Grade 9,English,Verbals: Participles and participial phrases (present and past participles functioning as adjective modifiers),,,,
Grade 9,English,"Verbals: Infinitives and infinitive phrases (functioning as nouns, adjectives, and adverbs)",,,,
Grade 9,English,"Identifying and correcting dangling modifiers, misplaced modifiers, and split infinitives",,,,
Grade 9,English,"Active voice vs. Passive voice: Structural transformation, agent inclusion/omission, and stylistic choices in journalistic and scientific discourse",,,,
Grade 9,English,"Direct speech vs. Indirect / reported speech: Tense backshifting rules, modal changes, pronoun shifts, and adjustments in time/place adverbs",,,,
Grade 9,English,"Adverbs and Adverbial clauses: Adverbial clauses of time, place, manner, cause, condition, purpose, concession, and result",,,,
Grade 9,English,"Conjunctive adverbs (however, furthermore, therefore, consequently, nevertheless, moreover, otherwise) and semicolon usage",,,,
Grade 9,English,"Coordinating (FANBOYS), correlative (either...or, neither...nor, not only...but also), and subordinating conjunctions",,,,
Grade 9,English,"Parallelism: Maintaining parallel grammatical structure in series, pairs, comparisons, and coordinate elements",,,,
Grade 9,English,"Sentence structures: Simple, compound, complex, and compound-complex sentences",,,,
Grade 9,English,"Identifying and correcting structural errors: Sentence fragments, run-on / fused sentences, and comma splices",,,,
Grade 9,English,"Punctuation mechanics: Commas, semicolons, colons, hyphens, em-dashes, en-dashes, parentheses, brackets, quotation marks, and apostrophes",,,,
Grade 9,English,"Reading comprehension strategies: Skimming, scanning, close reading, critical reading, synthesizing, and summarizing",,,,
Grade 9,English,"Literary elements: Direct and indirect characterization (STEAL method), protagonist vs. antagonist, static vs. dynamic, flat vs. round characters, and character foils",,,,
Grade 9,English,"Setting analysis: Temporal, geographical, socio-cultural, and historical context shaping conflict and atmosphere",,,,
Grade 9,English,"Plot structure: Freytag's Pyramid (exposition, inciting incident, rising action, climax, falling action, catastrophe / resolution), flashbacks, foreshadowing, and in media res",,,,
Grade 9,English,"Types of literary conflict: Internal conflict (man vs. self) and External conflict (man vs. man, nature, society, technology, supernatural, fate)",,,,
Grade 9,English,"Theme analysis: Identifying explicit vs. implicit universal themes, philosophical motifs, and socio-political commentary",,,,
Grade 9,English,"Narrative point of view: First-person, second-person, third-person limited, and third-person omniscient; analyzing narrator reliability",,,,
Grade 9,English,"Tone (author's attitude), Mood (atmosphere / reader's emotional response), and Persona in prose and poetry",,,,
Grade 9,English,"Figurative language: Simile, metaphor, personification, hyperbole, onomatopoeia, imagery, symbolism, alliteration, assonance, consonance",,,,
Grade 9,English,"Advanced literary devices: Irony (verbal, situational, dramatic), paradox, oxymoron, allusion, allegory, apostrophe, and metonymy / synecdoche",,,,
Grade 9,English,"Elements of poetry: Stanza forms (couplets, quatrains, sestets, octaves), meter, rhyme scheme, sound devices, and visual poetry / layout",,,,
Grade 9,English,"Elements of drama: Script format, dialogue, monologue, soliloquy, aside, stage directions, blocking, acts, scenes, and dramatic irony",,,,
Grade 9,English,"Distinguishing between fact, opinion, belief, substantiated assertion, and value judgment",,,,
Grade 9,English,"Analyzing author's purpose (persuade, inform, entertain, explain, describe), perspective, tone, and underlying assumptions",,,,
Grade 9,English,"Recognizing propaganda techniques: Bandwagon, testimonial, card stacking, plain folks, name-calling, glittering generalities, transfer, and emotional appeals",,,,
Grade 9,English,"Identifying logical fallacies: Ad hominem, straw man, false dilemma / either-or, slippery slope, hasty generalization, red herring, and post hoc ergo propter hoc",,,,
Grade 9,English,"Informational text structures: Description, sequence / chronological, cause and effect, compare and contrast, problem and solution, hierarchical / order of importance",,,,
Grade 9,English,"Analyzing non-linear texts and visual aids: Tables, charts, flowcharts, infographics, concept maps, and timelines",,,,
Grade 9,English,Transcoding information: Converting linear text to non-linear visual representations and vice versa,,,,
Grade 9,English,"Visual literacy: Analyzing visual rhetoric, print advertisements, editorial cartoons, and public service announcements",,,,
Grade 9,English,"Oral communication: Suprasegmentals of speech (stress, pitch, intonation, pause / juncture, volume, rate, and speech rhythm)",,,,
Grade 9,English,"Listening comprehension: Determining speaker's tone, attitude, purpose, and distinguishing explicit details from implied messages",,,,
Grade 9,English,"Active listening strategies: Note-taking systems (Cornell method, outline method, mind maps) and summarizing oral discourse",,,,
Grade 9,English,"Oral delivery modes: Impromptu speaking, extemporaneous speaking, memorized delivery, and manuscript reading",,,,
Grade 9,English,"Public speaking skills: Vocal projection, enunciation, pacing, body language, gesture, and eye contact",,,,
Grade 9,English,"Participating in structured oral discourse: Panel discussions, symposiums, Socratic seminars, and formal debate (Oxford-Oregon and Parliamentary formats)",,,,
Grade 9,English,"Expressive oral reading: Declamation, dramatic monologues, readers' theater, and speech choir performances",,,,
Grade 9,English,"The writing process: Pre-writing (brainstorming, clustering, topic / sentence outlining), drafting, revising, editing, and publishing",,,,
Grade 9,English,"Paragraph development: Crafting focused topic sentences, relevant supporting evidence, logical coherence, and strong clincher / concluding sentences",,,,
Grade 9,English,"Cohesive devices and transition markers: Adding information, showing contrast, illustrating, proving causality, and concluding",,,,
Grade 9,English,"Expository / Informative essay writing: Process analysis, cause-and-effect essays, and comparative-contrast essays",,,,
Grade 9,English,"Argumentative / Persuasive essay writing: Formulating clear claim / thesis statements, providing empirical evidence, addressing counterclaims / rebuttals, and crafting actionable conclusions",,,,
Grade 9,English,"Narrative and descriptive writing featuring developed characters, authentic dialogue, sensory imagery, and thematic depth",,,,
Grade 9,English,"Functional and business writing: Formal business letters (inquiry, application, complaint, request, endorsement), formal emails, and memoranda",,,,
Grade 9,English,"Writing objective summaries, abstracts, précis, and paraphrases of complex texts",,,,
Grade 9,English,"Research methodology: Formulating inquiry and research questions, narrowing research topics, and gathering primary / secondary sources",,,,
Grade 9,English,"Evaluating sources using the CRAAP criteria (Currency, Relevance, Authority, Accuracy, Purpose)",,,,
Grade 9,English,"Ethical research practices: Avoiding intentional and unintentional plagiarism, synthesizing multiple perspectives, and taking accurate notes",,,,
Grade 9,English,Mechanics of bibliographic citation: In-text citations and reference list formatting using APA and MLA styles,,,,
Grade 9,English,"Proofreading symbols and systematic revision: Evaluating structural unity, logical coherence, sentence variety, diction, tone, and mechanical accuracy",,,,
Grade 9,Filipino,"Panitikan ng Timog-Silangang Asya: Maikling Kuwento (hal. Ang Ama mula sa Singapore, Anim na Sabado ng Beyblade mula sa Pilipinas)",,,,
Grade 9,Filipino,Mga Pang-ugnay sa Pagsusunod-sunod ng mga Pangyayari at Transisyunal na Pantulong,,,,
Grade 9,Filipino,"Panitikan ng Timog-Silangang Asya: Nobela (hal. Bata, Bata... Pa'no Ka Ginawa? o Takipsilim sa Djakarta)",,,,
Grade 9,Filipino,"Mga Pahayag na Ginagamit sa Pagbibigay-Opinyon at Paninindigan (sa tingin ko, para sa akin, kung ako ang tatanungin)",,,,
Grade 9,Filipino,"Panitikan ng Timog-Silangang Asya: Tula (hal. Kultura: Ang Pamana ng Nakaraan, Regalo ng Kasalukuyan, at Buhay ng Kinabukasan)",,,,
Grade 9,Filipino,"Mga Elemento ng Tula: Sukat, Tugma, Talinghaga, Kariktan, at Persona",,,,
Grade 9,Filipino,"Mga Paraan ng Pagpapahayag ng Emosyon o Damdamin: Padamdam, Maikling Sambitla, Pangungusap na Nagsasaad ng Tiyak na Damdamin, at Di-tuwirang Pagpapahayag",,,,
Grade 9,Filipino,Panitikan ng Timog-Silangang Asya: Sanaysay (hal. Kay Estella Zeehandelar ng Indonesia),,,,
Grade 9,Filipino,Mga Pangatnig at Pang-ugnay sa Paglalahad ng Sariling Pananaw at Katwiran,,,,
Grade 9,Filipino,Panitikan ng Timog-Silangang Asya: Dula (hal. Tiyo Simon ng Pilipinas),,,,
Grade 9,Filipino,"Pagsusuri sa mga Elemento at Yugto ng Dula (Iskrip, Gumaganap, Tanghalan, Tagadirehe, Manonood)",,,,
Grade 9,Filipino,Mga Pang-ugnay sa Pagpapahayag ng Sanhi at Bunga,,,,
Grade 9,Filipino,"Panitikan ng Silangang Asya: Tanka at Haiku ng Japan (Kasaysayan, Estruktura ng Pantig 5-7-5-7-7 at 5-7-5, Paksa, Kireji, at Kigo)",,,,
Grade 9,Filipino,"Mga Ponemang Suprasegmental: Tono / Intonasyon, Haba at Diin, at Antala / Hinto",,,,
Grade 9,Filipino,Panitikan ng Silangang Asya: Pabula (hal. Ang Hatol ng Kuneho mula sa Korea),,,,
Grade 9,Filipino,Iba't ibang Paraan ng Pagpapahayag ng Emosyon at Saloobin sa Pabula,,,,
Grade 9,Filipino,"Mga Modal: Gamit bilang Malapandiwa (Nais, Gusto, Ibig), Panuring, at Pagpapahayag ng Kagustuhan, Posibilidad, at Obligasyon",,,,
Grade 9,Filipino,Panitikan ng Silangang Asya: Sanaysay (hal. Ang Kababaihan ng Taiwan: Ngayon at Noong Nakalipas na 50 Taon),,,,
Grade 9,Filipino,Mga Pangatnig na Nag-uugnay ng Magkatimbang at Di-Magkatimbang na Kaisipan,,,,
Grade 9,Filipino,Panitikan ng Silangang Asya: Maikling Kuwento (hal. Niyebeng Itim ng Tsina),,,,
Grade 9,Filipino,Mga Uri ng Paghihinuha at Paglalarawan ng Tagpuan at Tauhan,,,,
Grade 9,Filipino,Panitikan ng Silangang Asya: Dula (Kabuki at Noh ng Japan; Dula mula sa Tsina),,,,
Grade 9,Filipino,Pagsusuri sa Kulturang Asyano at Pagpapahalagang Pantao sa Silangang Asya,,,,
Grade 9,Filipino,Panitikan ng Kanlurang Asya: Parabula (hal. Ang Talinghaga Tungkol sa May-ari ng Ubasan),,,,
Grade 9,Filipino,Mga Matatalinghagang Pahayag at Paggamit ng Tayutay sa Parabula,,,,
Grade 9,Filipino,Panitikan ng Kanlurang Asya: Elehiya (hal. Elehiya sa Kamatayan ni Kuya mula sa Bhutan / Kanlurang Asya),,,,
Grade 9,Filipino,Pagkilala at Paggamit ng mga Pahayag sa Pagpapasidhi ng Damdamin,,,,
Grade 9,Filipino,Panitikan ng Kanlurang Asya: Maikling Kuwento (hal. Usok at Salamin: Ang Tagapagsalaysay ng Bagong Araw),,,,
Grade 9,Filipino,Mga Pang-ugnay sa Pagpapatunay at Pagsang-ayon,,,,
Grade 9,Filipino,Panitikan ng Kanlurang Asya: Alamat (hal. Alamat ni Prinsesa Manorah mula sa Thailand / Kanlurang Asya),,,,
Grade 9,Filipino,"Mga Pang-abay na Pamanahon, Panlunan, at Pamaraan sa Pagsasalaysay ng Alamat",,,,
Grade 9,Filipino,Panitikan ng Kanlurang Asya: Epiko (hal. Rama at Sita mula sa India / Kanlurang Asya),,,,
Grade 9,Filipino,Mga Angkop na Salita sa Paglalarawan ng mga Katangian ng Tauhan sa Epiko,,,,
Grade 9,Filipino,"Kaligirang Pangkasaysayan ng Obra Maestrang ""Noli Me Tangere"" ni Dr. Jose Rizal",,,,
Grade 9,Filipino,Kondisyon ng Lipunang Pilipino noong Panahon ng Espanyol at Layunin ni Rizal sa Pagsulat ng Nobela,,,,
Grade 9,Filipino,Inspirasyon sa Pagsulat ng Noli Me Tangere (Uncle Tom's Cabin ni Harriet Beecher Stowe),,,,
Grade 9,Filipino,"Mga Mahahalagang Tauhan sa Noli Me Tangere: Juan Crisostomo Ibarra, Maria Clara, Padre Damaso, Padre Salvi, Kapitan Tiago",,,,
Grade 9,Filipino,"Mga Mahahalagang Tauhan sa Noli Me Tangere: Elias, Sisa, Crispin, Basilio, Pilosopo Tasyo, Donya Victorina, Donya Consolacion, Alperes",,,,
Grade 9,Filipino,Pagsusuri sa mga Piling Kabanata ng Noli Me Tangere: Ang Piging sa Bahay ni Kapitan Tiago,,,,
Grade 9,Filipino,"Pagsusuri sa mga Piling Kabanata: Si Crisostomo Ibarra, Padre Damaso, at ang Pagkakatuklas sa Lihim ng Kanyang Ama",,,,
Grade 9,Filipino,Pagsusuri sa mga Piling Kabanata: Suyuan sa Asotea at Paggunita sa Nakaraan nina Ibarra at Maria Clara,,,,
Grade 9,Filipino,Pagsusuri sa mga Piling Kabanata: Ang Sakristan (Crispin at Basilio) at ang Kasawian ni Sisa,,,,
Grade 9,Filipino,Pagsusuri sa mga Piling Kabanata: Ang Pangingisda sa Lawa (Piknik) at ang Pagliligtas kay Elias mula sa Buwaya,,,,
Grade 9,Filipino,Pagsusuri sa mga Piling Kabanata: Ang Pilosopo (Pilosopo Tasyo) at ang Payo ukol sa Pagtatayo ng Paaralan,,,,
Grade 9,Filipino,Pagsusuri sa mga Piling Kabanata: Ang Paglalagay ng Unang Bato sa Paaralan at ang Pagtatangka sa Buhay ni Ibarra,,,,
Grade 9,Filipino,"Pagsusuri sa mga Piling Kabanata: Ang Pagtataksil, Pagpaparatang, at Pagsiklab ng Gawa-gawang Rebelyon",,,,
Grade 9,Filipino,Pagsusuri sa mga Piling Kabanata: Ang Pagtakas ni Ibarra sa Tulong ni Elias at ang Pamamaril sa Lawa,,,,
Grade 9,Filipino,"Pagsusuri sa mga Piling Kabanata: Ang Noche Buena, Pagkikita nina Basilio at Sisa, at ang Kamatayan at Habilin ni Elias",,,,
Grade 9,Filipino,"Pagsusuri sa mga Kaisipan, Isyung Panlipunan, at Kanser ng Lipunan sa Noli Me Tangere",,,,
Grade 9,Filipino,"Pagsusuri ng mga Tayutay, Simbolismo, at Pahiwatig sa Noli Me Tangere",,,,
Grade 9,Filipino,Pagsulat ng Rebyu at Suring-Basa ng Akdang Pampanitikan,,,,
Grade 9,Filipino,"Pagsulat ng Iskrip para sa Reader's Theater, Dulang Pantelebisyon, o Dulang Pantanghalan",,,,
Grade 9,Filipino,Pananaliksik: Pagsasagawa ng Mini-Research o Pagbuo ng Adbokasiyang Panlipunan,,,,
Grade 9,Social Studies,Kahulugan at Kahalagahan ng Ekonomiks sa Pang-araw-araw na Pamumuhay,,,,
Grade 9,Social Studies,Mga Pangunahing Konsepto sa Ekonomiks: Kakapusan (Scarcity) vs. Kakulangan (Shortage),,,,
Grade 9,Social Studies,"Mga Salik ng Matalinong Pagdedesisyon: Trade-off, Opportunity Cost, Marginal Thinking, at Incentives",,,,
Grade 9,Social Studies,Pangangailangan (Needs) vs. Kagustuhan (Wants),,,,
Grade 9,Social Studies,Teorya ng Pangangailangan ayon kay Abraham Maslow (Hierarchy of Needs),,,,
Grade 9,Social Studies,Mga Salik na Nakaaapekto sa Pangangailangan at Kagustuhan,,,,
Grade 9,Social Studies,Alokasyon: Kahulugan at Kahalagahan ng Wastong Paggamit ng Pinagkukunang-Yaman,,,,
Grade 9,Social Studies,"Iba't ibang Sistemang Pang-ekonomiya: Tradisyonal, Command, Market, at Mixed Economy",,,,
Grade 9,Social Studies,Proseso ng Produksyon: Kahulugan at Kahalagahan ng Produksyon,,,,
Grade 9,Social Studies,"Mga Salik ng Produksyon: Lupa (Upa/Renta), Paggawa (Sahod/Sweldo), Kapital (Interes), at Entrepreneurship (Tubo/Kita)",,,,
Grade 9,Social Studies,"Mga Organisasyon ng Negosyo: Isahang Pagmamay-ari (Sole Proprietorship), Sosyohan (Partnership), Korporasyon (Corporation), at Kooperatiba (Cooperative)",,,,
Grade 9,Social Studies,"Konsepto ng Pagkonsumo: Mga Salik na Nakaaapekto sa Pagkonsumo (Kita, Presyo, Inaasahan, Pagpapakitang-Gilas, Demonstration Effect)",,,,
Grade 9,Social Studies,Mga Katangian ng Matalinong Mamimili,,,,
Grade 9,Social Studies,Mga Karapatan at Pananagutan ng Mamimili (Consumer Rights and Responsibilities),,,,
Grade 9,Social Studies,"Mga Batas at Ahensya ng Pamahalaan na Nangangalaga sa mga Mamimili (Consumer Act of the Philippines / RA 7394, DTI, FDA)",,,,
Grade 9,Social Studies,Maykroekonomiks: Konsepto ng Demand at Batas ng Demand (Law of Demand),,,,
Grade 9,Social Studies,Mga Salik na Nakaaapekto sa Demand bukod sa Presyo (Ceteris Paribus),,,,
Grade 9,Social Studies,"Iba't ibang Paraan ng Pagpapakita ng Demand: Demand Schedule, Demand Curve, at Demand Function ($Q_d = a - bP$)",,,,
Grade 9,Social Studies,"Price Elasticity of Demand: Elastik, Di-elastik, Unitary, Ganap na Elastik, at Ganap na Di-elastik",,,,
Grade 9,Social Studies,Konsepto ng Suplay at Batas ng Suplay (Law of Supply),,,,
Grade 9,Social Studies,Mga Salik na Nakaaapekto sa Suplay bukod sa Presyo,,,,
Grade 9,Social Studies,"Iba't ibang Paraan ng Pagpapakita ng Suplay: Supply Schedule, Supply Curve, at Supply Function ($Q_s = c + dP$)",,,,
Grade 9,Social Studies,Price Elasticity of Supply: Pagsukat at Pagtukoy ng Elasticity Coefficient,,,,
Grade 9,Social Studies,Interaksyon ng Demand at Suplay: Ekwilibriyo sa Pamilihan (Equilibrium Price at Equilibrium Quantity),,,,
Grade 9,Social Studies,Disekwilibriyo sa Pamilihan: Kalabisan (Surplus) at Kakapusan (Shortage),,,,
Grade 9,Social Studies,Istruktura ng Pamilihan: Pamilihang may Ganap na Kompetisyon (Perfect Competition),,,,
Grade 9,Social Studies,"Istruktura ng Pamilihan: Pamilihang may Hindi Ganap na Kompetisyon (Monopoly, Monopsony, Oligopoly, Monopolistic Competition)",,,,
Grade 9,Social Studies,Gampanin ng Pamahalaan sa Pamilihan: Pagtatakda ng Price Ceiling (Maximum Price Control) at Price Floor (Minimum Price Control / Minimum Wage),,,,
Grade 9,Social Studies,"Makroekonomiks: Paikot na Daloy ng Ekonomiya (Circular Flow Model: 2, 3, 4, at 5 Modelo ng Paikot na Daloy)",,,,
Grade 9,Social Studies,Pambansang Kita: Gross National Income (GNI) vs. Gross Domestic Product (GDP),,,,
Grade 9,Social Studies,"Iba't ibang Paraan ng Pagsukat ng GNI: Expenditure Approach, Income Approach, at Industrial Origin / Value Added Approach",,,,
Grade 9,Social Studies,Nominal GNI/GDP vs. Real GNI/GDP at ang Pagsukat ng Growth Rate,,,,
Grade 9,Social Studies,Limitasyon sa Pagsukat ng Pambansang Kita at ang Underground Economy / Impormal na Sektor,,,,
Grade 9,Social Studies,"Ugnayan ng Kita, Pag-iimpok (Savings), at Pagkonsumo (7-20-70 Rule at Consumption Function)",,,,
Grade 9,Social Studies,"Kahalagahan ng Pag-iimpok at Pamumuhunan (Investment) sa Institusyong Pinansyal (Lending, PDIC, Bangko Sentral)",,,,
Grade 9,Social Studies,"Implasyon: Kahulugan, Mga Uri, at Pagsukat gamit ang Consumer Price Index (CPI), Inflation Rate, at Purchasing Power of the Peso (PPP)",,,,
Grade 9,Social Studies,Mga Dahilan ng Implasyon: Demand-Pull Inflation vs. Cost-Push Inflation,,,,
Grade 9,Social Studies,Mga Epekto ng Implasyon sa mga Mamamayan (Nakikinabang vs. Nalulugi) at Paraan ng Paglutas Dito,,,,
Grade 9,Social Studies,Patakarang Piskal (Fiscal Policy): Expansionary Fiscal Policy vs. Contractionary Fiscal Policy,,,,
Grade 9,Social Studies,Pambansang Badyet at Pinagmumulan ng Kita ng Pamahalaan: Pagbubuwis (Direct at Indirect Taxes),,,,
Grade 9,Social Studies,"Paggasta ng Pamahalaan, Budget Deficit, Budget Surplus, at Pamamahala sa Pambansang Utang",,,,
Grade 9,Social Studies,Patakarang Pananalapi (Monetary Policy): Expansionary Monetary Policy vs. Contractionary Monetary Policy,,,,
Grade 9,Social Studies,Gampanin ng Bangko Sentral ng Pilipinas (BSP) sa Pagpapanatili ng Katatagan ng Salapi,,,,
Grade 9,Social Studies,"Mga Instrumento ng Patakarang Pananalapi: Reserve Requirement, Open Market Operations, Rediscount Rate, Moral Suasion",,,,
Grade 9,Social Studies,"Mga Institusyong Pananalapi sa Pilipinas: Bangko (Universal, Commercial, Thrift, Rural) at Di-Bangko (GSIS, SSS, Pag-IBIG, PhilHealth, Pawnshops)",,,,
Grade 9,Social Studies,Konsepto ng Pambansang Kaunlaran: Pagkakaiba ng Paglago ng Ekonomiya (Economic Growth) at Kaunlarang Pang-ekonomiya (Economic Development),,,,
Grade 9,Social Studies,Mga Palatandaan ng Kaunlaran: Human Development Index (HDI) at mga Salik Nito,,,,
Grade 9,Social Studies,"Gampanin ng Mamamayang Pilipino sa Pambansang Kaunlaran (Sama-samang Pagkilos, Tamang Pagboto, Pagiging Produktibo, Pagnenegosyo)",,,,
Grade 9,Social Studies,"Sektor ng Agrikultura: Kahalagahan ng Pagsasaka, Pangingisda, Paghahayupan, at Paggugubat",,,,
Grade 9,Social Studies,"Mga Hamon at Suliranin sa Sektor ng Agrikultura (Kakulangan sa Imprastraktura, Climate Change, Land Conversion, Masamang Panahon)",,,,
Grade 9,Social Studies,Mga Batas at Repormang Pansakahan sa Pilipinas (Comprehensive Agrarian Reform Program / CARP),,,,
Grade 9,Social Studies,"Sektor ng Industriya: Kahalagahan ng Pagmimina, Pagmamanupaktura, Konstruksyon, at Utilities",,,,
Grade 9,Social Studies,"Mga Hamon at Suliranin sa Sektor ng Industriya (Polusyon, Brain Drain, Kakulangan sa Kapital)",,,,
Grade 9,Social Studies,Mga Patakarang Pang-ekonomiya na Sumusuporta sa Sektor ng Industriya,,,,
Grade 9,Social Studies,"Sektor ng Paglilingkod: Kahalagahan ng Transportasyon, Komunikasyon, Kalakalan, BPO, at Turismo",,,,
Grade 9,Social Studies,"Mga Hamon sa Sektor ng Paglilingkod: Brain Drain, Mababang Pasahod, Kontraktuwalisasyon (Endo), at Overseas Filipino Workers (OFWs)",,,,
Grade 9,Social Studies,"Mga Batas na Nangangalaga sa mga Manggagawa (Labor Code ng Pilipinas, DOLE, POEA/DMW, TESDA)",,,,
Grade 9,Social Studies,"Impormal na Sektor: Katangian, Anyo (Sidewalk Vendors, Sari-sari Stores, Pedicab Drivers), at mga Dahilan ng Pag-iral",,,,
Grade 9,Social Studies,"Mga Epekto ng Impormal na Sektor sa Ekonomiya (Kawalan ng Buwis, Kakulangan sa Proteksyon)",,,,
Grade 9,Social Studies,"Mga Batas at Programa para sa Impormal na Sektor (Social Reform Agenda, Magna Carta for Micro, Small, and Medium Enterprises / MSMEs)",,,,
Grade 9,Social Studies,"Kalakalang Panlabas: Kahalagahan, Batayan ng Kalakalan (Absolute Advantage vs. Comparative Advantage)",,,,
Grade 9,Social Studies,Balanseng Kalakalan (Balance of Trade): Trade Surplus vs. Trade Deficit,,,,
Grade 9,Social Studies,"Mga Patakaran sa Kalakalang Panlabas: Taripa, Quota, Embargo, at Malayang Kalakalan (Free Trade)",,,,
Grade 9,Social Studies,"Globalisasyon at Pandaigdigang Samahang Pang-ekonomiya: World Trade Organization (WTO), Asia-Pacific Economic Cooperation (APEC), ASEAN Economic Community (AEC)",,,,
Grade 9,Social Studies,Gampanin at Epekto ng Kalakalang Panlabas sa Pag-unlad ng Ekonomiya ng Pilipinas,,,,
Grade 10,Science,"Plate tectonics: Lithospheric plates and boundaries (convergent, divergent, transform fault)",,,,
Grade 10,Science,"Evidence of plate movements: Distribution of earthquakes, volcanoes, and mountain ranges",,,,
Grade 10,Science,Continental drift theory and seafloor spreading evidence,,,,
Grade 10,Science,Mantle convection currents as the driving mechanism for plate motion,,,,
Grade 10,Science,"Earthquakes: Focus, epicenter, seismic waves (P-waves, S-waves, surface waves), and locating epicenters using triangulation",,,,
Grade 10,Science,"Volcanoes: Distribution, types of volcanic eruptions, and viscosity of magma",,,,
Grade 10,Science,"Electromagnetic waves: Properties, nature, and the electromagnetic spectrum (radio waves, microwaves, infrared, visible light, ultraviolet, X-rays, gamma rays)",,,,
Grade 10,Science,Practical applications and biological effects of electromagnetic waves,,,,
Grade 10,Science,Light: Reflection in curved mirrors (concave and convex mirrors) and image formation characteristics,,,,
Grade 10,Science,Light: Refraction in lenses (concave and convex lenses) and ray diagramming,,,,
Grade 10,Science,"Optical instruments: Cameras, microscopes, telescopes, and the human eye",,,,
Grade 10,Science,Electromagnetism: Magnetic field around a current-carrying wire and Oersted's experiment,,,,
Grade 10,Science,Electromagnetic induction: Faraday's Law and Lenz's Law,,,,
Grade 10,Science,Electric motors: Converting electrical energy into mechanical energy,,,,
Grade 10,Science,Electric generators: Converting mechanical energy into electrical energy,,,,
Grade 10,Science,Nervous system: Central nervous system (brain and spinal cord) and peripheral nervous system,,,,
Grade 10,Science,"Structure and function of a neuron, nerve impulse transmission, and reflex arcs",,,,
Grade 10,Science,"Endocrine system: Major endocrine glands, hormones, and their target organs",,,,
Grade 10,Science,Feedback mechanisms in maintaining homeostasis (negative and positive feedback loops),,,,
Grade 10,Science,"Heredity: DNA structure, replication, and the Central Dogma of Molecular Biology",,,,
Grade 10,Science,"RNA structure and types (mRNA, tRNA, rRNA)",,,,
Grade 10,Science,Protein synthesis: Transcription and translation processes,,,,
Grade 10,Science,"Mutations: Types of genetic mutations (substitution, insertion, deletion) and their phenotypic effects",,,,
Grade 10,Science,Evolution: Lamarck's theory of use and disuse vs. Darwin's theory of evolution by natural selection,,,,
Grade 10,Science,"Evidence of evolution: Fossil record, comparative anatomy, embryology, and molecular biology / DNA sequencing",,,,
Grade 10,Science,"Biodiversity and ecosystem stability: Population growth, carrying capacity, and limiting factors",,,,
Grade 10,Science,Gas laws: Kinetic Molecular Theory of gases and pressure-volume-temperature relationships,,,,
Grade 10,Science,Boyle's Law: Inverse relationship between pressure and volume,,,,
Grade 10,Science,Charles's Law: Direct relationship between volume and temperature,,,,
Grade 10,Science,Gay-Lussac's Law and the Combined Gas Law,,,,
Grade 10,Science,Chemical reactions: Evidence of chemical change and writing balanced chemical equations,,,,
Grade 10,Science,"Types of chemical reactions: Synthesis, decomposition, single displacement, double displacement, and combustion",,,,
Grade 10,Science,Collision theory and activation energy in chemical reactions,,,,
Grade 10,Science,"Factors affecting reaction rates: Temperature, concentration, surface area, particle size, and catalysts",,,,
Grade 10,Science,"Biomolecules: Structure and functions of carbohydrates (monosaccharides, disaccharides, polysaccharides)",,,,
Grade 10,Science,"Biomolecules: Structure and functions of lipids (fats, oils, waxes, steroids)",,,,
Grade 10,Science,"Biomolecules: Structure and functions of proteins (amino acids, peptide bonds, enzymatic roles)",,,,
Grade 10,Science,Biomolecules: Structure and functions of nucleic acids (DNA and RNA nucleotides),,,,
Grade 10,Science,"Chemical equations and stoichiometry: Mole-to-mole, mass-to-mass, and limiting reactant calculations",,,,
Grade 10,Math,Patterns and sequences: Generating patterns and formulating $n\text{th}$ term rules,,,,
Grade 10,Math,"Arithmetic sequences: Definition, common difference ($d$), and the $n\text{th}$ term formula ($a_n = a_1 + (n - 1)d$)",,,,
Grade 10,Math,Arithmetic means: Inserting terms between two given terms of an arithmetic sequence,,,,
Grade 10,Math,Arithmetic series: Deriving and applying the formula for the sum of the first $n$ terms of an arithmetic sequence ($S_n = \frac{n}{2}[2a_1 + (n - 1)d]$),,,,
Grade 10,Math,"Geometric sequences: Definition, common ratio ($r$), and the $n\text{th}$ term formula ($a_n = a_1 r^{n-1}$)",,,,
Grade 10,Math,Geometric means: Inserting geometric means between given numbers,,,,
Grade 10,Math,"Finite geometric series: Formula for the sum of the first $n$ terms ($S_n = \frac{a_1(1 - r^n)}{1 - r}, r \neq 1$)",,,,
Grade 10,Math,Infinite geometric series: Condition for convergence ($\vert{}r\vert{} < 1$) and sum formula ($S_\infty = \frac{a_1}{1 - r}$),,,,
Grade 10,Math,Harmonic sequences and Fibonacci sequence,,,,
Grade 10,Math,"Solving real-world routine and non-routine problems involving arithmetic, geometric, and other sequences",,,,
Grade 10,Math,Division of polynomials: Long division algorithm,,,,
Grade 10,Math,Division of polynomials: Synthetic division method,,,,
Grade 10,Math,Remainder Theorem: Evaluating polynomial functions and finding remainders,,,,
Grade 10,Math,Factor Theorem: Determining whether a binomial ($x - c$) is a factor of a polynomial $P(x)$,,,,
Grade 10,Math,Rational Root Theorem: Finding all possible rational roots of polynomial equations ($\pm \frac{p}{q}$),,,,
Grade 10,Math,Factoring higher-degree polynomials completely,,,,
Grade 10,Math,Solving polynomial equations of degree higher than 2,,,,
Grade 10,Math,"Solving real-life problems involving polynomial equations (volume, revenue, dimension models)",,,,
Grade 10,Math,"Polynomial functions: Standard form ($P(x) = a_n x^n + a_{n-1} x^{n-1} + \dots + a_1 x + a_0$), degree, leading coefficient, and constant term",,,,
Grade 10,Math,Graphing polynomial functions: Intercepts ($x$-intercepts/roots and $y$-intercept),,,,
Grade 10,Math,Multiplicity of roots: Behavior of the graph at the $x$-axis (crosses vs. touches and turns),,,,
Grade 10,Math,The Leading Coefficient Test / End-behavior of the graph of polynomial functions,,,,
Grade 10,Math,Turning points of polynomial graphs (at most $n - 1$ local extrema),,,,
Grade 10,Math,Sketching the graph and interpreting real-world models of polynomial functions,,,,
Grade 10,Math,"Circles: Chords, arcs (minor arc, major arc, semicircle), central angles, and inscribed angles",,,,
Grade 10,Math,"Theorems on central angles, arcs, and corresponding chords",,,,
Grade 10,Math,Theorems on inscribed angles and their intercepted arcs (Inscribed Angle Theorem and corollaries),,,,
Grade 10,Math,"Angles formed by tangents and secants intersecting inside, on, and outside the circle",,,,
Grade 10,Math,"Theorems on tangents, secants, and segments: Two-secant power theorem",,,,
Grade 10,Math,"Theorems on tangents, secants, and segments: Secant-tangent power theorem ($t^2 = a \cdot b$)",,,,
Grade 10,Math,Theorems on intersecting chords (Chord-chord power theorem: $a \cdot b = c \cdot d$),,,,
Grade 10,Math,Geometric proofs involving circle theorems and angle-arc relationships,,,,
Grade 10,Math,Distance formula between two points on the coordinate plane ($d = \sqrt{(x_2 - x_1)^2 + (y_2 - y_1)^2}$),,,,
Grade 10,Math,"Midpoint formula for line segments ($(x_m, y_m) = (\frac{x_1 + x_2}{2}, \frac{y_1 + y_2}{2})$)",,,,
Grade 10,Math,"Coordinate proofs: Proving geometric theorems about triangles, quadrilaterals, and circles using coordinate geometry",,,,
Grade 10,Math,Standard form of the equation of a circle centered at the origin: $x^2 + y^2 = r^2$,,,,
Grade 10,Math,"Standard form of the equation of a circle with center at $(h, k)$: $(x - h)^2 + (y - k)^2 = r^2$",,,,
Grade 10,Math,General form of the equation of a circle: $x^2 + y^2 + Dx + Ey + F = 0$,,,,
Grade 10,Math,"Transforming the equation of a circle from general form to standard form by completing the square, and vice versa",,,,
Grade 10,Math,Graphing circles on the coordinate plane,,,,
Grade 10,Math,Solving word problems involving equations of circles and geometric locus,,,,
Grade 10,Math,Permutations: The Fundamental Counting Principle and factorial notation ($n!$),,,,
Grade 10,Math,"Linear permutations of $n$ distinct objects taken $r$ at a time ($P(n, r) = \frac{n!}{(n - r)!}$)",,,,
Grade 10,Math,Permutations of $n$ objects with identical/repeated elements (distinguishable permutations: $P = \frac{n!}{p!q!r!\dots}$),,,,
Grade 10,Math,Circular permutations of $n$ objects ($(n - 1)!$),,,,
Grade 10,Math,Combinations: Definition and distinction from permutations (order matters vs. order does not matter),,,,
Grade 10,Math,"Combinations of $n$ distinct objects taken $r$ at a time ($C(n, r) = \frac{n!}{r!(n - r)!}$)",,,,
Grade 10,Math,Solving multi-step real-world problems involving permutations and combinations,,,,
Grade 10,Math,Probability of compound events: Union and intersection of events ($P(A \cup B)$ and $P(A \cap B)$),,,,
Grade 10,Math,Mutually exclusive vs. non-mutually exclusive events ($P(A \cup B) = P(A) + P(B) - P(A \cap B)$),,,,
Grade 10,Math,Independent and dependent events: Conditional probability ($P(A\vert{}B) = \frac{P(A \cap B)}{P(B)}$),,,,
Grade 10,Math,Solving complex real-life problems involving probability of compound events,,,,
Grade 10,Math,"Measures of position for ungrouped data: Quartiles ($Q_1, Q_2, Q_3$), Deciles ($D_1 \dots D_9$), and Percentiles ($P_1 \dots P_{99}$)",,,,
Grade 10,Math,Formulas and calculation methods for finding quantiles in ungrouped data (Mendenhall and Reinmuth method / Linear interpolation),,,,
Grade 10,Math,"Measures of position for grouped data: Calculating quartiles, deciles, and percentiles using cumulative frequency distributions",,,,
Grade 10,Math,Percentile ranks: Calculating and interpreting percentile rank of a score in grouped and ungrouped data,,,,
Grade 10,Math,Interquartile Range (IQR) and identifying statistical outliers ($Q_1 - 1.5 \times \text{IQR}$ and $Q_3 + 1.5 \times \text{IQR}$),,,,
Grade 10,Math,"Constructing and interpreting Box-and-Whisker plots (five-number summary: minimum, $Q_1$, median, $Q_3$, maximum)",,,,
Grade 10,Math,Solving real-world research problems and drawing critical interpretations from measures of position,,,,
Grade 10,English,"Greek and Roman Mythology: Creation myths, the Olympian pantheon, hero archetypes, and legendary quests (e.g., Daedalus and Icarus, Orpheus and Eurydice, Perseus and Medusa)",,,,
Grade 10,English,"Norse Mythology and Germanic Folklore: Yggdrasil, Ragnarok, Norse gods (Odin, Thor, Loki), and the fatalistic heroic code",,,,
Grade 10,English,"World Epics and Masterpieces: The Iliad and The Odyssey by Homer, The Aeneid by Virgil, and Dante Alighieri’s The Divine Comedy (Inferno)",,,,
Grade 10,English,"Continental European Literature: Victor Hugo (Les Misérables), Guy de Maupassant (The Necklace), and Leo Tolstoy (God Sees the Truth, But Waits)",,,,
Grade 10,English,"Modernist and Existential World Literature: Franz Kafka (The Metamorphosis), Albert Camus, and Kahlil Gibran (The Prophet)",,,,
Grade 10,English,"Latin American and African World Masterpieces: Gabriel García Márquez, Pablo Neruda, and contemporary global voices addressing human dignity and social justice",,,,
Grade 10,English,"Advanced contextual analysis: Structural clues, morphology (etymology, affixes, roots), and syntactic position to deduce archaic and complex academic vocabulary",,,,
Grade 10,English,"Denotation, Connotation, and Nuance: Analyzing semantic shifts, euphemisms, loaded words, and political doublespeak",,,,
Grade 10,English,"Domain-specific, technical, and academic vocabulary in world literature and research discourse",,,,
Grade 10,English,Comprehensive review of grammatical structures and syntactic functions in complex discourse,,,,
Grade 10,English,"Advanced Subject-Verb Agreement: Inverted syntax, subjunctive structures, expressions of portion, compound antecedents, and parenthetical interruptions",,,,
Grade 10,English,"Verbals in rhetoric: Gerunds, participles, and infinitives used to improve stylistic variety and conciseness",,,,
Grade 10,English,"Active voice vs. Passive voice: Rhetorical impact, deliberate omission of agency, and appropriate usage across academic and literary writing",,,,
Grade 10,English,"Direct and indirect / reported speech: Syntactic transformations in reporting dialogues, interviews, and literary quotations",,,,
Grade 10,English,"Conditionals and Subjunctive Mood: Zero, first, second, third, and mixed conditionals; subjunctive constructions expressing wishes, hypothetical situations, and formal demands",,,,
Grade 10,English,"Modal verbs and semi-modals: Nuanced expression of certainty, probability, necessity, obligation, permission, and prohibition in persuasive discourse",,,,
Grade 10,English,"Conjunctive adverbs, transitional phrases, and cohesive devices for complex multi-paragraph argumentation",,,,
Grade 10,English,"Parallelism: Balancing coordinate clauses, series, correlative structures, and antithetical rhetorical statements",,,,
Grade 10,English,"Sentence manipulation: Subordination, coordination, appositive integration, and reduction of dependent clauses to phrases",,,,
Grade 10,English,"Punctuation for advanced syntax: Semicolons, colons, em-dashes, ellipses, parenthetical brackets, and integrated quotation mechanics",,,,
Grade 10,English,"Close reading strategies: Analytical reading, evaluative reading, comparative synthesis, and deconstructive reading",,,,
Grade 10,English,"Analyzing narrative structures: Nonlinear timelines, dual narratives, framing devices, and stream of consciousness",,,,
Grade 10,English,"Character analysis: Archetypes, dynamic transformations, tragic flaws (hamartia), psychological motivations, and internal moral dilemmas",,,,
Grade 10,English,"Setting as a literary catalyst: Microcosm, historical backdrop, and atmospheric projection of theme",,,,
Grade 10,English,Thematic synthesis: Formulating overarching universal themes across diverse world cultures and historical periods,,,,
Grade 10,English,"Point of view and focalization: Unreliable narrators, multiple perspectives, and shifting narrative distance",,,,
Grade 10,English,"Figurative devices and rhetorical figures: Advanced metaphor, allegory, motif, conceit, metonymy, synecdoche, apostrophe, paradox, oxymoron, and irony (verbal, situational, dramatic)",,,,
Grade 10,English,"Structural elements of world poetry: Classical forms (epic meter, sonnets, odes, elegies), free verse, prosody, and structural symbolism",,,,
Grade 10,English,"Dramatic analysis: Classical Greek tragedy structure (prologue, parodos, episodia, stasima, exodos, catharsis), modern drama, and dramatic monologues",,,,
Grade 10,English,"Evaluating textual evidence: Distinguishing between facts, opinions, substantiated assertions, generalizations, and assumptions",,,,
Grade 10,English,"Author's craft, purpose, and perspective: Tone, mood, voice, aesthetic intent, and ideological perspective",,,,
Grade 10,English,"Identifying and deconstructing bias, prejudice, propaganda devices, and hidden agendas in mass media and literary texts",,,,
Grade 10,English,"Identifying logical fallacies: Slippery slope, ad hominem, straw man, red herring, begging the question, false dichotomy, post hoc ergo propter hoc, and appeal to authority",,,,
Grade 10,English,"Informational and expository text structures: Cause and effect, problem-solution, comparison-contrast, process analysis, and chronological-developmental models",,,,
Grade 10,English,"Non-linear texts and multimodality: Interpreting data visualizations, infometrics, conceptual frameworks, and interactive digital interfaces",,,,
Grade 10,English,"Critical reading approaches / Literary lenses: Formalist / Structuralist criticism (intrinsic elements, mechanics, and text unity)",,,,
Grade 10,English,Critical reading approaches: Historical-Biographical criticism (context of the era and author's life),,,,
Grade 10,English,"Critical reading approaches: Moralist / Humanist criticism (ethical values, human condition, and character virtues)",,,,
Grade 10,English,"Critical reading approaches: Marxist criticism (social class struggles, economic power structures, and systemic inequality)",,,,
Grade 10,English,"Critical reading approaches: Feminist / Gender criticism (gender roles, patriarchal norms, and representation of women)",,,,
Grade 10,English,"Critical reading approaches: Reader-Response criticism (individual interpretation, cognitive response, and text interaction)",,,,
Grade 10,English,"Oral communication: Advanced suprasegmental features (juncture, intonation, pitch variation, stress, rhythmic cadence) in expressive delivery",,,,
Grade 10,English,"Public speaking modes: Impromptu speaking, extemporaneous speaking, memorized oration, and manuscript delivery",,,,
Grade 10,English,"Delivering specialized speeches: Persuasive speeches, argumentative speeches, speeches of tribute, and advocacy addresses",,,,
Grade 10,English,"Rhetorical appeals in oral communication: Ethos (ethical credibility), Pathos (emotional resonance), and Logos (logical validity)",,,,
Grade 10,English,"Critical listening: Evaluating argument validity, detecting speaker bias, identifying fallacies, and synthesizing spoken discourse",,,,
Grade 10,English,"Collaborative oral discourse: Parliamentary and Oxford-Oregon debate formats, panel symposiums, and Socratic seminars",,,,
Grade 10,English,"The formal research writing process: Topic selection, formulation of research questions, and working thesis construction",,,,
Grade 10,English,"Review of Related Literature (RRL): Locating, synthesizing, and integrating peer-reviewed print and digital academic sources",,,,
Grade 10,English,"Evaluating credibility of sources: Applying the CRAAP test, verifying methodology, and vetting peer-reviewed literature",,,,
Grade 10,English,Academic integrity and citation styles: In-text citation protocols and reference list compilation using APA and MLA standards,,,,
Grade 10,English,"Avoiding plagiarism: Advanced techniques in paraphrasing, summarizing, synthesizing, and direct quoting with attribution",,,,
Grade 10,English,"Writing argumentative and persuasive essays: Constructing evidence-based claims, supporting warrants, addressing counterarguments, and delivering rebuttals",,,,
Grade 10,English,Writing critical analysis and evaluative essays using specific literary theories,,,,
Grade 10,English,"Writing expository and informative papers: Problem-solution papers, technical process papers, and analytical reports",,,,
Grade 10,English,Constructing two-level and three-level topic and sentence outlines,,,,
Grade 10,English,"Revision and proofreading protocols: Editing for cohesion, coherence, syntactic elegance, conciseness, and standard academic conventions",,,,
Grade 10,Filipino,"Mitolohiya mula sa Rome, Italy (hal. Cupid at Psyche)",,,,
Grade 10,Filipino,"Mga Katangian, Elemento, at Tauhan ng Mitolohiyang Griyego at Romano",,,,
Grade 10,Filipino,"Wastong Gamit ng Pandiwa bilang Aksiyon, Karanasan, at Pangyayari",,,,
Grade 10,Filipino,Sanaysay mula sa Greece (hal. Ang Alegorya ng Yungib ni Plato),,,,
Grade 10,Filipino,"Angkop na mga Pahayag sa Pagbibigay ng Sariling Pananaw, Opinyon, at Paninindigan",,,,
Grade 10,Filipino,Nobela mula sa France (hal. Ang Kuba ng Notre Dame ni Victor Hugo),,,,
Grade 10,Filipino,Mga Pahayag na Ginagamit sa Pagsunod-sunod ng mga Pangyayari at Paglalarawan,,,,
Grade 10,Filipino,Maikling Kuwento mula sa France (hal. Ang Kuwintas ni Guy de Maupassant),,,,
Grade 10,Filipino,Mga Salitang Nagpapahayag ng Paghahambing at Iba't Ibang Antas Nito,,,,
Grade 10,Filipino,Tula mula sa England / Italy (hal. Ang Aking Pag-ibig / Sonnet 43 ni Elizabeth Barrett Browning),,,,
Grade 10,Filipino,"Mga Elemento ng Tula: Sukat, Tugma, Talinghaga, Kariktan, Persona, at Uri ng Tula (Soneto, Oda, Elehiya)",,,,
Grade 10,Filipino,"Mga Matatalinghagang Pananalita, Simbolismo, at Paggamit ng Tayutay sa Tula",,,,
Grade 10,Filipino,Epiko mula sa Mesopotamia / Iraq (hal. Ang Epiko ni Gilgamesh),,,,
Grade 10,Filipino,"Mga Pananda sa Mabisang Paglalahad ng mga Pahayag (Pang-ugnay, Pandiskurso, at Retorikal na Pag-ugnay)",,,,
Grade 10,Filipino,Mitolohiya mula sa Iceland / Nordic (hal. Sina Thor at Loki sa Lupain ng mga Higante),,,,
Grade 10,Filipino,Wastong Paggamit ng Pokus ng Pandiwa: Pokus sa Tagaganap at Pokus sa Layon,,,,
Grade 10,Filipino,Dula mula sa England (hal. Romeo at Juliet ni William Shakespeare),,,,
Grade 10,Filipino,"Elemento at Yugto ng Dula: Iskrip, Tagpuan, Tauhan, Tunggalian, Kasukdulan, at Resolusyon",,,,
Grade 10,Filipino,Wastong Paggamit ng Pokus ng Pandiwa: Pokus sa Pinaglalaanan (Benepaktib) at Pokus sa Kagamitan (Instrumental),,,,
Grade 10,Filipino,Maikling Kuwento mula sa United States (hal. Aginaldo ng mga Mago ni O. Henry),,,,
Grade 10,Filipino,Wastong Paggamit ng Pokus ng Pandiwa: Pokus sa Sanhi (Kosatib) at Pokus sa Direksiyon (Direksyunal),,,,
Grade 10,Filipino,Nobela mula sa United States / Cuba (hal. Ang Matanda at ang Dagat ni Ernest Hemingway),,,,
Grade 10,Filipino,Mga Pahayag na Ginagamit sa Pagsusuri ng Akdang Pampanitikan batay sa Iba't Ibang Teorya,,,,
Grade 10,Filipino,"Teoryang Pampanitikan: Humanismo, Realismo, Romantisistmo, Eksistensiyalismo, at Klasisismo",,,,
Grade 10,Filipino,Sanaysay mula sa South America / Brazil (hal. Talumpati ni Dilma Rousseff sa Kanyang Inagurasyon),,,,
Grade 10,Filipino,Paggamit ng Angkop na mga Pahayag sa Pagsang-ayon at Pagsalungat sa Pagpapahayag ng Opinyon,,,,
Grade 10,Filipino,Mitolohiya mula sa Africa / Nigeria (hal. Mashise at Minabuti / Liongo),,,,
Grade 10,Filipino,Wastong Paggamit ng mga Pamantayan sa Pagsasaling-wika (Katangian ng Mahusay na Salin at Hakbang sa Pagsasalin),,,,
Grade 10,Filipino,Anekdota mula sa Persia / Iran (hal. Mullah Nassreddin),,,,
Grade 10,Filipino,Paggamit ng mga Diskursong Nagsasalaysay sa Pagbuo ng Anekdota,,,,
Grade 10,Filipino,Sanaysay / Talumpati mula sa South Africa (hal. Nelson Mandela: Bayani ng Africa),,,,
Grade 10,Filipino,Mga Angkop na Salita at Pahayag sa Pagbuo ng Talumpati at Mapanuring Sanaysay,,,,
Grade 10,Filipino,Tula mula sa Uganda / Kenya (hal. He Ghor! / Ang Tinig ng Ligaw na Gansa),,,,
Grade 10,Filipino,Pagsusuri sa mga Elemento at Estilo ng Tula mula sa Africa at Kanlurang Asya,,,,
Grade 10,Filipino,"Epiko mula sa Mali, West Africa (hal. Sundiata: Ang Epiko ng Sinaunang Mali)",,,,
Grade 10,Filipino,Paggamit ng mga Retorikal na Pang-ugnay sa Paglalarawan at Pagsasalaysay ng Epiko,,,,
Grade 10,Filipino,Maikling Kuwento mula sa East Africa (hal. Ang Alaga ni Barbara Kimenye),,,,
Grade 10,Filipino,Paggamit ng mga Pahayag sa Paghihinuha ng mga Pangyayari at Damdamin,,,,
Grade 10,Filipino,"Kaligirang Pangkasaysayan ng Obra Maestrang ""El Filibusterismo"" ni Dr. Jose Rizal",,,,
Grade 10,Filipino,Kondisyon ng Lipunang Pilipino noong Isinulat ang Nobela (Paghahambing sa Noli Me Tangere at El Filibusterismo),,,,
Grade 10,Filipino,"Mga Mahahalagang Tauhan sa El Filibusterismo: Simoun, Basilio, Isagani, Paulita Gomez, Kabesang Tales, Juli, Tandang Selo, Padre Florentino, Padre Camorra, Padre Salvi, Don Custodio, Makaraig, Placido Penitente, Senyor Pasta",,,,
Grade 10,Filipino,Pagsusuri sa mga Piling Kabanata: Sa Kubyerta at Sa Ilalim ng Kubyerta (Bapor Tabo),,,,
Grade 10,Filipino,"Pagsusuri sa mga Piling Kabanata: Si Simoun, ang Kanyang Lihim na Pagkatao, at ang Balak na Paghihiganti",,,,
Grade 10,Filipino,Pagsusuri sa mga Piling Kabanata: Ang Kasawian at Pakikibaka ni Kabesang Tales (Telesforo Juan de Dios),,,,
Grade 10,Filipino,Pagsusuri sa mga Piling Kabanata: Si Basilio sa Gubat ng mga Ibarra at ang Pagtatagpo nila ni Simoun,,,,
Grade 10,Filipino,"Pagsusuri sa mga Piling Kabanata: Si Juli, ang Pagsasakripisyo, at ang Kanyang Kalunos-lunos na Wakas",,,,
Grade 10,Filipino,Pagsusuri sa mga Piling Kabanata: Ang Akademya ng Wikang Kastila at ang Kilusan ng mga Kabataan / Estudyante,,,,
Grade 10,Filipino,Pagsusuri sa mga Piling Kabanata: Ang Klase sa Pisika at ang Sistemang Pang-edukasyon sa Ilalim ng mga Prayle,,,,
Grade 10,Filipino,Pagsusuri sa mga Piling Kabanata: Ang Kapighatian ni Placido Penitente at ang Pakikipagkita kay Simoun,,,,
Grade 10,Filipino,"Pagsusuri sa mga Piling Kabanata: Ang Piging, ang Paskil sa Unibersidad, at ang Pagdakip sa mga Mag-aaral",,,,
Grade 10,Filipino,Pagsusuri sa mga Piling Kabanata: Ang Kasal nina Paulita Gomez at Juanito Pelaez,,,,
Grade 10,Filipino,"Pagsusuri sa mga Piling Kabanata: Ang Lampara ni Simoun, ang Pagsabog na Naudlot, at ang Pagkakalantad ng Lihim",,,,
Grade 10,Filipino,"Pagsusuri sa mga Piling Kabanata: Ang Pagtakas ni Simoun, ang Kumpisal kay Padre Florentino, at ang Kanyang Kamatayan",,,,
Grade 10,Filipino,Pagsusuri sa mga Piling Kabanata: Ang Habilin ni Padre Florentino at ang Pagtatapon ng Kayamanan ni Simoun sa Dagat,,,,
Grade 10,Filipino,"Pagsusuri sa mga Kaisipan, Isyung Panlipunan, Katiwalian, at Simbolismo sa El Filibusterismo",,,,
Grade 10,Filipino,"Pagsulat ng Suring-Basa / Rebyu ng Nobela, Dula, at Pelikula",,,,
Grade 10,Filipino,Pagsulat ng Mapanuring Sanaysay at Pormal na Talumpati,,,,
Grade 10,Filipino,"Pagsulat ng Iskrip para sa Dulang Pantanghalan, Monologo, at Readers' Theater",,,,
Grade 10,Filipino,Pananaliksik: Pagsasagawa ng Pananaliksik ukol sa mga Napapanahong Isyung Panlipunan at Pagbuo ng Adbokasiya,,,,
Grade 10,Social Studies,"Konsepto ng Kontemporaryong Isyu: Kahulugan, Katangian, at Kahalagahan ng Pag-aaral Nito",,,,
Grade 10,Social Studies,"Kasanayang Kailangan sa Pag-aaral ng Kontemporaryong Isyu: Pagtukoy sa Katotohanan at Opinyon, Pagtukoy sa Pagkiling (Bias), Pagbuo ng Paghihinuha, Paglalahat, at Konklusyon",,,,
Grade 10,Social Studies,"Mga Suliraning Pangkapaligiran sa Sariling Pamayanan at Bansa: Suliranin sa Solid Waste (Waste Segregation, Ecological Solid Waste Management Act / RA 9003)",,,,
Grade 10,Social Studies,"Pagkasira ng Likas na Yaman: Deforestation, Illegal Logging, Mining, Quarrying, at Pagkaubos ng Yamang Dagat",,,,
Grade 10,Social Studies,"Climate Change: Mga Sanhi (Greenhouse Gases, Global Warming) at Epekto sa Agrikultura, Kalusugan, Ekonomiya, at Lipunan",,,,
Grade 10,Social Studies,"Mga Tugon, Polisiya, at Programa sa Pagharap sa Climate Change sa Pilipinas at Pandaigdigang Kasunduan (Paris Agreement, Climate Change Act / RA 9729)",,,,
Grade 10,Social Studies,"Mga Hamong Dulot ng mga Kalamidad: Bagyo, Baha, Lindol, Tsunami, Pagputok ng Bulkan, Landslide, at Storm Surge",,,,
Grade 10,Social Studies,"Disaster Risk Reduction and Management (DRRM): Kahalagahan ng Kahandaan, Pag-iwas, at Mitigasyon",,,,
Grade 10,Social Studies,Disaster Management Framework: Top-Down Approach vs. Bottom-Up Approach,,,,
Grade 10,Social Studies,Community-Based Disaster Risk Reduction and Management (CBDRRM) Plan,,,,
Grade 10,Social Studies,"Apat na Yugto ng CBDRRM Plan: Paghadlang at Mitigasyon (Disaster Prevention and Mitigation: Hazard, Vulnerability, and Risk Assessment)",,,,
Grade 10,Social Studies,Apat na Yugto ng CBDRRM Plan: Paghahanda sa Kalamidad (Disaster Preparedness),,,,
Grade 10,Social Studies,"Apat na Yugto ng CBDRRM Plan: Pagtugon sa Kalamidad (Disaster Response: Needs, Damage, and Loss Assessment)",,,,
Grade 10,Social Studies,Apat na Yugto ng CBDRRM Plan: Rehabilitasyon at Pagbawi sa Kalamidad (Disaster Rehabilitation and Recovery),,,,
Grade 10,Social Studies,"Mga Isyung Pang-ekonomiya: Konsepto, Katangian, at Dimensyon ng Globalisasyon (Kultural, Politikal, at Sosyo-ekonomiko)",,,,
Grade 10,Social Studies,"Anyo ng Globalisasyon: Globalisasyong Ekonomiko (Multinational Corporations, Transnational Corporations, Outsourcing: BPO at KPO)",,,,
Grade 10,Social Studies,"Anyo ng Globalisasyon: Globalisasyong Teknolohikal at Sosyo-Kultural (Social Media, Internet, Pop Culture)",,,,
Grade 10,Social Studies,"Anyo ng Globalisasyon: Globalisasyong Politikal (Ugnayang Diplomatiko, Regional Integration)",,,,
Grade 10,Social Studies,Mabuti at Masamang Epekto ng Globalisasyon sa Pamumuhay ng mga Pilipino,,,,
Grade 10,Social Studies,"Mga Hamon sa Paggawa sa Pilipinas: Mababang Pasahod, Kawalan ng Seguridad sa Trabaho (Job Insecurity), Job-Mismatch, at Underemployment",,,,
Grade 10,Social Studies,"Kontraktuwalisasyon at ""Endo"" (Scheme of Subcontracting, Department Order 174)",,,,
Grade 10,Social Studies,Mga Karapatan ng Manggagawa ayon sa International Labour Organization (ILO) at Labor Code of the Philippines,,,,
Grade 10,Social Studies,"Migrasyon: Konsepto, Dahilan (Push and Pull Factors), Uri (Internal vs. International), at Trends ng Migrasyon",,,,
Grade 10,Social Studies,"Epekto ng Migrasyon sa Pamilyang Pilipino, Ekonomiya (Remittances), at Lipunan (Brain Drain, Brawn Drain)",,,,
Grade 10,Social Studies,"Mga Isyung Kaakibat ng Migrasyon: Human Trafficking, Forced Labor, at Pang-aabuso sa mga Overseas Filipino Workers (OFWs)",,,,
Grade 10,Social Studies,Mga Hakbang at Polisiya ng Pamahalaan sa Pangangalaga ng mga Migranteng Manggagawa,,,,
Grade 10,Social Studies,Mga Isyu sa Kasarian at Lipunan: Konsepto ng Sex (Biyolohikal) vs. Gender (Sosyal at Kultural),,,,
Grade 10,Social Studies,"Gender Identity (Pagkakakilanlang Pangkasarian) at Sexual Orientation (Oryentasyong Sekswal: Heterosexual, Homosexual, Bisexual, Transgender, Queer, Intersex, Asexual / LGBTQIA+)",,,,
Grade 10,Social Studies,"Gender Roles sa Pilipinas sa Iba't Ibang Panahon: Panahong Katutubo (Babaylan), Panahong Espanyol, Panahong Amerikano, Panahong Hapon, at Kasalukuyang Panahon",,,,
Grade 10,Social Studies,"Gender Roles sa Iba't Ibang Bahagi ng Daigdig at mga Tradisyunal na Praktis (hal. Foot Binding, Female Genital Mutilation, Breast Ironing)",,,,
Grade 10,Social Studies,"Diskriminasyon at Karahasan sa Iba't Ibang Kasarian (Kababaihan, Kalalakihan, at LGBTQIA+)",,,,
Grade 10,Social Studies,Pandaigdigang Batas at Deklarasyon para sa Pagkakapantay-pantay ng Kasarian: CEDAW (Convention on the Elimination of All Forms of Discrimination Against Women),,,,
Grade 10,Social Studies,Yogyakarta Principles: Mga Prinsipyo sa Pagsasakatuparan ng Karapatang Pantao ng mga LGBTQIA+,,,,
Grade 10,Social Studies,Mga Pambansang Batas para sa Proteksyon ng Kasarian: Anti-Violence Against Women and Their Children Act (RA 9262),,,,
Grade 10,Social Studies,Magna Carta of Women (RA 9710) at Safe Spaces Act / Bawal Bastos Law (RA 11313),,,,
Grade 10,Social Studies,Gampanin ng Pamahalaan at Mamamayan sa Pagtataguyod ng Pagkakapantay-pantay ng Kasarian sa Lipunan,,,,
Grade 10,Social Studies,"Mga Isyu sa Karapatang Pantao: Kasaysayan ng Pag-unlad ng Karapatang Pantao (Cyrus Cylinder, Magna Carta, Petition of Right, Bill of Rights, Universal Declaration of Human Rights / UDHR)",,,,
Grade 10,Social Studies,"Mga Uri ng Karapatang Pantao: Likas (Natural), Ayon sa Batas (Constitutional at Statutory)",,,,
Grade 10,Social Studies,"Mga Anyo ng Paglabag sa Karapatang Pantao sa Sariling Pamayanan, Bansa, at Daigdig (Extrajudicial Killings, Torture, Child Labor, Diskriminasyon)",,,,
Grade 10,Social Studies,"Mga Hakbang sa Pagtataguyod at Pangangalaga sa Karapatang Pantao (Commission on Human Rights / CHR, Human Rights NGOs)",,,,
Grade 10,Social Studies,Konsepto at Katuturan ng Pagkamamamayan (Citizenship): Ligal na Pananaw batay sa Saligang Batas ng 1987 (Artikulo IV),,,,
Grade 10,Social Studies,Prinsipyo ng Pagkamamamayan: Jus Sanguinis (Dugo) vs. Jus Soli (Lugar ng Kapanganakan),,,,
Grade 10,Social Studies,Dual Citizenship (Republic Act 9225) at Pagkawala o Muling Pagkakamit ng Pagkamamamayan,,,,
Grade 10,Social Studies,Lumalawak na Pananaw ng Pagkamamamayan: Ang Aktibong Mamamayan (Civic Engagement at Social Responsibility),,,,
Grade 10,Social Studies,"Politikal na Pakikilahok: Halalan, Karapatan sa Pagboto (Suffrage), at Matalinong Pagpili ng mga Pinuno",,,,
Grade 10,Social Studies,Pakikilahok sa Civil Society: Gampanin ng Non-Governmental Organizations (NGOs) at People's Organizations (POs) sa Pamamahala,,,,
Grade 10,Social Studies,"Participatory Governance: Konsepto, Kahalagahan, at mga Paraan ng Pagpapatupad (Participatory Budgeting at Lokalisasyon)",,,,
Grade 10,Social Studies,"Mabuting Pamamahala (Good Governance): Katangian (Accountability, Transparency, Rule of Law, Responsiveness, Inclusivity)",,,,
Grade 10,Social Studies,"Mga Hamon sa Mabuting Pamamahala: Katiwalian (Corruption), Pagnanakaw sa Kaban ng Bayan (Graft), Politikal na Dinastiya, at Patronage Politics",,,,
Grade 10,Social Studies,"Gampanin ng Kabataan at Mamamayan sa Pagsusulong ng Kaunlaran, Kapayapaan, at Integridad ng Bansa",,,,
Grade 11,Science,"Origin and structure of the universe: Big Bang theory, Steady State model, and cosmic inflation",,,,
Grade 11,Science,Origin and evolution of the Solar System: Nebular hypothesis and protoplanet theories,,,,
Grade 11,Science,"Unique characteristics of Earth that sustain life (temperature, water, atmosphere, energy)",,,,
Grade 11,Science,"Earth's subsystems: Atmosphere, hydrosphere, geosphere, and biosphere (matter and energy flow)",,,,
Grade 11,Science,"Major rock-forming minerals: Physical properties (cleavage, fracture, luster, hardness via Mohs scale, streak, color, specific gravity)",,,,
Grade 11,Science,"Classification of rocks: Igneous (intrusive vs. extrusive, felsic to ultramafic), Sedimentary (clastic, chemical, organic), Metamorphic (foliated vs. non-foliated)",,,,
Grade 11,Science,The rock cycle and geologic transformation pathways,,,,
Grade 11,Science,"Exogenic processes: Weathering (mechanical and chemical), mass wasting, erosion, transportation, and deposition",,,,
Grade 11,Science,"Endogenic processes: Magma generation (decompression melting, flux melting, heat-induced), volcanism, and plutonism",,,,
Grade 11,Science,"Deformation of the Earth's crust: Stress (tensional, compressional, shear) and strain (faulting and folding)",,,,
Grade 11,Science,"Plate tectonics: Continental drift (Alfred Wegener), seafloor spreading (Harry Hess), and plate boundary interactions",,,,
Grade 11,Science,"Stratified rocks and relative dating principles (Superposition, Original Horizontality, Cross-Cutting Relationships, Inclusions, Unconformities)",,,,
Grade 11,Science,"Absolute dating methods: Radiometric dating and radioactive decay of isotopes ($C^{14}, U-Pb$)",,,,
Grade 11,Science,"The Geologic Time Scale: Eons, eras, periods, epochs, and major evolutionary milestones",,,,
Grade 11,Science,"Geologic hazards: Earthquakes, volcanic eruptions, landslides, and mitigation strategies",,,,
Grade 11,Science,"Hydrometeorological hazards: Tropical cyclones, monsoons, floods, storm surges, and El Niño/La Niña",,,,
Grade 11,Science,"Coastal processes and hazards: Coastal erosion, submersion, saltwater intrusion, and coastal engineering",,,,
Grade 11,Science,Historical development of the concept of life and early life-origin hypotheses,,,,
Grade 11,Science,"Classic experiments on the origin of life: Redi, Spallanzani, Pasteur, and Miller-Urey experiment",,,,
Grade 11,Science,"Unifying themes in life science: Structure-function relationships, homeostasis, energy processing, evolution, and biological hierarchy",,,,
Grade 11,Science,"Plant and animal organ systems: Structure, specialized functions, and physiological regulation",,,,
Grade 11,Science,Feedback mechanisms and homeostatic balance in multicellular organisms,,,,
Grade 11,Science,"Reproduction in plants and animals: Sexual and asexual mechanisms, gametogenesis, and fertilization",,,,
Grade 11,Science,"Genetic engineering: Recombinant DNA technology, plasmids, restriction enzymes, cloning, and GMO applications",,,,
Grade 11,Science,"Mechanisms of evolution: Natural selection, mutation, genetic drift (bottleneck and founder effects), gene flow, and non-random mating",,,,
Grade 11,Science,"Evidence of evolution: Homologous, analogous, and vestigial structures, embryology, fossil record, and molecular genetics",,,,
Grade 11,Science,"Ecology: Biotic and abiotic interactions, trophic dynamics, biogeochemical cycling, and human impacts on biodiversity",,,,
Grade 11,Science,"Formation of elements in the Big Bang: Cosmic nucleosynthesis of hydrogen, helium, and trace lithium",,,,
Grade 11,Science,"Stellar nucleosynthesis: Nuclear fusion in stars (proton-proton chain, CNO cycle, triple-alpha process)",,,,
Grade 11,Science,Supernova nucleosynthesis: Neutron capture processes (r-process and s-process) creating heavy elements,,,,
Grade 11,Science,Discovery of transuranic and synthetic elements using particle accelerators,,,,
Grade 11,Science,Atomic structure and electron configurations revisited,,,,
Grade 11,Science,Chemical polarity: Bond polarity (electronegativity differences) and molecular geometry (VSEPR theory),,,,
Grade 11,Science,"Intermolecular forces of attraction (IMFA): London dispersion forces, dipole-dipole interactions, ion-dipole forces, and hydrogen bonding",,,,
Grade 11,Science,"Effects of IMFA on physical properties: Boiling point, melting point, vapor pressure, surface tension, and viscosity",,,,
Grade 11,Science,"Biological macromolecules: Monomers, polymers, structure, and functions of carbohydrates, lipids, proteins, and nucleic acids",,,,
Grade 11,Science,"Collision theory: Molecular orientation, kinetic energy, and activation energy ($E_a$)",,,,
Grade 11,Science,"Factors affecting chemical reaction rates: Catalysts, concentration, surface area, and temperature",,,,
Grade 11,Science,Chemical equilibrium: Reversible reactions and Le Chatelier's Principle,,,,
Grade 11,Science,"Stoichiometric calculations in chemical reactions: Theoretical yield, actual yield, percent yield, and limiting reactants",,,,
Grade 11,Science,"Energy sources: Fossil fuels, biogas, geothermal, hydrothermal, solar, wind, and nuclear fission",,,,
Grade 11,Science,"Everyday chemicals: Active ingredients, modes of action, and hazards of cleaning products, cosmetics, and agricultural chemicals",,,,
Grade 11,Science,"Ancient Greek astronomical models: Geocentric models (Pythagoras, Aristotle, Ptolemy) vs. Heliocentric model (Aristarco, Copernicus)",,,,
Grade 11,Science,"Brahe’s astronomical observations and Kepler’s Laws of Planetary Motion (Law of Ellipses, Equal Areas, Harmonies)",,,,
Grade 11,Science,"Galileo’s astronomical discoveries (phases of Venus, moons of Jupiter, sunspots, lunar craters) and the telescope",,,,
Grade 11,Science,"Galileo's experiments on motion: Inertia, constant acceleration in free fall, and uniform motion",,,,
Grade 11,Science,Newton's Laws of Motion and Universal Gravitation ($F = G\frac{m_1 m_2}{r^2}$),,,,
Grade 11,Science,Nature of light: Wave-particle duality (Huygens vs. Newton; Young’s double-slit experiment vs. photoelectric effect),,,,
Grade 11,Science,"Light phenomena: Reflection, refraction, dispersion, interference, diffraction, and polarization",,,,
Grade 11,Science,Special Relativity: Postulates of special relativity (constancy of the speed of light and equivalence of physical laws),,,,
Grade 11,Science,"Consequences of Special Relativity: Time dilation ($t = \frac{t_0}{\sqrt{1 - v^2/c^2}}$), length contraction, and mass-energy equivalence ($E = mc^2$)",,,,
Grade 11,Science,"General Relativity: Equivalence Principle, curvature of spacetime, gravitational time dilation, and gravitational lensing",,,,
Grade 11,Science,"Cosmological phenomena: Expanding universe, cosmological redshift, cosmic microwave background radiation (CMBR), and dark matter/energy",,,,
Grade 11,Science,"Matter: Properties, physical and chemical changes, extensive and intensive properties, separation techniques",,,,
Grade 11,Science,"Atomic structure, isotopes, and atomic mass calculations",,,,
Grade 11,Science,"Chemical nomenclature: Binary and polyatomic ionic compounds, molecular compounds, oxyacids, and hydrates",,,,
Grade 11,Science,"The Mole: Avogadro's number, molar mass, mass-to-mole-to-particle conversions, and empirical/molecular formula derivations",,,,
Grade 11,Science,"Stoichiometry: Balanced equations, mole ratios, limiting and excess reactants, and percent yield calculations",,,,
Grade 11,Science,"Solution stoichiometry: Molarity ($M$), dilution ($M_1V_1 = M_2V_2$), and gravimetric analysis",,,,
Grade 11,Science,"Gas Laws: Ideal Gas Law ($PV = nRT$), Dalton's Law of Partial Pressures, Graham's Law of Effusion, and Van der Waals equation for real gases",,,,
Grade 11,Science,"Thermochemistry: Heat capacity, calorimetry ($q = mc\Delta T$), enthalpy changes ($\Delta H$), Hess's Law, and standard enthalpies of formation ($\Delta H_f^\circ$)",,,,
Grade 11,Science,"Electronic structure: Bohr model, atomic spectra, quantum numbers, electron configurations, and orbital diagrams",,,,
Grade 11,Science,"Periodic trends: Effective nuclear charge ($Z_{eff}$), atomic/ionic radii, ionization energy, electron affinity, and electronegativity",,,,
Grade 11,Science,"Chemical bonding: Ionic lattices, covalent bonds, octet exceptions, and formal charge calculations",,,,
Grade 11,Science,"Molecular geometry: VSEPR theory, hybridization of atomic orbitals ($sp, sp^2, sp^3, sp^3d, sp^3d^2$), and Molecular Orbital (MO) theory basics",,,,
Grade 11,Science,"Intermolecular forces in liquids and solids: Phase diagrams, unit cells, and crystalline vs. amorphous solids",,,,
Grade 11,Science,Cell theory: Historical development and classical vs. modern postulates,,,,
Grade 11,Science,"Microscopy: Light microscopy, transmission electron microscopy (TEM), and scanning electron microscopy (SEM)",,,,
Grade 11,Science,"Cellular ultrastructure: Nucleus, endomembrane system (ER, Golgi), ribosomes, lysosomes, peroxisomes, mitochondria, chloroplasts, cytoskeleton",,,,
Grade 11,Science,"Cell membrane structure: Fluid mosaic model, phospholipid bilayer, integral/peripheral proteins, and cholesterol function",,,,
Grade 11,Science,"Cell transport mechanisms: Passive transport (diffusion, facilitated diffusion, osmosis, tonicity)",,,,
Grade 11,Science,"Active transport mechanisms: Primary active transport (sodium-potassium pump), secondary active transport, and bulk transport (endocytosis and exocytosis)",,,,
Grade 11,Science,"Enzymology: Enzyme structure, active site, catalytic cycle, activation energy lowering, enzyme kinetics, and allosteric regulation/inhibition",,,,
Grade 11,Science,"Cellular respiration: Glycolysis, pyruvate oxidation, citric acid cycle, electron transport chain, chemiosmosis, and anaerobic fermentation",,,,
Grade 11,Science,"Photosynthesis: Chloroplast ultrastructure, pigments, light reactions (photosystems II & I, cyclic vs. non-cyclic photophosphorylation), and Calvin cycle",,,,
Grade 11,Science,"Cell division and cell cycle regulation: Cyclins, CDKs, checkpoints ($G_1/S, G_2/M, M$), and cancer pathogenesis",,,,
Grade 11,Science,"Mitosis and Meiosis: Comparative chromosome dynamics, crossing over, karyotyping, and chromosomal aberrations",,,,
Grade 11,Science,"Biomolecules: Detailed structures, condensation/hydrolysis reactions, and functional conformations of proteins, carbohydrates, lipids, and nucleic acids",,,,
Grade 11,Science,"Measurement: SI base units, derived units, dimensional analysis, scientific notation, and propagation of uncertainties/errors",,,,
Grade 11,Science,"Vectors: Vector addition and subtraction using graphical and analytical component methods, unit vectors, dot products, and cross products",,,,
Grade 11,Science,"1D Kinematics: Position, displacement, average/instantaneous velocity, constant acceleration, and free-fall motion",,,,
Grade 11,Science,2D Kinematics: Projectile motion equations and relative velocity in two dimensions,,,,
Grade 11,Science,"Newton's Laws of Motion: Free-body diagrams, static and kinetic friction, inclined planes, tension, and coupled systems",,,,
Grade 11,Science,"Work, Energy, and Power: Work done by constant and varying forces, kinetic energy theorem, conservative vs. non-conservative forces",,,,
Grade 11,Science,"Potential energy: Gravitational and elastic potential energy, energy diagrams, and conservation of mechanical energy",,,,
Grade 11,Science,"Center of mass, linear momentum ($p = mv$), impulse ($J = \int F dt$), elastic and inelastic collisions in 1D and 2D",,,,
Grade 11,Science,"Rotational kinematics: Angular position, angular velocity ($\omega$), angular acceleration ($\alpha$), and rotational motion formulas",,,,
Grade 11,Science,"Rotational dynamics: Torque ($\tau = rF\sin\theta$), moment of inertia ($I$), rotational kinetic energy, and angular momentum conservation ($L = I\omega$)",,,,
Grade 11,Science,Static equilibrium: First condition ($\Sigma F = 0$) and second condition ($\Sigma \tau = 0$) of equilibrium,,,,
Grade 11,Science,"Universal gravitation: Newton's Law of Gravitation, gravitational field, Kepler's laws derived from dynamics, and satellite orbits",,,,
Grade 11,Science,"Periodic motion: Simple Harmonic Motion (mass-spring systems and simple/physical pendulums), resonance, and damping",,,,
Grade 11,Science,"Fluid mechanics: Density, pressure, Pascal's principle, Archimedes' principle (buoyancy), continuity equation, and Bernoulli's equation",,,,
Grade 11,Science,"Mechanical waves and sound: Wave speed, standing waves on strings and air columns, Doppler effect, and sound intensity levels ($\text{dB}$)",,,,
Grade 11,Science,"Thermodynamics: Temperature scales, thermal expansion, specific heat, calorimetry, first law of thermodynamics, heat engine cycles (Carnot cycle), and entropy",,,,
Grade 11,Math,Functions as mathematical models of real-life situations,,,,
Grade 11,Math,Evaluating functions at given values of the independent variable,,,,
Grade 11,Math,"Operations on functions: Addition, subtraction, multiplication, division, and composition of functions ($(f \circ g)(x) = f(g(x))$)",,,,
Grade 11,Math,"Piecewise functions: Definition, evaluation, graphing, and modeling step-wise situations",,,,
Grade 11,Math,"Rational functions, rational equations, and rational inequalities: Definitions and distinctions",,,,
Grade 11,Math,Solving rational equations and identifying extraneous solutions,,,,
Grade 11,Math,"Solving rational inequalities using critical values, sign tables, and interval notation",,,,
Grade 11,Math,"Graphing rational functions: Domain, range, $x$-intercepts, $y$-intercept, vertical asymptotes, horizontal asymptotes, and slant/oblique asymptotes",,,,
Grade 11,Math,"Solving real-world problems involving rational functions, equations, and inequalities",,,,
Grade 11,Math,"Inverse functions: One-to-one functions, Horizontal Line Test, finding algebraic inverse functions ($f^{-1}(x)$), and symmetry over the line $y = x$",,,,
Grade 11,Math,Domain and range of inverse functions,,,,
Grade 11,Math,"Exponential functions, exponential equations, and exponential inequalities",,,,
Grade 11,Math,Solving exponential equations using the property of equality of exponential functions ($b^u = b^v \iff u = v$),,,,
Grade 11,Math,Solving exponential inequalities using base-value properties ($b > 1$ vs. $0 < b < 1$),,,,
Grade 11,Math,"Graphing exponential functions: Domain, range, intercepts, and horizontal asymptotes ($y = 0$)",,,,
Grade 11,Math,The natural exponential base ($e$) and continuous exponential growth and decay models ($A = Pe^{rt}$),,,,
Grade 11,Math,"Logarithmic functions, logarithmic equations, and logarithmic inequalities",,,,
Grade 11,Math,Converting between exponential form and logarithmic form ($\log_b x = y \iff b^y = x$),,,,
Grade 11,Math,"Laws and properties of logarithms: Product rule, quotient rule, power rule, change-of-base formula, and identity properties",,,,
Grade 11,Math,Solving logarithmic equations and checking for extraneous roots,,,,
Grade 11,Math,Solving logarithmic inequalities using domain restrictions and base properties,,,,
Grade 11,Math,"Graphing logarithmic functions: Domain, range, intercepts, and vertical asymptotes ($x = 0$)",,,,
Grade 11,Math,"Solving real-life applications involving exponential and logarithmic functions (compound interest, population growth, radioactive decay/half-life, pH scale, Richter scale, decibel levels)",,,,
Grade 11,Math,"Simple interest: Principal, interest rate, term, maturity value ($I_s = Prt$, $F = P(1 + rt)$)",,,,
Grade 11,Math,"Compound interest: Compounding periods (annually, semi-annually, quarterly, monthly), periodic rate, compound amount ($F = P(1 + \frac{r}{m})^{mt}$), and present value ($P = F(1 + \frac{r}{m})^{-mt}$)",,,,
Grade 11,Math,Continuous compounding formula and effective annual rate (EAR) vs. nominal rate,,,,
Grade 11,Math,Simple and General Annuities: Definitions and distinctions (ordinary annuities vs. annuities due),,,,
Grade 11,Math,Future value and present value of simple ordinary annuities,,,,
Grade 11,Math,Future value and present value of general annuities (where payment interval does not match compounding period),,,,
Grade 11,Math,"Deferred annuities: Concept, period of deferral, and calculating present value of deferred annuities",,,,
Grade 11,Math,"Amortization schedules and mortgages: Outstanding balance, amortization payments, and equity",,,,
Grade 11,Math,"Consumer and business loans: Collateral, chattel mortgage, consumer credit, and balloon payments",,,,
Grade 11,Math,"Stocks and Bonds: Definitions, stock markets, dividends, par value, market value, stock yields, bond coupon payments, and current yield",,,,
Grade 11,Math,Business and consumer decision-making using financial indices and market indicators,,,,
Grade 11,Math,"Propositional Logic: Propositions vs. non-propositions, truth values, simple vs. compound propositions",,,,
Grade 11,Math,"Logical operators and truth tables: Negation ($\neg p$), Conjunction ($p \wedge q$), Disjunction ($p \vee q$), Conditional ($p \rightarrow q$), and Biconditional ($p \leftrightarrow q$)",,,,
Grade 11,Math,"Tautologies, contradictions, and contingencies",,,,
Grade 11,Math,"Logical equivalences: De Morgan's Laws, double negation, contrapositive, converse, and inverse equivalence",,,,
Grade 11,Math,"Rules of inference and proving validity of categorical and propositional arguments (Modus Ponens, Modus Tollens, Hypothetical Syllogism, Disjunctive Syllogism)",,,,
Grade 11,Math,Informal and formal logical fallacies in mathematical reasoning,,,,
Grade 11,Math,Conic Sections: Introduction and double right circular cone geometry,,,,
Grade 11,Math,"Circles: Standard equation centered at $(h, k)$ ($(x - h)^2 + (y - k)^2 = r^2$), general equation, and graphing",,,,
Grade 11,Math,"Parabolas: Geometric definition (focus and directrix), standard equations with vertex at $(0, 0)$ and $(h, k)$, axis of symmetry, latus rectum, and focal length",,,,
Grade 11,Math,"Ellipses: Geometric definition (foci and constant sum of distances), standard equations centered at $(0, 0)$ and $(h, k)$, major and minor axes, vertices, co-vertices, and eccentricity",,,,
Grade 11,Math,"Hyperbolas: Geometric definition (foci and constant difference of distances), standard equations centered at $(0, 0)$ and $(h, k)$, transverse and conjugate axes, vertices, asymptotes, and graphing",,,,
Grade 11,Math,"Degenerate cases of conic sections (point, line, intersecting lines, empty set)",,,,
Grade 11,Math,"Systems of nonlinear equations: Solving systems involving linear equations, circles, parabolas, ellipses, and hyperbolas using substitution and elimination",,,,
Grade 11,Math,Series and Mathematical Induction: Sigma / summation notation ($\sum$) and properties of summations,,,,
Grade 11,Math,"Principle of Mathematical Induction: Base step, inductive hypothesis, inductive step, and proving summation formulas and divisibility statements",,,,
Grade 11,Math,"The Binomial Theorem: Pascal's Triangle, combination notation ($\binom{n}{r}$), and expanding $(a + b)^n$",,,,
Grade 11,Math,Finding specific terms in binomial expansions,,,,
Grade 11,Math,"Trigonometric functions: Angles in standard position, positive and negative rotations, coterminal angles, and reference angles",,,,
Grade 11,Math,"Angle measurements: Degrees, radians, and conversions between degrees and radians ($\pi \text{ rad} = 180^\circ$)",,,,
Grade 11,Math,Arc length ($s = r\theta$) and area of a circular sector ($A = \frac{1}{2}r^2\theta$) with $\theta$ in radians,,,,
Grade 11,Math,Unit Circle definition of circular / trigonometric functions for any real angle,,,,
Grade 11,Math,"Trigonometric values of special angles ($0, \frac{\pi}{6}, \frac{\pi}{4}, \frac{\pi}{3}, \frac{\pi}{2}, \pi, \frac{3\pi}{2}, 2\pi$)",,,,
Grade 11,Math,"Graphs of circular functions: Period, amplitude, phase shift, vertical shift, domain, range, and graphing $y = A\sin(Bx - C) + D$ and $y = A\cos(Bx - C) + D$",,,,
Grade 11,Math,"Graphs of tangent, cotangent, secant, and cosecant functions (asymptotes and periods)",,,,
Grade 11,Math,"Fundamental Trigonometric Identities: Reciprocal identities, Quotient identities, and Pythagorean identities ($\sin^2\theta + \cos^2\theta = 1$)",,,,
Grade 11,Math,Even-Odd identities and Co-function identities,,,,
Grade 11,Math,"Sum and Difference identities for sine, cosine, and tangent",,,,
Grade 11,Math,Double-angle and Half-angle trigonometric identities,,,,
Grade 11,Math,Product-to-sum and Sum-to-product trigonometric formulas,,,,
Grade 11,Math,Proving and verifying complex trigonometric identities,,,,
Grade 11,Math,"Inverse trigonometric functions: $\arcsin(x)$, $\arccos(x)$, and $\arctan(x)$ (restricted domains, ranges, and principal values)",,,,
Grade 11,Math,"Solving conditional trigonometric equations over specified intervals $[0, 2\pi)$ and general solutions",,,,
Grade 11,Math,"Solving real-world applications of trigonometry (simple harmonic motion, wave modeling, survey triangulation)",,,,
Grade 11,Math,Random variables: Discrete vs. continuous random variables,,,,
Grade 11,Math,"Discrete probability distributions: Constructing tables, probability histograms, and properties ($\sum P(X) = 1$)",,,,
Grade 11,Math,Mean / Expected value ($E(X) = \mu = \sum x P(x)$) and variance / standard deviation of a discrete random variable,,,,
Grade 11,Math,"The Normal Distribution: Properties of the normal curve (bell shape, symmetry, asymptotic to horizontal axis, empirical rule $68-95-99.7$)",,,,
Grade 11,Math,"Standard normal distribution ($Z$-distribution with $\mu = 0, \sigma = 1$) and using the standard normal probability table",,,,
Grade 11,Math,Calculating $z$-scores ($z = \frac{x - \mu}{\sigma}$) and determining probabilities / percentiles under the normal curve,,,,
Grade 11,Math,"Sampling techniques: Probability sampling (simple random, systematic, stratified, cluster) vs. non-probability sampling",,,,
Grade 11,Math,Sampling distribution of sample means ($\bar{X}$): Central Limit Theorem (CLT) for large samples ($n \ge 30$),,,,
Grade 11,Math,Mean ($\mu_{\bar{X}} = \mu$) and standard error of the mean ($\sigma_{\bar{X}} = \frac{\sigma}{\sqrt{n}}$),,,,
Grade 11,Math,Estimation of parameters: Point estimation vs. interval estimation,,,,
Grade 11,Math,Confidence intervals for the population mean ($\mu$) when population variance ($\sigma^2$) is known using the $z$-distribution,,,,
Grade 11,Math,"Student's $t$-distribution: Properties, degrees of freedom ($df = n - 1$), and confidence intervals for $\mu$ when $\sigma$ is unknown",,,,
Grade 11,Math,Confidence intervals for population proportions ($p$) using sample proportions ($\hat{p}$),,,,
Grade 11,Math,Determining appropriate sample size ($n$) for estimating population mean and population proportion within a given margin of error,,,,
Grade 11,Math,"Hypothesis testing: Null hypothesis ($H_0$) vs. Alternative hypothesis ($H_a$), directional / one-tailed tests vs. non-directional / two-tailed tests",,,,
Grade 11,Math,"Level of significance ($\alpha$), Type I error ($\alpha$), and Type II error ($\beta$)",,,,
Grade 11,Math,"Critical values, rejection regions, and the $p$-value approach",,,,
Grade 11,Math,$Z$-test for a single population mean,,,,
Grade 11,Math,$t$-test for a single population mean,,,,
Grade 11,Math,$Z$-test for a single population proportion,,,,
Grade 11,Math,Hypothesis testing on bivariate data: Bivariate data sets and constructing scatter plots,,,,
Grade 11,Math,"Pearson product-moment correlation coefficient ($r$): Formula, interpretation of strength and direction of linear association",,,,
Grade 11,Math,Hypothesis testing for the population correlation coefficient ($\rho$),,,,
Grade 11,Math,Simple linear regression analysis: Finding the line of best fit / regression equation ($\hat{y} = a + bx$) using the method of least squares,,,,
Grade 11,Math,Interpreting the slope and $y$-intercept of the regression line and predicting values of the dependent variable,,,,
Grade 11,Math,Coefficient of determination ($r^2$) and assessing model adequacy,,,,
Grade 11,English,"Nature and elements of communication: Sender, receiver, message, channel, feedback, context, noise, and barrier",,,,
Grade 11,English,"Process of oral communication and Shannon-Weaver, Berlo (SMCR), and Schramm communication models",,,,
Grade 11,English,"Functions of communication: Regulation/Control, Social Interaction, Motivation, Information Dissemination, and Emotional Expression",,,,
Grade 11,English,"Non-verbal communication: Kinesics (body language/gestures), Proxemics (spatial distance), Haptics (touch), Paralanguage (vocalics), Chronemics (time), and Artifacts",,,,
Grade 11,English,"Verbal communication: Clarity, brevity, conciseness, ethics, and appropriateness",,,,
Grade 11,English,Barriers to effective communication and strategies to overcome communication breakdown,,,,
Grade 11,English,"Intercultural communication: Cultural sensitivity, high-context vs. low-context cultures, and gender/generational communication dynamics",,,,
Grade 11,English,Models of communication competence and ethnocentrism vs. cultural relativism,,,,
Grade 11,English,"Types of speech context: Intrapersonal, Interpersonal (Dyadic and Small Group), Public communication, and Mass communication",,,,
Grade 11,English,"Types of speech styles: Intimate, Casual, Consultative, Formal, and Frozen (Martin Joos classification)",,,,
Grade 11,English,"Speech act theory (J.L. Austin and John Searle): Locutionary acts, Illocutionary acts, and Perlocutionary acts",,,,
Grade 11,English,"Categories of illocutionary acts: Assertives, Directives, Commissives, Expressives, and Declarations",,,,
Grade 11,English,"Communicative strategies in conversation: Nomination, Restriction, Turn-taking, Topic control, Topic shifting, Repair, and Termination",,,,
Grade 11,English,"Principles of speech writing: Audience analysis, purpose identification, topic narrowing, data gathering, outlining, and drafting",,,,
Grade 11,English,"Speech organizational patterns: Chronological, Spatial, Topical/Categorical, Cause-and-Effect, Problem-Solution, and Monroe’s Motivated Sequence",,,,
Grade 11,English,"Principles of speech delivery: Articulation, Modulation, Stage presence, Facial expressions, Gestures, and Audience rapport",,,,
Grade 11,English,"Types of speeches according to purpose: Expository / Informative, Persuasive, Argumentative, and Entertainment",,,,
Grade 11,English,"Types of speeches according to delivery: Impromptu, Extemporaneous, Manuscript, and Memorized speaking",,,,
Grade 11,English,"Techniques in critical reading: Skimming, scanning, intensive reading, extensive reading, and SQ3R strategy",,,,
Grade 11,English,"Reading as a cognitive process: Schema activation, decoding, comprehension monitoring, and metacognition",,,,
Grade 11,English,"Patterns of paragraph development: Narration (chronological sequence, narrative voice, pacing)",,,,
Grade 11,English,"Patterns of paragraph development: Description (sensory details, objective vs. subjective description)",,,,
Grade 11,English,"Patterns of paragraph development: Definition (formal, informal, extended definition by synonym, etymology, and negation)",,,,
Grade 11,English,"Patterns of paragraph development: Exemplification and Classification (categories, criteria, illustrative examples)",,,,
Grade 11,English,Patterns of paragraph development: Comparison and Contrast (point-by-point method and block/subject-by-subject method),,,,
Grade 11,English,"Patterns of paragraph development: Cause and Effect (direct causes, contributory causes, causal chains)",,,,
Grade 11,English,"Patterns of paragraph development: Problem-Solution (problem identification, proposed mechanisms, feasibility analysis)",,,,
Grade 11,English,"Patterns of paragraph development: Persuasion and Argumentation (claims, counter-arguments, refutation)",,,,
Grade 11,English,"Properties of a well-written text: Organization (structural framework, progression of ideas)",,,,
Grade 11,English,"Properties of a well-written text: Coherence and Cohesion (lexical cohesion, reference, substitution, conjunction, transitional markers)",,,,
Grade 11,English,"Properties of a well-written text: Language use (register, level of formality, concise diction, avoidance of redundancy/slang/jargon)",,,,
Grade 11,English,"Properties of a well-written text: Mechanics (capitalization, punctuation rules, spelling, hyphenation, abbreviation)",,,,
Grade 11,English,Explicit vs. implicit claims in written texts,,,,
Grade 11,English,Types of claims: Claims of Fact (verifiable assertions regarding existence or causality),,,,
Grade 11,English,"Types of claims: Claims of Value (evaluative judgments based on moral, aesthetic, or philosophical criteria)",,,,
Grade 11,English,Types of claims: Claims of Policy (action-oriented assertions proposing specific institutional or behavioral changes),,,,
Grade 11,English,Context of text development: Hypertextuality and navigation across non-linear digital nodes,,,,
Grade 11,English,Context of text development: Intertextuality and relational meaning across multiple literary/academic works,,,,
Grade 11,English,"Critical evaluation of reasoning: Identifying sound vs. fallacious reasoning (Ad hominem, Straw man, False dichotomy, Slippery slope, Hasty generalization, Post hoc ergo propter hoc, Bandwagon)",,,,
Grade 11,English,"Formulating evaluative statements: Formulating balanced assertions regarding content, structure, and evidence",,,,
Grade 11,English,Formulating evaluative statements: Crafting counterclaims with appropriate warrants and supporting data,,,,
Grade 11,English,"Reading and writing in professional contexts: Resume writing (chronological, functional, combination/hybrid formats)",,,,
Grade 11,English,"Writing professional correspondence: Application letter / Cover letter (introduction, qualifications match, closing call to action)",,,,
Grade 11,English,"Writing business letters: Inquiry letter, Order letter, Complaint letter, Resignation letter, and Adjustment letter",,,,
Grade 11,English,Writing official memoranda and business email communications with appropriate digital etiquette,,,,
Grade 11,English,Writing college admission essays and personal statements,,,,
Grade 11,English,"Nature, purpose, and language of Academic Writing: Objectivity, complexity, formality, precision, and hedging",,,,
Grade 11,English,"Text structure of academic texts across disciplines (IMRaD format: Introduction, Methods, Results, and Discussion)",,,,
Grade 11,English,Locating the main idea and topic sentence in paragraphs and academic chapters,,,,
Grade 11,English,"Summarizing, abstracting, and paraphrasing academic texts without altering original intent",,,,
Grade 11,English,Synthesizing multiple academic sources and literature integration,,,,
Grade 11,English,"Thesis statement formulation: Topic, controlling idea, and roadmap of arguments",,,,
Grade 11,English,Academic outlining: Alphanumeric and decimal outlining systems (Sentence outline vs. Topic outline),,,,
Grade 11,English,"Critical approaches in reviewing academic texts: Formalist / Structuralist criticism (form, poetic elements, internal coherence)",,,,
Grade 11,English,"Critical approaches: Feminist / Gender criticism (patriarchal structures, representation, gender power dynamics)",,,,
Grade 11,English,"Critical approaches: Marxist criticism (socioeconomic class struggle, distribution of capital and power)",,,,
Grade 11,English,"Critical approaches: Reader-response criticism (reader interaction, subjective meaning-making)",,,,
Grade 11,English,Critical approaches: Historical-Biographical criticism (historical context and author background),,,,
Grade 11,English,"Writing an Academic Book Review / Article Critique: Summary, analytical critique, evaluation of evidence, and recommendation",,,,
Grade 11,English,"Concept Paper: Definition, purpose, and structural models for a project vs. for an academic study",,,,
Grade 11,English,"Writing a Concept Paper: Project description, methodology, budgetary breakdown, and target timeline",,,,
Grade 11,English,"Position Paper: Nature, purpose, and rhetorical strategies in taking an evidence-based stand",,,,
Grade 11,English,"Writing a Position Paper: Defining the issue, framing claims, providing statistical/empirical evidence, anticipating counterclaims, and concluding with a call to action",,,,
Grade 11,English,"Research instruments: Formulating survey questionnaires (Likert scale, open-ended, closed-ended items)",,,,
Grade 11,English,"Administering surveys, structured interviews, and systematic observation protocols",,,,
Grade 11,English,Synthesizing survey data and interpreting descriptive statistical tables and charts,,,,
Grade 11,English,Writing a Survey Report / Field Report / Scientific Laboratory Report,,,,
Grade 11,English,Academic integrity and citation protocols: In-text citations and reference list entries using APA 7th edition and MLA 9th edition,,,,
Grade 11,English,"Techniques to prevent intentional, mosaic, and accidental plagiarism",,,,
Grade 11,English,"21st Century Philippine Literature: Pre-colonial, Spanish, American, Japanese, and Martial Law literary periods",,,,
Grade 11,English,"Canonical Filipino authors and National Artists for Literature (e.g., Nick Joaquin, F. Sionil Jose, Amado V. Hernandez, Edith Tiempo, Bienvenido Lumbera)",,,,
Grade 11,English,"Philippine regional literature: Major literary works and oral traditions from Luzon, Visayas, and Mindanao",,,,
Grade 11,English,"Emerging 21st-century literary genres: Graphic novels, Manga, Speculative fiction, Flash fiction / Dagli, Spoken word poetry, Text tula, Hyperpoetry, Blog fiction, Chick lit, Illustrated novels, and Digi-fiction",,,,
Grade 11,English,"Literary adaptation: Transforming classic and modern literary works into multimedia presentations (book trailers, digital comic strips, short film adaptations)",,,,
Grade 11,English,"21st Century World Literature: Major contemporary authors and themes across Asia, Anglo-America, Europe, Latin America, and Africa",,,,
Grade 11,English,"Analyzing global themes in world literature: Diaspora, migration, climate collapse, cultural hybridity, gender identity, digital alienation, and geopolitical conflict",,,,
Grade 11,Filipino,Mga Konseptong Pangwika: Kahulugan at Katangian ng Wika,,,,
Grade 11,Filipino,"Wikang Pambansa, Wikang Opisyal, at Wikang Panturo batay sa Saligang Batas ng 1987",,,,
Grade 11,Filipino,Bilingguwalismo at Multilingguwalismo sa Konteksto ng Pilipinas,,,,
Grade 11,Filipino,Mother Tongue-Based Multilingual Education (MTB-MLE),,,,
Grade 11,Filipino,"Barayti at Baryasyon ng Wika: Dayalek, Sosyolek, Idyolek, Etnolek, Ekolek, Pidgin, Creole, at Rehistro / Jargon",,,,
Grade 11,Filipino,Homogeneous at Heterogeneous na Katangian ng Wika,,,,
Grade 11,Filipino,Lingguwistikong Komunidad: Katangian at Ugnayan ng mga Miyembro,,,,
Grade 11,Filipino,Unang Wika (L1) vs. Ikalawang Wika (L2) at Pangatlong Wika (L3),,,,
Grade 11,Filipino,"Gamit ng Wika sa Lipunan ayon kay M.A.K. Halliday: Instrumental, Regulatoryo, Inter-aksiyonal, Personal, Heneristiko, Representasyonal / Impormatibo, at Imahinatibo",,,,
Grade 11,Filipino,"Gamit ng Wika sa Lipunan ayon kay Roman Jakobson: Emotive, Conative, Phatic, Referential, Metalingual, at Poetic",,,,
Grade 11,Filipino,Kasaysayan ng Wikang Pambansa: Panahon ng Katutubo (Baybayin),,,,
Grade 11,Filipino,Kasaysayan ng Wikang Pambansa: Panahon ng Espanyol (Pagpapalaganap ng Kristiyanismo gamit ang mga Katutubong Wika),,,,
Grade 11,Filipino,Kasaysayan ng Wikang Pambansa: Panahon ng Rebolusyong Pilipino (Tagalog bilang Wika ng Himagsikan at Saligang Batas ng Biak-na-Bato),,,,
Grade 11,Filipino,Kasaysayan ng Wikang Pambansa: Panahon ng Amerikano (Monolingguwalismong Ingles at Komisyong Monroe),,,,
Grade 11,Filipino,"Kasaysayan ng Wikang Pambansa: Panahon ng Komonwelt (Batas Komonwelt Blg. 184, Surian ng Wikang Pambansa, at Pagpili sa Tagalog)",,,,
Grade 11,Filipino,Kasaysayan ng Wikang Pambansa: Panahon ng Hapon (Gintong Panahon ng Tagalog at Ordinansa Militar Blg. 13),,,,
Grade 11,Filipino,"Kasaysayan ng Wikang Pambansa: Panahon ng Pagsasarili hanggang sa Kasalukuyan (Pagpapalit mula Tagalog patungong Pilipino, at Pilipino patungong Filipino sa Saligang Batas ng 1987)",,,,
Grade 11,Filipino,"Sitwasyong Pangwika sa Pilipinas: Sitwasyong Pangwika sa Telebisyon, Radyo, at Pahayagan (Broadsheet at Tabloid)",,,,
Grade 11,Filipino,"Sitwasyong Pangwika sa Pelikula at Kulturang Popular (Hugot Lines, Pick-up Lines, Fliptop / Rap Battle)",,,,
Grade 11,Filipino,"Sitwasyong Pangwika sa Social Media at Internet (Code-switching, Netiquette, Emojis, Acronyms)",,,,
Grade 11,Filipino,"Sitwasyong Pangwika sa Kalakalan, Pamahalaan, Edukasyon, at Iba Pang Larangan",,,,
Grade 11,Filipino,"Kakayahang Komunikatibo ng mga Pilipino: Kakayahang Lingguwistiko / Gramatikal (Ponolohiya, Morpolohiya, Sintaks, Semantika, at Ortograpiyang Pambansa)",,,,
Grade 11,Filipino,"Kakayahang Sosyolingguwistiko: Modelong SPEAKING ni Dell Hymes (Setting, Participants, Ends, Act Sequence, Keys, Instrumentalities, Norms, Genre)",,,,
Grade 11,Filipino,"Kakayahang Pragmatiko at Istratedyik: Speech Acts (Locutionary, Illocutionary, Perlocutionary), Pahiwatig, at Di-berbal na Komunikasyon (Kinesika, Proksemika, Pandama, Paralanguage, Kronemika, Bagay)",,,,
Grade 11,Filipino,"Kakayahang Diskorsal: Kohisyon, Koherens, Pagpapalawak ng Pangungusap, at Organisasyon ng Ideya",,,,
Grade 11,Filipino,Introduksiyon sa Pananaliksik sa Wika at Kulturang Pilipino: Pagpili at Paglilimita ng Paksa,,,,
Grade 11,Filipino,"Pagbuo ng Konseptong Papel sa Wika at Kulturang Pilipino (Rasyonale, Layunin, Metodolohiya, Inaasahang Bunga)",,,,
Grade 11,Filipino,"Pangangalap ng Datos sa Pananaliksik Pangwika: Sarbey, Pakikipanayam, Obserbasyon, at Etnograpiya",,,,
Grade 11,Filipino,Pagsulat ng Pinal na Pananaliksik sa Wika at Kulturang Pilipino,,,,
Grade 11,Filipino,"Kahulugan, Kalikasan, at Katangian ng Pagbasa: Pagbasa bilang Prosesong Kognitibo at Sikolohikal",,,,
Grade 11,Filipino,"Teorya ng Pagbasa: Bottom-Up, Top-Down, Interaktibo, at Iskema (Schema)",,,,
Grade 11,Filipino,"Metakognitibong Pagbasa: Bago Magbasa, Habang Nagbabasa, at Pagkatapos Magbasa",,,,
Grade 11,Filipino,"Antas ng Pagbasa ayon kay Mortimer Adler: Primarya, Mapagsiyasat (Inspectional), Analitikal, at Sintopikal (Comparative)",,,,
Grade 11,Filipino,"Kasanayan sa Mapanuring Pagbasa: Skimming, Scanning, Masinsinang Pagbasa (Intensive), at Malawakang Pagbasa (Extensive)",,,,
Grade 11,Filipino,"Tekstong Impormatibo: Katangian, Elemento (Layunin ng May-akda, Pangunahing Kaisipan, Pantulong na Kaisipan, Estilo ng Pagsulat), at Pagbuo ng Teksto",,,,
Grade 11,Filipino,"Tekstong Deskriptibo: Katangian, Karaniwan / Obhetibong Paglalarawan vs. Masining / Subhetibong Paglalarawan, at Paggamit ng Tayutay at Pandama",,,,
Grade 11,Filipino,"Tekstong Persuweysib: Katangian, Elemento ng Panghihikayat ayon kay Aristotle (Ethos, Pathos, Logos), at Propaganda Devices",,,,
Grade 11,Filipino,"Tekstong Naratibo: Katangian, Elemento (Tauhan, Tagpuan, Banghay, Tunggalian, Punto de Bista: Una, Ikalawa, Ikatlong Panauhan), at Estruktura ng Narasyon",,,,
Grade 11,Filipino,"Tekstong Argumentatibo: Katangian, Elemento (Pangangatwiran, Proposisyon, Argumento, Ebidensya), at Pagkilala sa mga Lihis na Pangangatwiran / Logical Fallacies",,,,
Grade 11,Filipino,"Tekstong Prosidyural: Katangian, Elemento (Layunin, Kagamitan, Hakbang, Ebalwasyon), at Pagsulat ng mga Panuto / Gabay",,,,
Grade 11,Filipino,Pagkakaiba ng Tekstong Argumentatibo at Tekstong Persuweysib,,,,
Grade 11,Filipino,"Pagsusuri at Paghahambing ng Iba't Ibang Uri ng Teksto batay sa Estruktura, Tono, at Gamit",,,,
Grade 11,Filipino,"Kasanayan sa Akademikong Pagsulat: Pagsasalin, Pagbubuod, Pagpaparirala (Paraphrasing), at Pagsipi (Direct Quoting)",,,,
Grade 11,Filipino,Pangangalap at Pagpili ng Mapagkakatiwalaang Sanggunian sa Pagbasa at Pagsulat,,,,
Grade 11,Filipino,Etika sa Pagsulat at Pagbasa: Plagiarism at Karapatang-Ari (Copyright),,,,
Grade 11,Filipino,Pormat ng Dokumentasyon at Pagsipi batay sa APA (American Psychological Association) at MLA (Modern Language Association),,,,
Grade 11,Filipino,"Pagbuo ng Sulating Pananaliksik batay sa Napiling Teksto at Napapanahong Isyu: Pagbabalangkas, Pagsulat ng Burador, Pagwawasto, at Pagrebisa",,,,
Grade 11,Social Studies,"Kahulugan, kalikasan, at saklaw ng Antropolohiya, Sosyolohiya, at Agham Pampolitika",,,,
Grade 11,Social Studies,Ang Sosyolohikal na Imahinasyon (Sociological Imagination) ni C. Wright Mills,,,,
Grade 11,Social Studies,Ebolusyong Biyolohikal at Kultural ng Tao: Hominid patungong Homo sapiens at mga yugto ng teknolohiyang materyal,,,,
Grade 11,Social Studies,"Konsepto ng Kultura: Kahulugan, katangian (natututuhan, ibinabahagi, dynamic, simboliko), at mga elemento (norm, values, paniniwala, wika, simbolo, materyal na bagay)",,,,
Grade 11,Social Studies,Kulturang Materyal vs. Kulturang Di-Materyal,,,,
Grade 11,Social Studies,Etnosentrismo (Ethnocentrism) vs. Relatibismong Kultural (Cultural Relativism) at Ksenosentrismo (Xenocentrism),,,,
Grade 11,Social Studies,Kultura bilang mekanismo ng adaptasyon ng tao sa kapaligiran,,,,
Grade 11,Social Studies,"Sosyalisasyon at Enkulturasyon: Mga ahente ng sosyalisasyon (pamilya, paaralan, barkada/peer group, mass media, relihiyon, pamahalaan)",,,,
Grade 11,Social Studies,Paghubog ng Sarili at Pagkakakilanlan (Identity Formation): Looking-Glass Self ni Charles Horton Cooley at Stages of Self ni George Herbert Mead,,,,
Grade 11,Social Studies,Status (Ascribed vs. Achieved) at Roles (Role Strain vs. Role Conflict),,,,
Grade 11,Social Studies,"Konpormidad (Conformity) at Paglihis (Deviance): Mga teorya ng deviance (Structural Strain Theory ni Merton, Labeling Theory, Social Control Theory)",,,,
Grade 11,Social Studies,Pormal at di-pormal na kontrol panlipunan (Social Control) at mga batas,,,,
Grade 11,Social Studies,"Pang-ekonomiyang Institusyon: Resiprosidad (Reciprocity), Redistsribusyon (Redistribution), Pamilihan (Market Transactions), at Ugnayan ng Estado at Pamilihan",,,,
Grade 11,Social Studies,"Institusyong Di-Pang-estado: Bangko, korporasyon, kooperatiba, trade unions, NGOs, at transnational advocacy groups",,,,
Grade 11,Social Studies,"Institusyong Pampolitika: Awtoridad at Kapangyarihan ayon kay Max Weber (Tradisyonal, Karismatiko, Legal-Rasyonal)",,,,
Grade 11,Social Studies,"Mga Uri ng Sistemang Pampolitika at Organisasyong Sosyopolitikal: Bands, Tribes, Chiefdoms, at States",,,,
Grade 11,Social Studies,"Institusyong Pang-edukasyon: Pormal, di-pormal, at katutubong edukasyon; mga tungkulin ng edukasyon sa lipunan",,,,
Grade 11,Social Studies,"Institusyong Pangrelihiyon: Monoteismo, politeismo, animismo, at mga tungkulin ng relihiyon sa kaayusang panlipunan",,,,
Grade 11,Social Studies,"Stratipikasyong Panlipunan (Social Stratification): Sistemang Caste, Class, at Estate",,,,
Grade 11,Social Studies,Teorya ng Stratipikasyon: Functionalist Perspective vs. Conflict Perspective (Karl Marx),,,,
Grade 11,Social Studies,"Mobilidad Panlipunan (Social Mobility): Pahalang (Horizontal), Pataas/Pababang Vertical, Intergenerational, at Intragenerational Mobility",,,,
Grade 11,Social Studies,"Mga Isyu sa Hindi Pagkakapantay-pantay sa Lipunan: Inequality batay sa Kasarian, Etnisidad, Lahi, Kapansanan, at Katayuang Sosyo-ekonomiko",,,,
Grade 11,Social Studies,"Pagbabagong Panlipunan at Kultural (Social and Cultural Change): Inobasyon, Diffusyon, Asimilasyon, Akulturasyon, at Globalisasyon",,,,
Grade 11,Social Studies,"Mga Hamon sa Pagbabagong Panlipunan: Global warming, migrasyon, bagong teknolohiya, at transnationalism",,,,
Grade 11,Social Studies,"Pagtugon sa mga hamon ng pagbabago: Civic engagement, social movements, at pambansang adbokasiya",,,,
Grade 11,Social Studies,"Konsepto ng Politika, Pamamahala (Governance), at Agham Pampolitika",,,,
Grade 11,Social Studies,"Ugnayan ng Politika, Kapangyarihan, at Estado",,,,
Grade 11,Social Studies,"Mga Pangunahing Ideolohiyang Politikal: Liberalismo, Konserbatismo, Sosyalismo, Komunismo, Pasismo, Anarkismo, at Feminismo",,,,
Grade 11,Social Studies,"Kapangyarihan: Kahulugan, anyo, sukat, at mga salik ng paggamit ng kapangyarihan sa lipunan",,,,
Grade 11,Social Studies,"Konsepto ng Estado vs. Nasyon: Apat na elemento ng estado (Mamamayan, Teritoryo, Pamahalaan, Soberanya)",,,,
Grade 11,Social Studies,Soberanya: Panloob at Panlabas na Soberanya,,,,
Grade 11,Social Studies,"Kasaysayan ng Pamahalaan ng Pilipinas: Pre-kolonyal (Barangay), Kolonyalismong Espanyol, Unang Republika, Amerikano, Komonwelt, Pananakop ng Hapon, at Kasalukuyang Republika",,,,
Grade 11,Social Studies,"Ang Saligang Batas ng 1987 ng Republika ng Pilipinas: Kalikasan, Kahalagahan, at Kasaysayan",,,,
Grade 11,Social Studies,"Ehekutibong Sangay ng Pamahalaan: Kapangyarihan, tungkulin, at estruktura ng Pangulo, Pangalawang Pangulo, at Gabinete",,,,
Grade 11,Social Studies,"Lehislatibong Sangay ng Pamahalaan: Senado at Mababang Kapulungan (House of Representatives), proseso ng paggawa ng batas",,,,
Grade 11,Social Studies,"Hudisyal na Sangay ng Pamahalaan: Korte Suprema, Court of Appeals, Sandiganbayan, Court of Tax Appeals, Regional Trial Courts, at Municipal Trial Courts",,,,
Grade 11,Social Studies,Check and Balances at Paghihiwalay ng Kapangyarihan (Separation of Powers),,,,
Grade 11,Social Studies,"Lokal na Pamahalaan sa Pilipinas: Local Government Code ng 1991 (RA 7160), Desentralisasyon, Deconcentration, at Devolution",,,,
Grade 11,Social Studies,"Mga Antas ng Lokal na Pamahalaan: Lalawigan (Province), Lungsod (City), Bayan (Municipality), at Barangay",,,,
Grade 11,Social Studies,"Proseso ng Halalan at Partidong Politikal sa Pilipinas: Commission on Elections (COMELEC), Party-List System, at Multiparty System",,,,
Grade 11,Social Studies,Civil Society at Social Movements sa Pilipinas: Gampanin ng People's Organizations (POs) at Non-Governmental Organizations (NGOs),,,,
Grade 11,Social Studies,"Pagkamamamayan (Citizenship): Artikulo IV ng Saligang Batas ng 1987, Jus Sanguinis, Jus Soli, at Naturalisasyon",,,,
Grade 11,Social Studies,"Katipunan ng mga Karapatan (Bill of Rights): Artikulo III ng Saligang Batas ng 1987 (Sibil, Politikal, Sosyo-ekonomiko, at Karapatan ng Akusado)",,,,
Grade 11,Social Studies,"Mabuting Pamamahala (Good Governance), Transparansya, Pananagutan (Accountability), at ang Ombudsman",,,,
Grade 11,Social Studies,"Mga Isyu sa Politika ng Pilipinas: Political Dynasties, Patronage Politics, Graft and Corruption, at Electoral Fraud",,,,
Grade 11,Social Studies,"Kahulugan, kalikasan, at saklaw ng Applied Social Sciences at pagkakaiba nito sa Pure Social Sciences",,,,
Grade 11,Social Studies,"Disiplina ng Counseling: Kahulugan, layunin, saklaw, at mga prinsipyo",,,,
Grade 11,Social Studies,"Mga Teorya at Pamamaraan sa Counseling: Psychoanalytic, Behavioral, Cognitive-Behavioral (CBT), at Person-Centered Therapy",,,,
Grade 11,Social Studies,"Mga Tungkulin, Gampanin, at Etikal na Pamantayan ng Counselors (Code of Ethics)",,,,
Grade 11,Social Studies,"Kliyente, Setting, at Proseso ng Counseling sa Paaralan, Komunidad, at Pribadong Sektor",,,,
Grade 11,Social Studies,"Disiplina ng Social Work: Kahulugan, layunin, saklaw, at core values (Service, Social Justice, Dignity and Worth of the Person)",,,,
Grade 11,Social Studies,"Mga Tungkulin, Gampanin, at Responsibilidad ng Social Workers",,,,
Grade 11,Social Studies,"Mga Pamamaraan sa Social Work: Social Casework, Social Group Work, at Community Organization",,,,
Grade 11,Social Studies,"Kliyente, Larangan, at Setting ng Social Work (Child and Family Welfare, Medical Social Work, Disaster Relief, Corrections)",,,,
Grade 11,Social Studies,"Disiplina ng Communication: Kahulugan, layunin, saklaw, at mga elemento ng komunikasyon",,,,
Grade 11,Social Studies,"Mga Tungkulin at Gampanin ng mga Propesyonal sa Komunikasyon (Broadcasters, Journalists, Public Relations, Advertising)",,,,
Grade 11,Social Studies,"Etika at Pananagutan sa Pamamahayag at Mass Media (Freedom of the Press, Libel, Cybercrime Prevention Act)",,,,
Grade 11,Social Studies,"Kliyente, Audience, at Setting ng Komunikasyon sa Mass Media, New Media, Komunidad, at Organisasyon",,,,
Grade 11,Social Studies,"Epekto at Gampanin ng Applied Social Sciences sa Pagbabagong Panlipunan, Structural Integration, Kamalayang Pansarili, at Disaster Risk Reduction",,,,
Grade 12,Science,Mendelian and Non-Mendelian inheritance patterns in plant and animal genetics,,,,
Grade 12,Science,"Structure, replication, and repair of DNA and RNA molecules",,,,
Grade 12,Science,"The Central Dogma of Molecular Biology: Transcription, post-transcriptional modifications, and RNA processing",,,,
Grade 12,Science,"Genetic code, translation mechanisms, and protein synthesis on ribosomes",,,,
Grade 12,Science,Regulation of gene expression in prokaryotes (lac and trp operons) and eukaryotes,,,,
Grade 12,Science,"Recombinant DNA technology, genetic engineering tools (restriction enzymes, ligases, vectors, CRISPR-Cas9), and biotechnology applications",,,,
Grade 12,Science,"Geologic time scale, fossil records, and evidence supporting biological evolution",,,,
Grade 12,Science,"Mechanisms of evolutionary change: Mutation, natural selection, genetic drift (bottleneck and founder effects), gene flow, and non-random mating",,,,
Grade 12,Science,"Hardy-Weinberg Principle, equilibrium equations ($p + q = 1, p^2 + 2pq + q^2 = 1$), and population genetics",,,,
Grade 12,Science,"Speciation mechanisms: Allopatric, sympatric, parapatric speciation, and reproductive isolating barriers",,,,
Grade 12,Science,"Systematics, taxonomy, and constructing phylogenetic trees and cladograms using morphological and molecular data",,,,
Grade 12,Science,"Plant form and physiology: Root, stem, leaf histology, and tissue systems (dermal, ground, vascular)",,,,
Grade 12,Science,Plant transport systems: Xylem water transport (transpiration-cohesion-tension mechanism) and phloem translocation (pressure-flow hypothesis),,,,
Grade 12,Science,"Plant nutrition, gas exchange, and soil nutrient absorption mechanisms",,,,
Grade 12,Science,"Plant hormones (auxins, cytokinins, gibberellins, abscisic acid, ethylene) and tropisms/photoperiodism",,,,
Grade 12,Science,"Animal form and physiology: Epithelial, connective, muscle, and nervous tissue systems",,,,
Grade 12,Science,"Animal nutrition, digestive mechanisms, and energetic processing",,,,
Grade 12,Science,Gas exchange and respiratory adaptations across diverse animal taxa,,,,
Grade 12,Science,"Internal transport, circulatory systems, and blood vascular physiology in animals",,,,
Grade 12,Science,"Excretion, osmoregulation, and the mammalian nephron function",,,,
Grade 12,Science,"Nervous coordination, action potential propagation, synaptic transmission, and sensory reception",,,,
Grade 12,Science,"Endocrine regulation, feedback systems, and hormonal cascades in animals",,,,
Grade 12,Science,Immune systems: Innate immunity vs. adaptive immunity (cell-mediated and humoral responses),,,,
Grade 12,Science,"Animal reproduction, developmental biology, gametogenesis, fertilization, and embryonic cleavage",,,,
Grade 12,Science,Homeostatic mechanisms and thermoregulation in endotherms and ectotherms,,,,
Grade 12,Science,"Intermolecular forces in liquids and solids: London dispersion, dipole-dipole, hydrogen bonding, and ion-dipole interactions",,,,
Grade 12,Science,"Physical properties of liquids: Surface tension, viscosity, vapor pressure, boiling point, and molar heat of vaporization",,,,
Grade 12,Science,"Phase changes, heating curves, and interpretation of single-component phase diagrams (triple point, critical point)",,,,
Grade 12,Science,"Structures and properties of crystalline solids (molecular, ionic, metallic, covalent network) vs. amorphous solids",,,,
Grade 12,Science,"Unit cell geometry, crystal lattices, and Bragg's Law of X-ray diffraction",,,,
Grade 12,Science,"Solution formation: Energetics of solution, enthalpy of solution ($\Delta H_{soln}$), and ""like dissolves like"" rule",,,,
Grade 12,Science,"Units of solution concentration: Molarity ($M$), Molality ($m$), Mole fraction ($X$), Percent by mass/volume, and Parts per million (ppm)",,,,
Grade 12,Science,"Colligative properties of non-electrolyte solutions: Vapor pressure lowering (Raoult's Law), Boiling point elevation ($\Delta T_b = K_b m$), Freezing point depression ($\Delta T_f = K_f m$), and Osmotic pressure ($\Pi = MRT$)",,,,
Grade 12,Science,Colligative properties of electrolyte solutions and the van 't Hoff factor ($i$),,,,
Grade 12,Science,"Chemical kinetics: Reaction rates, instantaneous and average rate determination, and rate laws ($Rate = k[A]^m[B]^n$)",,,,
Grade 12,Science,Determination of reaction orders and rate constants from initial rate method data,,,,
Grade 12,Science,"Integrated rate laws and half-life equations for zero-order, first-order, and second-order reactions",,,,
Grade 12,Science,"Reaction mechanisms: Elementary steps, rate-determining steps, and molecularity",,,,
Grade 12,Science,"Collision theory, Arrhenius equation ($k = Ae^{-E_a/RT}$), activation energy determination, and catalysis",,,,
Grade 12,Science,"Chemical equilibrium: Law of mass action, equilibrium constant expressions ($K_c$ and $K_p$), and reaction quotient ($Q$)",,,,
Grade 12,Science,Calculations involving equilibrium concentrations and ICE tables,,,,
Grade 12,Science,"Le Chatelier's Principle: Effects of concentration, pressure, volume, temperature, and catalysts on chemical equilibrium",,,,
Grade 12,Science,"Acid-base equilibria: Arrhenius, Brønsted-Lowry, and Lewis definitions",,,,
Grade 12,Science,"Autoionization of water, ion-product constant ($K_w$), pH, pOH, and pKw scales",,,,
Grade 12,Science,"Acid and base dissociation constants ($K_a, K_b$), percent ionization, and polyprotic acids",,,,
Grade 12,Science,Acid-base properties of salt solutions (salt hydrolysis),,,,
Grade 12,Science,"Buffer solutions: Composition, buffering capacity, and Henderson-Hasselbalch equation",,,,
Grade 12,Science,"Acid-base titrations, titration curves (strong/weak combinations), and acid-base indicators",,,,
Grade 12,Science,"Solubility equilibria: Solubility product constant ($K_{sp}$), molar solubility, and the common ion effect",,,,
Grade 12,Science,Precipitation reactions and predicting precipitate formation using $Q_{sp}$ vs. $K_{sp}$,,,,
Grade 12,Science,"Chemical thermodynamics: First law review, spontaneous processes, and the Second Law of Thermodynamics",,,,
Grade 12,Science,"Entropy ($S$), positional entropy, standard molar entropy, and calculating $\Delta S^\circ_{rxn}$",,,,
Grade 12,Science,"Gibbs Free Energy ($G$): Calculating $\Delta G^\circ = \Delta H^\circ - T\Delta S^\circ$, spontaneity criteria, and standard free energy of formation",,,,
Grade 12,Science,"Relationship between Gibbs free energy, reaction quotient, and equilibrium constant ($\Delta G = \Delta G^\circ + RT\ln Q$ and $\Delta G^\circ = -RT\ln K$)",,,,
Grade 12,Science,Third Law of Thermodynamics and absolute zero,,,,
Grade 12,Science,Electrochemistry: Oxidation-reduction reactions and balancing redox equations via half-reaction method in acidic and basic media,,,,
Grade 12,Science,"Galvanic / Voltaic cells: Cell notation, standard hydrogen electrode (SHE), and standard reduction potentials ($E^\circ$)",,,,
Grade 12,Science,Calculating standard cell potential ($E^\circ_{cell} = E^\circ_{cathode} - E^\circ_{anode}$) and predicting spontaneity,,,,
Grade 12,Science,Nernst equation ($E_{cell} = E^\circ_{cell} - \frac{RT}{nF}\ln Q$) and concentration cells,,,,
Grade 12,Science,"Relationship between cell potential, free energy change, and equilibrium constant ($\Delta G^\circ = -nFE^\circ_{cell} = -RT\ln K$)",,,,
Grade 12,Science,"Batteries (primary, secondary, fuel cells), corrosion prevention mechanisms, and sacrificial anodes",,,,
Grade 12,Science,"Electrolytic cells: Principles of electrolysis, Faraday's laws of electrolysis, and quantitative stoichiometric electrochemistry",,,,
Grade 12,Science,"Electric charge, conductors, insulators, and charging methods (induction, conduction, polarization)",,,,
Grade 12,Science,Coulomb's Law ($F_e = k\frac{\vert{}q_1 q_2\vert{}}{r^2}$) and superposition of electrostatic forces,,,,
Grade 12,Science,"Electric field ($\vec{E} = \frac{\vec{F}}{q_0}$), electric field lines, and field of point charges and continuous charge distributions",,,,
Grade 12,Science,Electric flux ($\Phi_E = \vec{E} \cdot \vec{A}$) and Gauss's Law ($\oint \vec{E} \cdot d\vec{A} = \frac{Q_{enc}}{\varepsilon_0}$) for symmetric charge distributions,,,,
Grade 12,Science,"Electric potential energy ($U$), electric potential ($V = \frac{U}{q}$), and potential difference ($V = -\int \vec{E} \cdot d\vec{s}$)",,,,
Grade 12,Science,Equipotential surfaces and relationship between electric potential and electric field ($\vec{E} = -\nabla V$),,,,
Grade 12,Science,"Capacitance ($C = \frac{Q}{V}$), parallel-plate capacitors ($C = \frac{\varepsilon_0 A}{d}$), and dielectric materials ($\kappa$)",,,,
Grade 12,Science,"Capacitors in series and parallel circuits, energy stored in capacitors ($U = \frac{1}{2}CV^2$), and energy density",,,,
Grade 12,Science,"Electric current ($I = \frac{dQ}{dt}$), current density, drift velocity, and microscopic model of conduction",,,,
Grade 12,Science,"Resistance, resistivity ($\rho$), temperature dependence of resistivity, and Ohm's Law ($V = IR$)",,,,
Grade 12,Science,"Electromotive force (emf), internal resistance of batteries, and terminal voltage",,,,
Grade 12,Science,"Resistors in series and parallel, and equivalent resistance calculations",,,,
Grade 12,Science,Kirchhoff's Rules: Junction rule ($\Sigma I = 0$) and Loop rule ($\Sigma V = 0$) applied to multi-loop DC circuits,,,,
Grade 12,Science,"RC circuits: Charging and discharging of a capacitor, time constant ($\tau = RC$), and transient currents",,,,
Grade 12,Science,"Magnetic fields ($\vec{B}$), magnetic field lines, and magnetic force on moving charged particles ($\vec{F}_B = q\vec{v} \times \vec{B}$)",,,,
Grade 12,Science,"Motion of charged particles in uniform magnetic fields: Cyclotron motion, mass spectrometers, and velocity selectors",,,,
Grade 12,Science,Magnetic force on a current-carrying conductor ($\vec{F}_B = I\vec{L} \times \vec{B}$) and torque on current loops ($\vec{\tau} = \vec{\mu} \times \vec{B}$),,,,
Grade 12,Science,Biot-Savart Law for calculating magnetic fields produced by current elements,,,,
Grade 12,Science,"Ampère's Law ($\oint \vec{B} \cdot d\vec{s} = \mu_0 I_{enc}$) for long straight wires, solenoids, and toroids",,,,
Grade 12,Science,"Magnetic properties of matter: Diamagnetism, paramagnetism, and ferromagnetism",,,,
Grade 12,Science,"Electromagnetic induction: Magnetic flux ($\Phi_B = \vec{B} \cdot \vec{A}$), Faraday's Law ($\mathcal{E} = -\frac{d\Phi_B}{dt}$), and Lenz's Law",,,,
Grade 12,Science,"Motional electromotive force, eddy currents, and induction generators",,,,
Grade 12,Science,"Self-inductance ($L$), mutual inductance ($M$), RL circuits, and magnetic energy density ($u_B = \frac{B^2}{2\mu_0}$)",,,,
Grade 12,Science,"LC and RLC circuits: Oscillations, resonance frequency, and electrical resonance",,,,
Grade 12,Science,"Alternating current (AC) circuits: Phasor diagrams, capacitive reactance ($X_C$), inductive reactance ($X_L$), impedance ($Z$), and RMS values",,,,
Grade 12,Science,Maxwell's Equations and the displacement current,,,,
Grade 12,Science,"Electromagnetic waves: Speed of light ($c = \frac{1}{\sqrt{\mu_0\varepsilon_0}}$), energy transport, and Poynting vector ($\vec{S}$)",,,,
Grade 12,Science,"Geometric optics: Law of Reflection, refraction at planar and spherical surfaces, and total internal reflection (critical angle)",,,,
Grade 12,Science,"Thin lens equation ($\frac{1}{f} = \frac{1}{d_o} + \frac{1}{d_i}$), mirror equation, and magnification formulas",,,,
Grade 12,Science,"Wave optics: Interference of light waves, Young's double-slit experiment ($d\sin\theta = m\lambda$), and thin-film interference",,,,
Grade 12,Science,"Diffraction: Single-slit diffraction, diffraction gratings, and circular apertures (Rayleigh's criterion for resolution)",,,,
Grade 12,Science,Polarization of light: Malus's Law and Brewster's angle,,,,
Grade 12,Science,"Special Relativity: Postulates of special relativity, Lorentz transformations, relativistic momentum, and relativistic total energy",,,,
Grade 12,Science,"Quantum physics: Blackbody radiation, Planck's quantum hypothesis, and the photoelectric effect ($hf = \Phi + KE_{max}$)",,,,
Grade 12,Science,"Compton scattering, de Broglie wavelength ($\lambda = \frac{h}{p}$), and electron diffraction",,,,
Grade 12,Science,"Atomic models: Bohr model of the hydrogen atom, Rydberg formula, and energy levels",,,,
Grade 12,Science,"Nuclear physics: Nuclear properties (radius, mass, density), binding energy per nucleon, and mass defect ($\Delta m$)",,,,
Grade 12,Science,"Radioactivity: Alpha decay, beta decay ($\beta^-$ and $\beta^+$), gamma decay, decay constant, and half-life kinetics",,,,
Grade 12,Science,"Nuclear reactions: Nuclear fission, nuclear fusion, and radiation dose units/biological hazards",,,,
Grade 12,Science,"Disaster risk reduction core concepts: Hazard, exposure, vulnerability, capacity, and disaster risk formula ($Risk = \frac{Hazard \times Exposure \times Vulnerability}{Capacity}$)",,,,
Grade 12,Science,"Geological hazards analysis: Seismic ground shaking, liquefaction, ground rupture, tsunami generation, and earthquake-induced landslides",,,,
Grade 12,Science,"Volcanic hazard assessment: Pyroclastic density currents, lahar flows, ashfall dispersal, volcanic gas emissions, and volcanic hazard maps",,,,
Grade 12,Science,"Hydrometeorological hazards: Tropical cyclone wind damage, storm surge inundation, flash flooding, and ENSO-driven droughts",,,,
Grade 12,Science,"Fire hazards: Triangle and tetrahedron of fire, classes of fire, fire spread mechanics, and building evacuation protocols",,,,
Grade 12,Science,"Community-Based Disaster Risk Reduction and Management (CBDRRM): Early warning systems, vulnerability capacity assessments (VCA), and contingency planning",,,,
Grade 12,Math,"The limit of a function at a point: Intuitive concept, tables of values, and graphs of functions",,,,
Grade 12,Math,One-sided limits: Left-hand limits ($\lim_{x \to c^-} f(x)$) and right-hand limits ($\lim_{x \to c^+} f(x)$),,,,
Grade 12,Math,"Limit laws and algebraic properties: Limits of constant, identity, sum, difference, product, quotient, power, and root functions",,,,
Grade 12,Math,"Limits of polynomial, rational, and radical functions using direct substitution and algebraic manipulation (factoring and rationalization)",,,,
Grade 12,Math,Limits involving indeterminate forms ($\frac{0}{0}$),,,,
Grade 12,Math,"Limits of trigonometric functions and special trigonometric limits ($\lim_{x \to 0} \frac{\sin x}{x} = 1$, $\lim_{x \to 0} \frac{1 - \cos x}{x} = 0$, $\lim_{x \to 0} \frac{e^x - 1}{x} = 1$)",,,,
Grade 12,Math,Limits at infinity and infinite limits: Vertical asymptotes and horizontal asymptotes of rational functions,,,,
Grade 12,Math,The Squeeze / Sandwich Theorem for limits,,,,
Grade 12,Math,"Continuity of a function at a number: Three conditions of continuity ($f(c)$ is defined, $\lim_{x \to c} f(x)$ exists, $\lim_{x \to c} f(x) = f(c)$)",,,,
Grade 12,Math,"Types of discontinuities: Removable / point discontinuity, jump discontinuity, and essential / infinite discontinuity",,,,
Grade 12,Math,Continuity on open and closed intervals,,,,
Grade 12,Math,The Intermediate Value Theorem (IVT) and Extreme Value Theorem (EVT) for continuous functions,,,,
Grade 12,Math,The tangent line problem and the secant line approximation,,,,
Grade 12,Math,The derivative of a function as the limit of the difference quotient: Definition of derivative ($f'(x) = \lim_{h \to 0} \frac{f(x+h) - f(x)}{h}$),,,,
Grade 12,Math,"Differentiability and continuity: Differentiability implies continuity, non-differentiable points (corners, cusps, vertical tangents, discontinuities)",,,,
Grade 12,Math,"Basic differentiation rules: Constant rule, Power rule, Constant multiple rule, Sum and Difference rules",,,,
Grade 12,Math,Derivative of exponential functions ($e^x$ and $a^x$) and natural/general logarithmic functions ($\ln x$ and $\log_a x$),,,,
Grade 12,Math,"Derivatives of circular / trigonometric functions ($\sin x, \cos x, \tan x, \sec x, \csc x, \cot x$)",,,,
Grade 12,Math,Product Rule and Quotient Rule of differentiation,,,,
Grade 12,Math,The Chain Rule for composite functions ($[f(g(x))]' = f'(g(x))g'(x)$) and the Generalized Power Rule,,,,
Grade 12,Math,"Higher-order derivatives: Second, third, and $n\text{th}$ derivatives ($f''(x), f'''(x), \frac{d^2y}{dx^2}$)",,,,
Grade 12,Math,Implicit differentiation for relations and equations where $y$ is not explicitly expressed in terms of $x$,,,,
Grade 12,Math,"Derivatives of inverse trigonometric functions ($\arcsin x, \arccos x, \arctan x, \text{arcsec } x, \text{arccsc } x, \text{arccot } x$)",,,,
Grade 12,Math,"Logarithmic differentiation for products, quotients, and variable base-exponent functions ($f(x)^{g(x)}$)",,,,
Grade 12,Math,Derivatives of parametrically defined functions ($\frac{dy}{dx} = \frac{dy/dt}{dx/dt}$),,,,
Grade 12,Math,Tangent and normal line equations to curves at given points,,,,
Grade 12,Math,"Rates of change in natural and social sciences: Instantaneous velocity, acceleration, and rectilinear particle motion",,,,
Grade 12,Math,Related rates: Setting up and solving multi-variable rate of change problems with respect to time ($t$),,,,
Grade 12,Math,Rolle’s Theorem and the Mean Value Theorem (MVT) for derivatives,,,,
Grade 12,Math,Critical numbers and Fermat's Theorem on local extrema,,,,
Grade 12,Math,Monotonicity: Increasing and decreasing functions and the First Derivative Test for local extrema,,,,
Grade 12,Math,"Concavity, points of inflection, and the Second Derivative Test for relative extrema",,,,
Grade 12,Math,"Curve sketching using limits, asymptotes, intercepts, symmetry, first derivatives, and second derivatives",,,,
Grade 12,Math,"Optimization problems: Applied maximum and minimum real-world problems (geometry, economics, physics)",,,,
Grade 12,Math,Differentials and linear approximations: Estimating functional values and propagation of errors ($dy = f'(x)dx$),,,,
Grade 12,Math,"L'Hôpital's Rule for evaluating indeterminate forms ($\frac{0}{0}, \frac{\infty}{\infty}, 0 \cdot \infty, \infty - \infty, 0^0, 1^\infty, \infty^0$)",,,,
Grade 12,Math,Antidifferentiation / Indefinite integration: Definition of antiderivative and arbitrary constant of integration ($C$),,,,
Grade 12,Math,"Basic integration formulas: Power rule of integration ($\int x^n dx = \frac{x^{n+1}}{n+1} + C, n \neq -1$), constant multiple, and sum/difference rules",,,,
Grade 12,Math,Integration of exponential functions ($\int e^u du$ and $\int a^u du$) and logarithmic forms ($\int \frac{1}{u} du = \ln\vert{}u\vert{} + C$),,,,
Grade 12,Math,"Integration of trigonometric functions ($\int \sin u du, \int \cos u du, \int \sec^2 u du, \int \sec u \tan u du$)",,,,
Grade 12,Math,"Integration yielding inverse trigonometric functions ($\int \frac{du}{\sqrt{a^2 - u^2}}, \int \frac{du}{a^2 + u^2}$)",,,,
Grade 12,Math,Integration by Substitution ($u$-substitution method),,,,
Grade 12,Math,Separable first-order differential equations and initial value problems,,,,
Grade 12,Math,"Applications of differential equations: Exponential growth, radioactive decay, Newton's Law of Cooling",,,,
Grade 12,Math,"Riemann sums: Left, right, midpoint approximations, and limit of Riemann sums",,,,
Grade 12,Math,The Definite Integral: Definition as the limit of Riemann sums and geometric interpretation as net signed area,,,,
Grade 12,Math,"Properties of the Definite Integral: Linearity, additivity over intervals, and comparison properties",,,,
Grade 12,Math,The Fundamental Theorem of Calculus (FTC) Part 1: Derivative of an integral ($\frac{d}{dx} \int_a^x f(t) dt = f(x)$),,,,
Grade 12,Math,The Fundamental Theorem of Calculus (FTC) Part 2: Evaluation theorem ($\int_a^b f(x) dx = F(b) - F(a)$),,,,
Grade 12,Math,Definite integrals with $u$-substitution and changing limits of integration,,,,
Grade 12,Math,Total area between a curve and the $x$-axis vs. Net signed area,,,,
Grade 12,Math,Area of planar regions between two curves integrated with respect to $x$ or with respect to $y$,,,,
Grade 12,Math,Volumes of solids of revolution: Disk Method (revolution about horizontal and vertical axes),,,,
Grade 12,Math,Volumes of solids of revolution: Washer Method (regions bounded by two curves),,,,
Grade 12,Math,Volumes of solids of revolution: Cylindrical Shell Method,,,,
Grade 12,Math,"Volumes of solids with known cross-sections (squares, rectangles, triangles, semicircles)",,,,
Grade 12,Math,Average value of a continuous function on an interval and the Mean Value Theorem for Integrals,,,,
Grade 12,Math,Integration by Parts ($\int u dv = uv - \int v du$) and tabular integration,,,,
Grade 12,Math,"Trigonometric integrals (powers and products of sine, cosine, secant, and tangent)",,,,
Grade 12,Math,"Trigonometric substitutions ($x = a\sin\theta, x = a\tan\theta, x = a\sec\theta$) for integrand radicals ($\sqrt{a^2 - u^2}, \sqrt{a^2 + u^2}, \sqrt{u^2 - a^2}$)",,,,
Grade 12,Math,Integration of rational functions using Partial Fraction Decomposition (linear and irreducible quadratic factors),,,,
Grade 12,Math,Improper integrals: Infinite integration limits (Type I) and discontinuous integrands (Type II),,,,
Grade 12,Math,"Fractions, Decimals, and Percentages in business computations: Conversions, base-rate-percentage relationships",,,,
Grade 12,Math,"Ratios and Proportions in business operations: Direct, inverse, and partitive proportions",,,,
Grade 12,Math,"Buying and Selling mathematics: Cost price, operating expenses, selling price, markup, markup rate based on cost vs. selling price",,,,
Grade 12,Math,"Markdown, markdown rate, and gross margin",,,,
Grade 12,Math,"Trade discounts: Single trade discount, trade discount series/chain discounts, and net price calculations",,,,
Grade 12,Math,"Cash discounts and credit terms ($2/10, n/30$, EOM, ROG) for early payment",,,,
Grade 12,Math,"Profit and Loss: Gross profit, net profit, operating profit, and break-even analysis (break-even point in units and sales volume)",,,,
Grade 12,Math,"Gross earnings: Hourly rate, daily rate, piece-rate systems, differential piece-rate, straight commission, salary plus commission, and graduated commission",,,,
Grade 12,Math,"Net earnings: Mandatory deductions (SSS, GSIS, PhilHealth, Pag-IBIG contributions, withholding income tax) and non-mandatory deductions",,,,
Grade 12,Math,"Payroll preparation: Overtime pay computation (ordinary days, rest days, special holidays, regular holidays), night shift differential, and 13th-month pay",,,,
Grade 12,Math,"Presentation and analysis of business data: Frequency distributions, categorical charts, time-series graphs, and business report forecasting",,,,
Grade 12,English,"Nature, purpose, and language of Academic Writing: Objectivity, complexity, formality, precision, and hedging",,,,
Grade 12,English,"Structure of academic texts across disciplines: Introduction, Methods, Results, and Discussion (IMRaD format)",,,,
Grade 12,English,"Locating main ideas, thesis statements, and topic sentences in academic texts",,,,
Grade 12,English,"Summarizing, paraphrasing, and précis writing of complex academic and professional sources",,,,
Grade 12,English,Synthesizing multiple academic sources and literature integration,,,,
Grade 12,English,Academic outlining: Alphanumeric and decimal systems (sentence outlines vs. topic outlines),,,,
Grade 12,English,"Critical approaches in evaluating texts: Formalism / Structuralism (intrinsic elements, poetic devices, unity)",,,,
Grade 12,English,"Critical approaches: Feminist / Gender criticism (gender roles, patriarchal structures, representation)",,,,
Grade 12,English,"Critical approaches: Marxist criticism (socioeconomic class struggles, distribution of wealth and power)",,,,
Grade 12,English,Critical approaches: Reader-response criticism (reader interaction and subjective meaning-making),,,,
Grade 12,English,Critical approaches: Historical-Biographical criticism (socio-historical context and author's biography),,,,
Grade 12,English,"Writing an Academic Book Review and Article Critique: Summary, objective critique, and evaluative recommendations",,,,
Grade 12,English,"Concept Paper: Definition, purpose, and structural models for a proposed project vs. academic research",,,,
Grade 12,English,"Writing a Project Concept Paper: Project description, rationale, methodology, budgetary requirements, and timeline",,,,
Grade 12,English,"Writing an Academic Concept Paper: Background of the study, preliminary literature review, and research methodology",,,,
Grade 12,English,"Position Paper: Nature, purpose, and rhetorical strategies in taking an evidence-based stand",,,,
Grade 12,English,"Writing a Position Paper: Issue framing, thesis claims, empirical/statistical evidence, counter-arguments, and rebuttals",,,,
Grade 12,English,"Designing and formulating research instruments: Survey questionnaires (Likert scale, closed/open-ended), interview guides, and observation protocols",,,,
Grade 12,English,"Administering surveys, structured interviews, and systematic observation protocols",,,,
Grade 12,English,Synthesizing survey data and interpreting descriptive statistical tables and charts,,,,
Grade 12,English,"Writing a Survey Report, Field Report, and Scientific Laboratory Report",,,,
Grade 12,English,Academic integrity and citation protocols: In-text citations and reference list formatting using APA 7th edition and MLA 9th edition,,,,
Grade 12,English,"Techniques to prevent intentional, mosaic, and accidental plagiarism",,,,
Grade 12,English,"English for Professional Communication: Principles of professional correspondence, tone, and register",,,,
Grade 12,English,"Resume and Curriculum Vitae (CV) writing: Chronological, functional, and hybrid/combination formats",,,,
Grade 12,English,Writing a formal Letter of Application / Cover Letter matching job specifications and competencies,,,,
Grade 12,English,"Writing business letters: Letters of Inquiry, Order, Complaint, Request, Resignation, and Adjustment",,,,
Grade 12,English,"Writing official business memoranda, circulars, and business email communications with proper digital etiquette",,,,
Grade 12,English,"Writing college admission essays, scholarship application essays, and personal statements",,,,
Grade 12,English,Writing Minutes of the Meeting and formulating structured Meeting Agendas,,,,
Grade 12,English,Writing Project Proposals and Executive Summaries for institutional stakeholders,,,,
Grade 12,English,"21st Century Philippine Literature: Pre-colonial traditions, Spanish, American, Japanese colonial eras, and Martial Law literature",,,,
Grade 12,English,Canonical Filipino authors and National Artists for Literature across regional literary traditions,,,,
Grade 12,English,"Philippine regional literature: Major literary texts, folklore, and oral literature from Luzon, Visayas, and Mindanao",,,,
Grade 12,English,"Emerging 21st-century Philippine literary genres: Graphic novels, Manga, Speculative fiction, Flash fiction / Dagli, Spoken word poetry, Text tula, Hyperpoetry, Blog fiction, Chick lit, Illustrated novels, and Digi-fiction",,,,
Grade 12,English,"Literary adaptation: Translating classic and contemporary texts into multimedia formats (digital storytelling, book trailers, short film scripts)",,,,
Grade 12,English,"21st Century World Literature: Major contemporary authors and literary movements across Asia, Anglo-America, Europe, Latin America, and Africa",,,,
Grade 12,English,"Analyzing global themes in 21st-century world literature: Diaspora, migration, climate crisis, post-colonialism, cultural hybridity, digital alienation, and geopolitical conflicts",,,,
Grade 12,English,Comparative literary analysis: Juxtaposing 21st-century Philippine texts with international literary works,,,,
Grade 12,English,"Nature and characteristics of Inquiry, Investigation, and Immersion",,,,
Grade 12,English,"Formulating research questions, statement of the problem, and significance of the study",,,,
Grade 12,English,"Review of Related Literature (RRL): Literature mapping, thematic synthesis, and ethical sourcing",,,,
Grade 12,English,"Qualitative research methodologies: Phenomenology, Ethnography, Grounded Theory, Case Study, and Narrative Analysis",,,,
Grade 12,English,"Quantitative research methodologies: Experimental, Quasi-experimental, Descriptive, Correlational, and Causal-Comparative designs",,,,
Grade 12,English,"Data collection procedures: In-depth interviews, focus group discussions (FGD), participatory observation, and survey administration",,,,
Grade 12,English,Data analysis techniques: Thematic analysis and coding for qualitative data; Descriptive and inferential statistical analysis for quantitative data,,,,
Grade 12,English,"Interpretation of research findings, drawing logical conclusions, and formulating actionable recommendations",,,,
Grade 12,English,Writing the final research report and research abstract,,,,
Grade 12,English,"Oral defense protocols: Preparing research presentations, responding to panel inquiries, and justifying methodological decisions",,,,
Grade 12,Filipino,"Kahulugan, kalikasan, at katangian ng akademikong pagsulat",,,,
Grade 12,Filipino,Pagkakaiba ng akademikong sulatin sa personal at malikhaing pagsulat,,,,
Grade 12,Filipino,Etika at responsibilidad sa akademikong pagsulat at pag-iwas sa plagiarism,,,,
Grade 12,Filipino,"Abstrak: Kahulugan, layunin, gamit, katangian, at hakbang sa pagsulat ng deskriptibo at impormatibong abstrak",,,,
Grade 12,Filipino,"Sinopsis o Buod: Kahulugan, katangian, at wastong paglalagom ng mga akdang pampanitikan at tekstong naratibo",,,,
Grade 12,Filipino,"Bionote: Kahulugan, layunin, katangian, at pagsulat ng maikling tala ng personal na impormasyon at kredensyal ng awtor",,,,
Grade 12,Filipino,"Memorandum: Kahulugan, layunin, pormat, at pagsulat ng opisyal na paunawa o patakaran sa loob ng organisasyon",,,,
Grade 12,Filipino,"Adyenda: Kahulugan, kahalagahan, elemento, at paghahanda ng talaan ng mga paksang tatalakayin sa pulong",,,,
Grade 12,Filipino,"Katitikan ng Pulong (Minutes of the Meeting): Kahulugan, bahagi, kahalagahan, at pagsulat bago, habang, at pagkatapos ng pulong",,,,
Grade 12,Filipino,"Panukalang Proyekto (Project Proposal): Kahulugan, layunin, bahagi (rasyonale, plano ng dapat gawin, badyet), at pagbuo ng sulatin",,,,
Grade 12,Filipino,"Posisyong Papel: Kahulugan, layunin, katangian, at estruktura ng pagbuo ng matibay na paninindigan gamit ang ebidensya at pangangatwiran",,,,
Grade 12,Filipino,"Replektibong Sanaysay: Kahulugan, katangian, at pagsulat ng mapanuring pagmumuni-muni batay sa sariling karanasan at aral",,,,
Grade 12,Filipino,"Pictorial Essay o Sanaysay ng Larawan: Kahulugan, elemento, estruktura, at pagbuo ng kuwento o mensahe gamit ang serye ng mga larawan at maiikling kapsyon",,,,
Grade 12,Filipino,"Lakbay-Sanaysay (Travelogue): Kahulugan, layunin, elemento, at pagsulat ng sanaysay ukol sa paglalakbay, kultura, at repleksyon sa lugar",,,,
Grade 12,Filipino,"Sulating Teknikal-Bokasyunal: Kahulugan, kalikasan, katangian, at target na mambabasa",,,,
Grade 12,Filipino,"Manwal: Kahulugan, uri (manwal ng gumagamit, serbisyo, operasyon), at pagbuo ng mga panuto at teknikal na deskripsyon",,,,
Grade 12,Filipino,"Liham-Pangnegosyo: Kahulugan, pormat (full block, modified block), bahagi, at uri (liham-kahilingan, liham-aplikasyon, liham-karaingan)",,,,
Grade 12,Filipino,"Flyers, Leaflets, at Promotional Materials: Kahulugan, layunin, disenyo, at pagsulat ng epektibong tekstong pampromosyon",,,,
Grade 12,Filipino,"Feasibility Study: Kahulugan, kahalagahan, at bahagi (paglalarawan ng produkto/serbisyo, pagsusuring pamilihan, teknikal, pinansyal, at rekomendasyon)",,,,
Grade 12,Filipino,"Deskripsyon ng Produkto: Kahulugan, katangian, at pagsulat ng teknikal na detalye at bentahe ng produkto",,,,
Grade 12,Filipino,"Dokumentasyon sa Paggawa ng isang Bagay o Produkto: Hakbang-hakbang na proseso, kagamitan, at pagbuo ng prosidyural na gabay",,,,
Grade 12,Filipino,"Narasyon ng Ulat (Narrative Report): Kahulugan, katangian, at pagsulat ng kronolohikal na tala ng mga kaganapan sa isang gawain o proyekto",,,,
Grade 12,Filipino,"Paunawa, Babala, at Anunsyo: Kahulugan, pagkakaiba, visual cues, at pagbuo ng malinaw na mensaheng pangkaligtasan at pang-impormasyon",,,,
Grade 12,Filipino,"Menu ng Pagkain: Kahulugan, elemento, paglalarawan ng lasa/sangkap, at pagdidisenyo ng menu para sa negosyo",,,,
Grade 12,Filipino,Ortograpiyang Pambansa at wastong gamit ng bantas sa teknikal at akademikong pagsulat,,,,
Grade 12,Filipino,Paglikha at pagdidisenyo ng pinal na portfolio ng mga akademikong sulatin at teknikal-bokasyunal na gawa,,,,
Grade 12,Social Studies,"Kahulugan, kalikasan, at kahalagahan ng Komunidad at Pangkat Panlipunan",,,,
Grade 12,Social Studies,"Mga Pananaw sa Komunidad: Institusyonal, Sibil na Lipunan, Organiko, at Pang-ekonomiya",,,,
Grade 12,Social Studies,"Estruktura ng Komunidad: Sosyo-kultural, Politikal, at Ekonomikong Dimensyon",,,,
Grade 12,Social Studies,"Pangunahing Konsepto sa Pag-aaral ng Komunidad: Kapangyarihan, Pamumuno, Pakikilahok, at Social Capital",,,,
Grade 12,Social Studies,"Tipolohiya ng Komunidad: Rural vs. Urban, Pormal vs. Di-Pormal, at Lokal vs. Global",,,,
Grade 12,Social Studies,"Mga Isyu at Suliraning Kinakaharap ng mga Komunidad sa Pilipinas (Kahirapan, Informal Settlers, Kakulangan sa Serbisyo)",,,,
Grade 12,Social Studies,"Konsepto ng Community Action: Kahulugan, Layunin, at mga Uri ng Aksyong Pangkomunidad",,,,
Grade 12,Social Studies,Pakikilahok ng Mamamayan (Community Engagement) at Pagboboluntaryo (Volunteerism),,,,
Grade 12,Social Studies,Pagkakaisa (Solidarity) at Pagkamamamayan (Citizenship) sa Pagkilos ng Komunidad,,,,
Grade 12,Social Studies,Mga Prinsipyo ng Community Action: Pagkakapantay-pantay ng Kasarian (Gender Equality) at Pagsusulong ng Karapatang Pantao,,,,
Grade 12,Social Studies,Social Justice (Katarungang Panlipunan) at Participatory Development,,,,
Grade 12,Social Studies,Mga Pamamaraan sa Pagsasagawa ng Community Action: Community Profiling at Needs Assessment,,,,
Grade 12,Social Studies,"Pagpaplano, Pagpapatupad, Pagsubaybay (Monitoring), at Pagsusuri (Evaluation) ng Proyektong Pangkomunidad",,,,
Grade 12,Social Studies,"Community Immersion: Etika, Protokol, Pakikipamuhay, at Pagbuo ng Ugnayan sa Komunidad",,,,
Grade 12,Social Studies,Pagtataguyod ng Sustenableng Kaunlaran (Sustainable Development) sa Pamayanan,,,,
Grade 12,Social Studies,"Kalikasan, Kahulugan, at Katangian ng Trends (Pangmatagalang Trend) vs. Fads (Panandaliang Uso)",,,,
Grade 12,Social Studies,"Mga Elemento at Katangian ng isang Trend: Tagal, Saklaw, Epekto, at mga Sanhi",,,,
Grade 12,Social Studies,"Proseso ng Pagsulpot ng Trend: Pagkilala sa mga Pattern, Driver ng Pagbabago, at Enablers",,,,
Grade 12,Social Studies,"Strategic Analysis: Kahulugan, Kahalagahan, at Paggamit ng SWOT at PESTLE Analysis sa Pagdedesisyon",,,,
Grade 12,Social Studies,"Intuitive Thinking: Kahulugan, Katangian, at Pagkakaiba sa Strategic Analysis",,,,
Grade 12,Social Studies,Paghahambing at Paglalapat ng Strategic Analysis at Intuitive Thinking sa Paglutas ng mga Suliranin,,,,
Grade 12,Social Studies,"Global Networks at Ugnayan ng Daigdig: Konsepto, Katangian, at Dimensyon ng Globalisasyon",,,,
Grade 12,Social Studies,"Epekto ng Global Networks sa Paggawa, Migrasyon, Kultura, at Ekonomiya",,,,
Grade 12,Social Studies,"Planetary Networks at Pangangalaga sa Kalikasan: Pagkonsumo, Carbon Footprint, at Climate Change",,,,
Grade 12,Social Studies,Ugnayan ng Tao at Kalikasan: Epekto ng mga Gawain ng Tao sa Global Warming at Pagkasira ng Biosphere,,,,
Grade 12,Social Studies,"Information and Communication Technology (ICT): Kahalagahan, Gampanin, at Epekto sa Sosyopolitikal na Buhay",,,,
Grade 12,Social Studies,"Paggamit ng ICT at Social Media sa Pagbuo ng Social Movements, Mobilisasyon, at Cyber-activism",,,,
Grade 12,Social Studies,"Neural Networks vs. Social Networks: Pagkakatulad, Pagkakaiba, at Ugnayan ng Biyolohikal at Sosyal na Koneksyon",,,,
Grade 12,Social Studies,Demokratikong Pamamahala (Democratic Interventions): Halaga ng Pakikilahok ng Mamamayan sa Pambansang Isyu,,,,
Grade 12,Social Studies,Epekto ng Teknolohiya at Globalisasyon sa Tradisyunal at Katutubong Pamumuhay,,,,
Grade 12,Social Studies,"Kahulugan, Saklaw, at Metodolohiya ng Disiplina ng Kasaysayan (History)",,,,
Grade 12,Social Studies,Kasaysayan ng Daigdig: Sinaunang Panahon hanggang sa Modernong Panahon,,,,
Grade 12,Social Studies,"Kasaysayan ng Asya: Pagkabuo ng mga Imperyo, Relihiyon, at Kolonisasyon sa Asya",,,,
Grade 12,Social Studies,Kasaysayan ng Pilipinas: Pagsusuri sa mga Primarya at Sekundaryang Sanggunian,,,,
Grade 12,Social Studies,Kritisismo sa Kasaysayan: Internal Criticism (Katotohanan at Nilalaman) vs. External Criticism (Kapanaligan at Awtentisidad),,,,
Grade 12,Social Studies,"Pagsusuri sa mga Mahahalagang Dokumento sa Kasaysayan ng Pilipinas (Kartilya ng Katipunan, Deklarasyon ng Kasarinlan, Mga Memoir)",,,,
Grade 12,Social Studies,"Mga Kontrobersiya at Salungat na Pananaw sa Kasaysayan ng Pilipinas (Unang Misa, Sigaw ng Pugad Lawin/Balintawak, Retraction ni Rizal)",,,,
Grade 12,Social Studies,"Kasaysayang Lokal, Kasaysayang Pasalita (Oral History), at Etnokultura",,,,
Grade 12,Social Studies,Introduksyon sa Pilosopiya ng Tao: Pilosopikal na Pagmumuni-muni (Philosophical Reflection),,,,
Grade 12,Social Studies,"Pamamaraan ng Pamimilosopiya: Katotohanan vs. Opinyon, Lohika, at Pagsusuri ng Argumento",,,,
Grade 12,Social Studies,Ang Tao bilang Sumasakatawang-Diwa (Embodied Spirit): Limitasyon at Transendensya,,,,
Grade 12,Social Studies,"Ang Tao sa Kanyang Kapaligiran: Environmental Philosophy, Deep Ecology, Anthropocentrism, at Biocentrism",,,,
Grade 12,Social Studies,"Kalayaan ng Tao: Malayang Kalooban (Free Will), Moral na Pananagutan, at Pagpili",,,,
Grade 12,Social Studies,"Interpersonal na Relasyon: Konsepto ng Inter-subhetibiti (Intersubjectivity), Empatiya, at Pagtanggap sa Iba",,,,
Grade 12,Social Studies,Ang Tao sa Lipunan: Paghubog ng Lipunan sa Tao at Paghubog ng Tao sa Lipunan (Social Contract Theories),,,,
Grade 12,Social Studies,Kamatayan at ang Kahulugan ng Buhay: Pagtanggap sa Pagiging May-Hangganan (Finitude) at Paghahanap ng Saysay,,,,
Grade 12,Social Studies,Konsepto ng Pambansang Seguridad at Kaayusan (National Security and Public Order),,,,
Grade 12,Social Studies,Ugnayang Panlabas at Diplomasya ng Pilipinas sa Asya-Pasipiko at Daigdig,,,,
Grade 12,Social Studies,Teritoryo ng Pilipinas: United Nations Convention on the Law of the Sea (UNCLOS) at West Philippine Sea Issues,,,,
Grade 12,Social Studies,"Pambansang Badyet, Pagsasawata sa Katiwalian, at Transparansya sa Pamahalaan",,,,
Grade 12,Social Studies,Pagsusulong ng Inklusibong Kaunlaran at Pagbawas sa Hindi Pagkakapantay-pantay sa Lipunang Pilipino,,,,